customer_id,default_flag,is_student,balance,income
1,0,0,729.526495207285,44361.6250742668
2,0,1,817.180406555497,12106.1347003149
3,0,0,1073.54916401172,31767.1389473999
4,0,0,529.250604745278,35704.4939350781
5,0,0,785.655882930501,38463.4958787228
6,0,1,919.588530474499,7491.55857182746
7,0,0,825.5133305172,24905.2265775234
8,0,1,808.667504297266,17600.4513435868
9,0,0,1161.05785403132,37468.5292875375
10,0,0,0.0,29275.2682931678
11,0,1,0.0,21871.0730892775
12,0,1,1220.58375300376,13268.5622209261
13,0,0,237.045113977471,28251.6953449631
14,0,0,606.742343302464,44994.5558492173
15,0,0,1112.96840063304,23810.174050036
16,0,0,286.232560139223,45042.4130358855
17,0,0,0.0,50265.3123535985
18,0,1,527.540184074571,17636.5396172936
19,0,0,485.936864171729,61566.106117801
20,0,0,1095.07273528739,26464.631389229
21,0,0,228.952549642572,50500.1821977441
22,0,0,954.261792773545,32457.5090750754
23,0,0,1055.95660472904,51317.8830823874
24,0,0,641.98438884802,30466.1032574813
25,0,0,773.211724534176,34353.3143050038
26,0,0,855.008522525691,25211.3321614539
27,0,0,642.999738515429,41473.5118010186
28,0,0,1454.86327248403,32189.0949523178
29,0,0,615.704276560405,39376.3946187014
30,0,1,1119.56935332864,16556.070205351
31,0,0,494.816228807325,54384.7828361385
32,0,1,448.880656256039,15799.4704097955
33,0,1,584.90489468245,22429.9350462167
34,0,0,913.587172608928,46907.2254028623
35,0,1,1423.93891664088,22634.4880875812
36,0,1,1499.72465655973,13190.6527164102
37,0,0,692.034167065432,47806.6117728963
38,0,0,351.453471523009,35087.4886480858
39,0,0,742.627620785597,37864.8239388951
40,0,0,653.118400123388,39489.5947028612
41,0,0,872.138679538476,41787.5672689011
42,0,0,837.262622754171,51471.7720946377
43,0,0,1151.63056608265,42917.4695636281
44,0,1,220.555608386439,16872.9475557814
45,0,1,1690.234410387,19052.5722246954
46,0,0,408.772914305185,54206.9392120179
47,0,0,1238.61032124112,50066.6805336538
48,0,0,1228.30835035335,37408.5038685075
49,0,0,820.919204146183,47746.5420731016
50,0,0,857.4851177765,31688.3459738919
51,0,0,563.618177182362,42641.253266646
52,0,1,1282.97253359577,13120.6364696026
53,0,1,1505.78267482884,26557.1414458808
54,0,1,904.040259066812,16882.3006056535
55,0,0,0.0,49956.5805719059
56,0,1,1294.4973466731,10464.3207319231
57,0,1,1275.55063272364,15887.4684867773
58,0,0,1536.59460097251,48766.9074575615
59,0,0,1332.52264386694,39143.1370690177
60,0,0,492.07976781541,33379.0946028394
61,0,0,766.234379303893,46478.2942569524
62,0,0,690.127246199993,63432.9842544674
63,0,0,0.0,32481.5400461151
64,0,0,1480.65530926266,36866.1570686847
65,0,0,989.055596975304,45344.2513202647
66,0,0,1302.34183516856,33695.4262332636
67,0,0,1044.55234328471,54696.7659816225
68,0,0,0.0,43658.2277239956
69,0,0,866.02843636799,38363.4216347117
70,0,0,690.800792354134,48140.4713359949
71,0,0,597.757142017061,31577.6151255676
72,0,0,429.485402306276,51311.218101023
73,0,0,1398.15620148325,39644.9421931895
74,0,1,1578.06409853994,19886.4939515168
75,0,0,857.069053134242,26655.6889653754
76,0,1,752.459945958806,16211.2757881826
77,0,1,774.738426963926,15193.7331355249
78,0,0,728.373251302586,45131.7182646909
79,0,0,76.9912905299071,28392.0934122846
80,0,0,196.456913136183,41346.7859132399
81,0,1,948.747918388616,14297.6190485512
82,0,0,431.920885304175,39369.8815631008
83,0,0,461.63818223378,46221.2114948233
84,0,0,572.015760230598,33046.3129575033
85,0,0,335.568144733178,51258.444229962
86,0,0,510.237593156379,60397.7186486947
87,0,1,1005.16130555577,24038.6520433117
88,0,1,162.454451086564,13241.7520600759
89,0,0,932.53315568233,50537.4656484601
90,0,1,893.330467612275,11905.6817925483
91,0,0,1332.78256352571,44495.1627629053
92,0,0,1404.38306945215,35043.1060286742
93,0,1,1148.96513915926,16578.1921184728
94,0,0,368.223425720544,57596.8258431935
95,0,0,449.466628769272,45950.6667238686
96,0,0,820.017112578422,51584.6573183834
97,0,1,619.751868575592,15750.6220834222
98,0,0,1047.71812400961,46416.9709942419
99,0,0,243.841328325759,47193.8881309706
100,0,0,186.500386931494,45430.5502710943
101,0,0,1422.01848757576,38224.0315214971
102,0,0,383.798659005673,61425.286388114
103,0,0,1159.43509608859,45802.1049386908
104,0,0,882.99191255185,17181.7379663818
105,0,0,1463.23289161085,65457.8541875823
106,0,1,1722.35584628314,19311.4229408044
107,0,1,773.921861257734,14558.9121383834
108,0,0,958.169418468988,32816.2847956415
109,0,0,1207.53273014951,68037.5751261777
110,0,0,1056.61083049629,30546.6010343773
111,0,0,117.642483931776,46550.2672705963
112,0,0,596.964119237004,58088.3604512649
113,0,0,0.0,47729.6257581971
114,0,1,541.662755324457,16335.7034406021
115,0,0,1119.17830341805,45020.0191217013
116,0,1,810.320936469835,20498.66581411
117,0,0,271.551437747009,32850.1201448078
118,0,0,1114.40323650427,47714.0221084582
119,0,0,867.030828053564,33540.979984811
120,0,1,1176.78940167719,17632.712103849
121,0,0,610.227818661398,42465.3629640683
122,0,0,272.615661715535,55449.3386406402
123,0,0,449.735085836859,49643.4264416676
124,0,1,827.767209400324,10673.5262253922
125,0,0,430.0000994499,33925.2195976741
126,0,0,0.0,31825.7649719214
127,0,1,1557.34463668228,18404.594189222
128,0,0,928.236966261476,33722.1589415676
129,0,0,1373.45016328928,49101.7982141896
130,0,1,951.072907499984,18601.5332374943
131,0,1,1292.21086850542,23065.850975377
132,0,0,582.188700706555,24760.7957330563
133,0,1,339.424638280912,19307.9802902499
134,0,0,409.982324608765,44641.0901183959
135,0,0,1216.45150955433,53639.8468273843
136,0,0,598.461392123585,44124.2681146435
137,1,1,1486.99812160021,17854.397028073
138,0,0,943.796338713761,59976.8398676444
139,0,0,0.0,49525.7450208494
140,0,1,996.276086766591,20883.2407676237
141,0,1,748.301340361255,11248.6707527348
142,0,0,324.737921782032,15411.5185672942
143,0,1,575.382158489508,16005.6813190057
144,0,0,441.738284926253,36012.2358964553
145,0,0,1188.64217955293,39526.5612652645
146,0,0,95.1476801904054,51371.1999147597
147,0,0,1015.61483748401,43218.7943752429
148,0,0,1258.56739272567,44931.6749177461
149,0,1,1178.24441352845,7750.28922055921
150,0,0,731.532656254407,43956.0600839728
151,0,0,350.088792139871,44455.1995150356
152,0,0,418.848345433836,36901.7833281202
153,0,0,533.229465181373,39393.5424772747
154,0,0,95.2969741283679,32359.3890284286
155,0,1,1453.00593207302,15933.0021109819
156,0,0,352.644414031464,39404.7443664761
157,0,1,736.2389354625,14107.9939653375
158,0,0,1306.4845722752,41224.6250242432
159,0,0,1149.14562717898,45194.7946620784
160,0,0,703.226890721538,57679.2791425179
161,0,1,1360.80043541238,18864.3084886679
162,0,0,31.4450805447328,53287.3503013148
163,0,0,988.214458069385,48570.3634566327
164,0,0,360.019073584362,23927.5466133911
165,0,0,647.483528619273,33226.2775446784
166,0,1,0.0,9816.78943755755
167,0,0,445.241819216304,31974.6245068977
168,0,1,878.54206450104,17496.7414821955
169,0,1,335.834118576172,21759.8702696952
170,0,0,666.608881434336,30438.4688266266
171,0,0,813.876647019864,40737.4597766097
172,0,0,836.300071623191,54607.1787395438
173,0,0,967.482683681779,33055.1102723298
174,1,1,2205.79952114828,14271.4922529759
175,0,1,1258.1852191443,11672.2220033396
176,0,0,1239.80169908455,40107.172210423
177,0,1,0.0,13760.2984556873
178,0,1,927.887732263606,22473.3796109536
179,0,1,1390.03078251892,21299.0992265335
180,0,0,410.497704767953,53471.2136303255
181,0,0,73.0765421846566,30681.7375351467
182,0,0,790.59775924737,45303.1033141261
183,0,0,789.49509698382,32579.9002059473
184,0,0,791.360422078743,46319.2361190853
185,0,0,479.042378990355,37255.8803342804
186,0,0,888.613272550211,28899.7917513636
187,0,0,1284.38636050635,42831.9546193997
188,0,1,712.276351280274,23341.9502302432
189,0,1,1290.6201686492,18408.0490819608
190,0,0,126.362685399056,44280.9297885653
191,0,0,779.37625769565,61158.8851121863
192,0,0,697.490957463777,49476.759599281
193,0,0,606.974613548305,43610.0330173371
194,0,1,1802.90333355739,21411.4239490249
195,0,0,900.085332597498,41276.5631894986
196,0,0,966.280287968092,33440.9792997774
197,0,0,671.061359639164,35689.1118739107
198,0,0,171.559115959855,23505.9927713231
199,0,0,1482.48030006315,45260.6115977848
200,0,0,640.662751732473,46464.5659322761
201,0,1,706.161027541985,18078.3517921729
202,1,1,1774.69422305775,20359.506085567
203,0,0,916.49931692309,25768.4074467213
204,0,0,1271.2708123604,36053.502950306
205,0,0,110.572909811982,47339.1087511931
206,0,0,1747.25888152958,37819.2890860197
207,1,0,1889.59918976303,48956.1715885681
208,0,0,27.2013946505765,21051.84012597
209,0,0,746.229775057391,35159.8502288787
210,1,1,1899.3906258472,20655.2000032624
211,0,1,813.994565525348,20391.5289481712
212,0,0,499.457815094636,38899.1604610095
213,0,0,853.16133166086,36272.451783591
214,0,0,474.727319088287,32064.3351057974
215,0,0,1235.87611345417,35838.7770153587
216,0,0,620.675152595598,44213.7701012619
217,0,0,220.028569764934,37880.0296471596
218,0,1,1304.91429931828,18074.0754152021
219,0,1,1608.15255984335,22358.0467020111
220,0,0,256.471227559815,37657.0559167998
221,0,1,1153.60499815383,19224.9752298418
222,0,0,771.895874508519,31170.0852836766
223,0,1,1099.63042217728,17064.0428279583
224,0,0,782.883029663905,40357.1334266018
225,0,0,444.264906175272,35924.3387929274
226,0,0,504.028378738029,24780.9612369205
227,0,0,1762.50340198815,42124.6600673934
228,0,1,850.09611659646,18618.9879075018
229,0,0,1412.23872130317,40785.0597694211
230,0,0,715.496829588669,47482.5653767304
231,0,0,1363.52859942132,55713.0416079128
232,0,0,493.241889799386,42495.2030840662
233,0,0,1354.75253720357,33375.1316903777
234,0,1,571.293911015155,15416.2693546857
235,0,0,956.15135218345,44086.7077342313
236,0,0,964.82025298538,34390.7460350566
237,0,0,552.634366024657,50513.1642384347
238,0,0,338.266201647092,37767.2398628929
239,0,0,709.123351356215,44041.6300941084
240,0,0,978.978200410458,57839.0537343736
241,0,0,371.010127817542,15702.7070830358
242,1,1,1572.85648082363,14930.1783306832
243,0,0,0.0,40150.2179810589
244,1,0,1964.47687225275,39054.5891443138
245,0,0,548.037783442487,33605.6494686572
246,0,0,1257.05522168594,34045.0088247242
247,0,0,1189.91805697419,38016.8939028578
248,0,0,687.683759014873,39373.5797462414
249,0,0,845.698965838533,39899.5126808393
250,0,1,957.68483377014,19676.3456491722
251,0,0,233.51684626705,43326.105379399
252,0,1,1126.94874392123,14298.2645686728
253,0,1,488.855176548209,15159.4948475336
254,0,0,767.903559780495,44323.5796638006
255,0,0,561.925799124395,31388.5056454162
256,0,1,1092.27001277246,17454.6018395308
257,0,0,71.7886830035823,31965.7447145835
258,0,1,1839.14368196221,13625.3979303665
259,0,1,876.000777906745,22474.5740898236
260,0,0,554.107811535591,30357.0259771625
261,0,0,891.317898050276,43945.0416541408
262,0,0,464.836333095801,27324.8996870728
263,0,1,563.542661100162,24082.039344103
264,1,0,1530.35315714612,30003.8171511158
265,0,0,990.567026186294,41690.2526225588
266,0,0,590.399786498762,42769.2038801219
267,0,1,715.164109574278,21153.5110081715
268,0,0,1540.37772667771,41852.0784358238
269,0,0,1243.32651840828,41639.6803816334
270,0,1,235.328499908875,20909.7047538096
271,0,0,528.254323170426,49394.3407745259
272,0,0,592.25389562288,30731.201603129
273,0,0,705.204971986239,42683.187243286
274,0,0,456.515643990607,48195.7758370753
275,0,1,470.717574652806,18052.1049990983
276,0,1,1503.07512985524,10600.4135403234
277,0,0,1362.96559540382,44217.916035229
278,0,0,908.771573687939,45032.8459851152
279,0,1,1096.82027214514,16148.0600066063
280,0,0,369.221942475652,47835.0910453141
281,0,0,673.399899046348,50256.2902118721
282,0,0,1038.50000752152,51173.1413763773
283,0,0,0.0,28762.9237797484
284,0,0,527.194086573308,32431.1182596038
285,0,0,817.469336816104,32974.4273524306
286,0,1,1549.04275451742,19702.2932058259
287,0,1,566.71378935163,11853.9531668181
288,0,0,1496.0564648759,24935.9187420961
289,0,0,862.65665641665,42844.8340023417
290,0,0,1259.14941789256,31263.641081672
291,0,0,1025.03883303162,43510.0496378575
292,0,1,703.277787102737,14793.7426766893
293,0,1,1082.39149734588,15175.3612149215
294,0,0,910.449023533627,44054.9164232695
295,0,1,996.543862160795,16995.660404948
296,0,0,353.778226008973,58514.3180764771
297,0,1,782.71082750063,13300.2974683438
298,0,0,1716.59541824423,51056.8682867977
299,0,1,502.898638357521,15153.9657626449
300,0,0,1033.46846850523,59203.967663027
301,0,0,0.0,34925.3654101007
302,0,1,1087.08349936833,19263.7695817023
303,0,0,1047.24424881393,43899.7592451193
304,0,0,1056.9273525241,38367.8679465264
305,0,1,979.224424632861,26010.8878031666
306,0,1,847.818706253068,15978.6336256509
307,0,0,781.77128476306,50958.7905135707
308,0,1,402.488886825952,15904.0559208087
309,0,0,204.740181714577,17534.2905392742
310,0,1,2022.67464324227,18336.7431684499
311,0,0,748.937063784024,44186.6177602637
312,0,0,838.275687752419,35917.4906102388
313,0,0,386.016049290846,44694.0309570293
314,0,0,812.399296525647,49623.1009820913
315,0,1,1809.92656439359,6985.13594539539
316,0,0,0.0,30360.5489438194
317,0,1,1328.18380411907,24688.4737209336
318,0,1,1464.93604882699,26716.6863746825
319,0,0,1200.56513764738,39718.6926569602
320,0,0,989.686419964428,27856.5770606695
321,0,0,870.734579925775,35539.2702158304
322,0,1,1200.84739001594,19849.8314129485
323,0,1,1428.83204736141,23204.6814610385
324,0,0,0.0,33951.2887259243
325,0,1,359.458866537597,21783.2694913357
326,0,0,265.683949786654,40862.7540056256
327,0,0,1027.77053169201,44406.83691434
328,0,0,729.047433497618,35042.1329969977
329,0,0,1042.80491991389,25867.1477168844
330,0,0,230.230587898767,37875.614823143
331,0,0,367.466012183201,30611.2722706896
332,0,1,737.70535394131,20863.7996686998
333,0,0,18.2612853635445,30349.460422935
334,0,0,1257.76020889191,30834.7713682736
335,0,0,455.521513206303,40907.3983537652
336,0,0,56.9675603504705,35458.4815614206
337,0,1,723.931985299722,12213.0371368411
338,0,0,612.383157677442,41379.7678082606
339,0,1,1220.1776056907,15308.1270712606
340,0,0,1222.34769171407,32363.3710505846
341,0,0,1165.49113814695,47684.2194497488
342,1,0,1642.81999663825,46856.947039092
343,0,0,944.173560017781,56088.6837995041
344,0,0,749.608003900673,41423.9411731786
345,0,0,370.375186777666,31231.0078371514
346,1,0,1991.64912011299,42133.3731759574
347,0,0,773.915226576855,44562.3381169342
348,0,1,817.249811262394,20480.8870560599
349,0,0,1060.71621967665,50260.4643659168
350,1,0,1550.44926441314,56273.5136083638
351,0,1,454.466962212936,15092.439307714
352,0,1,1256.23932541513,17784.5589437522
353,0,0,1484.39539297523,36731.3086949029
354,0,1,1050.47732793251,12661.6116309911
355,0,0,986.40061892638,45430.4722089423
356,0,0,717.341926951688,44266.3765401792
357,0,0,692.143222681581,47038.0903196941
358,1,0,1328.89272521776,34710.0623657106
359,0,0,673.468191056081,32930.0693612803
360,0,0,218.639297043087,48991.3953793342
361,0,0,1218.16696582373,43954.2774856975
362,0,1,13.5168025503509,19322.5450270524
363,0,1,531.478699850065,21726.558972624
364,0,0,165.538151695229,33436.4557377411
365,0,1,1351.84972233302,25890.5039884998
366,0,0,107.282083049616,54143.9627498165
367,0,0,947.193571380436,35604.1171927809
368,0,1,434.560259226124,14812.6452403766
369,0,0,1020.06724048864,37458.8792492481
370,0,0,662.305318022324,31597.8976165624
371,0,1,754.420612920964,20767.6830202615
372,0,0,289.489575693364,44412.8951033073
373,0,0,198.0384092297,36270.9381202213
374,0,1,516.060491676575,16615.0219627606
375,0,0,697.56380898979,41755.3981466578
376,0,1,502.324783467778,16947.4229346552
377,0,1,1459.68708304515,15575.4192333779
378,0,0,716.998722689294,34418.260222849
379,0,1,1037.97270501781,18324.0300568904
380,0,0,673.016117196098,29735.9615970911
381,0,0,371.921784701251,41099.7724418193
382,0,0,89.1349579572228,55604.6075315396
383,0,0,1273.28018105912,40895.2827703241
384,0,0,600.723302967373,18680.516769028
385,0,0,905.038164636789,40711.7988982471
386,0,0,1061.44156214447,54437.0103173026
387,0,0,1672.63924830476,46334.7877633441
388,0,1,883.702645600324,19750.0940028725
389,0,0,373.780330004006,53936.2417769944
390,0,0,1287.79518693788,52382.6647043692
391,0,0,1229.74257147895,48739.9273906526
392,0,1,510.613846954321,22457.0517475137
393,0,0,775.630168716812,27205.8573938823
394,0,0,1152.98288688656,50206.5769341591
395,0,1,1303.66258970167,7986.00033583452
396,0,0,1675.27885173206,28244.5034750867
397,0,0,398.277733044632,30001.7950602905
398,0,1,739.901759396797,25023.8738564122
399,0,0,226.417696514022,32018.7136305149
400,0,0,1217.32171213418,25173.6196080491
401,0,0,639.820558249208,29902.0019867792
402,0,1,883.166976880326,12717.4922312991
403,0,0,2.28761095299739,38186.5242727914
404,0,0,419.637347665868,55967.9931672652
405,0,1,1544.14024986831,11102.5347437308
406,0,0,1101.01501795199,32153.0135926701
407,1,0,1700.59991348658,30488.9834104565
408,0,0,311.82458686811,48301.0596601045
409,0,0,442.830222252675,55074.1308290001
410,0,0,728.814960061209,17909.5810715927
411,0,0,278.877902520136,37188.6683650846
412,0,0,758.70232753449,36625.9895523394
413,0,0,620.339679439371,22803.7410338396
414,0,1,1890.16741147529,18402.4648845955
415,0,0,0.0,28951.4518951571
416,0,1,1329.19884221594,23184.0155485335
417,0,0,1075.86377237475,44128.6282564036
418,0,0,618.527509222818,54956.990544662
419,0,0,1111.0865758202,27466.8936820065
420,0,0,864.039743518541,45881.9302056307
421,0,0,895.229809614618,48512.4556411758
422,0,1,954.030433688607,21908.5271562435
423,0,0,947.634932740896,46813.5163080957
424,0,0,267.303727744013,23117.9286733782
425,0,1,1366.8057832287,23913.2088013082
426,0,0,624.731883509282,38325.1737553638
427,0,0,13.6793826696799,25221.6376687792
428,0,0,785.866485650098,44778.0157756766
429,0,1,1353.09384569504,18933.4961949701
430,0,0,480.321263914829,25553.2628515188
431,0,0,0.0,29507.3132469217
432,0,1,1221.97124290594,17916.8560894887
433,0,1,1184.93652302344,25108.7567118129
434,0,1,478.572055604815,27512.3448997583
435,0,0,221.690461893355,34786.1013515581
436,0,0,578.387621687668,41054.1386619276
437,0,1,1361.45843240671,19576.9571319919
438,0,1,977.848095602786,19731.9609897188
439,0,0,1184.42524488153,36887.4399668549
440,1,1,1118.70103943078,21848.4429000062
441,1,0,1119.09724476071,37224.5678135129
442,0,0,776.349979307366,31329.4848506224
443,0,0,1322.29709108435,51792.4023687088
444,0,0,878.026457591946,27438.585115052
445,0,0,1268.37951467726,16921.1808790391
446,0,0,0.0,32611.3730692624
447,0,0,0.0,37262.5740938171
448,0,1,366.786957314063,25833.0630989749
449,0,0,747.561036377874,39898.7690858911
450,0,0,1787.28514372599,37499.0935479676
451,0,1,1929.44698025845,14995.4921684901
452,0,0,987.14289095702,27961.3196085338
453,0,1,856.357368420521,20758.2146891724
454,0,0,1101.14970709404,18153.8443165945
455,0,0,704.184519980701,31515.9816788054
456,0,0,555.623436676052,40837.7316360848
457,0,0,1073.49826059843,44764.1105476201
458,0,0,1126.2230230127,32842.6523719602
459,0,1,649.773318564213,15708.2963812027
460,0,0,977.657620997298,43743.4967298485
461,0,0,1049.88996420612,42637.5110638278
462,0,1,1383.5663330639,15764.3458759269
463,0,1,1095.46573957961,14065.1675680038
464,0,0,1089.3717909992,30224.5961304621
465,0,0,605.220968306143,21792.3215199716
466,0,0,1033.88539901664,49262.0453292257
467,0,0,1604.72055375478,38186.9850695392
468,0,0,826.327025939312,24679.7150440519
469,0,1,1176.14682328504,16670.6807862767
470,0,1,1275.02319938736,19937.0980337404
471,0,1,1290.28314005643,23538.9441422912
472,0,0,1133.47419931932,51414.4959558752
473,0,0,837.412566855277,37400.4928845624
474,0,1,379.082166688414,18280.3670338005
475,0,1,1134.16627849802,12453.3635924033
476,0,0,0.0,39120.0847898987
477,0,0,1491.17480280473,59394.3830781267
478,0,1,1695.35958565633,9582.94189712211
479,0,0,705.573327638719,54589.2398684094
480,0,0,239.193366265676,33743.2265524885
481,0,1,1183.71064142778,12428.6145139245
482,0,0,898.761838912064,38267.0815784099
483,0,1,1524.29040044933,11719.5934790985
484,0,0,777.023737418037,35115.0185512798
485,0,0,1394.79581919527,26074.9343643672
486,0,1,0.0,20476.1557245306
487,0,0,62.5715751601826,47946.7670938154
488,1,0,1981.45181538435,28127.8954733126
489,0,0,514.054034777825,50053.2619258009
490,0,0,722.788038958828,53714.186065152
491,0,0,152.866304156592,33716.8640608
492,0,0,293.184772853638,35390.2875967121
493,0,0,0.0,38613.6204965307
494,0,1,645.36685722913,17878.3643114477
495,0,1,1515.15283305044,26046.7720831096
496,0,1,767.439505481761,18846.4892212337
497,0,1,491.879747053414,21715.226298099
498,0,0,0.0,41389.4352722327
499,0,0,0.0,34589.4880601878
500,0,0,509.155164105994,40132.6592071942
501,0,1,965.587370085485,16440.0996975194
502,0,1,1868.54007230747,20489.5981077626
503,0,0,403.497205804189,41803.7781625718
504,0,0,593.143625068759,37670.9350241924
505,0,0,0.0,44547.8655465918
506,0,0,742.29001588445,39367.1933081303
507,0,1,1110.10045653191,13013.6105672136
508,0,0,771.551295297819,49440.4012944685
509,0,0,624.338891497583,42492.7530686958
510,0,1,499.957229779348,22884.9525653222
511,0,0,1088.63752037343,60650.0361323175
512,0,0,1556.49192796768,49669.6688731681
513,0,1,797.084335731408,23558.6830823662
514,0,0,415.992502597859,38215.6780429902
515,0,1,538.232681166002,26833.0396297828
516,0,1,1181.93470239962,21086.0820079429
517,0,1,836.020688627074,9271.78992423106
518,0,0,104.443215077791,46928.0054911712
519,0,0,564.209478577944,53196.6230194221
520,0,1,804.539402154679,25091.4607662506
521,0,0,1028.95364023326,21218.3035199452
522,0,0,748.746583667659,8983.85690177193
523,0,0,66.6320807349911,28735.9741149412
524,0,0,452.802228898257,48034.2377125974
525,0,1,798.460510113666,27724.0657528508
526,0,1,1941.90292814167,23467.1269660939
527,0,0,1446.10101191514,22996.4323020653
528,0,0,761.064098290518,61580.034125346
529,0,0,1350.17272835748,43147.4555837922
530,0,0,380.950200559961,36943.3619940607
531,0,1,1602.84960709395,15906.4667974389
532,0,0,147.61011548848,37588.5626099251
533,0,0,0.0,36283.0801271053
534,0,1,733.072512376335,18818.1673820964
535,0,1,1082.74797626804,26096.3370339348
536,0,0,779.657300310476,40804.4757033745
537,0,0,994.158712170624,65254.0757961504
538,0,0,769.181374128885,50070.7815461683
539,0,1,684.098519096227,4985.16911336449
540,0,0,442.563301694319,27898.4653945517
541,1,0,1717.07159258607,38408.8909167268
542,0,0,0.0,36302.5284371559
543,0,0,1092.34586485397,44717.0125770421
544,0,0,497.33495411576,35146.7987733695
545,0,1,1149.68065499451,16907.70074413
546,1,0,1465.21016364327,58699.9831975197
547,0,0,565.317604157056,41789.6110016584
548,0,1,922.137890502438,12224.1851701983
549,0,1,175.599380604839,11510.0578678314
550,0,0,1024.94681888113,49675.5604190352
551,0,0,596.885432303658,54091.6247597359
552,0,0,750.410484208865,53084.9074806631
553,0,1,790.870027432839,14183.9700258002
554,0,0,112.32787249754,42386.0485550432
555,0,1,738.394487315734,16093.2845506875
556,0,0,1157.85556068872,54419.8085690597
557,0,0,1213.24314925522,45149.516318112
558,0,0,1339.6262041855,41656.0028929824
559,0,0,588.312430203571,56520.9625106958
560,0,0,721.808132499821,56375.7219879443
561,0,0,680.820718973428,43843.4741174493
562,0,1,815.406570873486,12071.7624998357
563,0,0,1042.50711204106,37170.1090492838
564,0,1,663.249868122171,20454.6165493286
565,0,1,1478.61854506444,18026.4710989649
566,0,0,337.756753994277,33655.5724347315
567,0,1,1273.55071961651,23126.6361991141
568,0,0,114.179725877987,49562.989265344
569,0,0,0.0,52295.6009297642
570,0,1,1516.31768923234,26377.5934939198
571,0,1,898.114673108612,24164.7511007408
572,0,0,790.590582117334,48219.5944665748
573,0,0,0.0,29072.7214938038
574,0,0,1273.24483033059,49136.4741958684
575,0,0,1279.2004483305,36063.114108959
576,0,1,732.719380888971,14568.7474096201
577,1,0,1763.57908789461,46227.0745421357
578,0,1,1280.41844842492,16310.9055269132
579,0,0,1529.93799536515,36912.8973015701
580,0,1,345.467636476389,18251.4945592885
581,0,0,197.989403751685,33723.9857591642
582,1,1,1770.96944052648,15975.5371965118
583,0,1,639.371943541069,17037.054799848
584,0,0,238.814643857071,23526.7109062151
585,0,0,390.555843076737,45338.357214774
586,0,1,830.171511106981,19476.5875790803
587,0,1,1378.8760756438,21613.578470166
588,0,0,242.403449315825,37364.4230927587
589,0,0,1236.54749355223,36211.4903618167
590,0,0,1063.77493669311,34914.2752545523
591,0,0,126.923178973913,33819.1433220656
592,0,0,758.46550126161,38018.1456896636
593,0,0,908.931458644613,68758.8783988945
594,0,0,558.518342410987,46297.4254108935
595,0,0,1819.24233339211,36969.5525152007
596,0,1,1110.68174400549,19327.5750379268
597,0,0,723.243374669993,43459.0118542977
598,0,0,972.031864031495,18510.9460331979
599,0,0,696.014430649643,40741.4202403334
600,0,1,1178.24890887526,29362.604609009
601,0,1,329.558510877062,19371.8120916882
602,0,1,792.529238472826,14546.3017677099
603,0,0,1246.03775769599,33691.7213091022
604,0,0,591.760776481539,41670.257382541
605,0,0,244.081138800791,24854.2498236435
606,0,0,1038.54836006038,49944.8651506496
607,0,0,679.074586796152,49488.5639815128
608,0,0,1061.415836002,40585.2216446978
609,0,1,1268.2406909193,11914.5782684287
610,0,1,955.533685819795,14736.7208791128
611,0,0,1115.82062964092,27882.8092643981
612,0,1,601.163260610188,22029.1935171555
613,0,0,1097.6000389451,52286.4318229537
614,0,0,1042.78307264667,45982.9663185286
615,0,1,1321.44305286527,8624.1106887428
616,0,0,1052.39326016205,37637.6593074495
617,0,0,687.951701062433,27604.0792714302
618,0,1,566.460512626349,24828.2659835651
619,0,0,769.414224037937,35071.1665353159
620,0,0,955.135342103199,26372.9858152949
621,0,0,643.409526464765,28660.1401685022
622,0,0,0.0,42745.3020131405
623,0,0,437.636062596234,45384.0474502375
624,0,0,1278.86564161404,34673.1709932026
625,0,0,1639.39057196627,30624.7759284918
626,0,0,891.643737265774,36470.8283401861
627,0,1,316.459048313239,18813.9402088352
628,0,0,622.929507387178,48874.555768046
629,0,0,107.277526758955,42287.3028620524
630,0,1,990.543215773955,12398.4906038394
631,0,0,0.0,45659.9957026184
632,0,0,0.0,33119.9553306198
633,0,0,591.21848728877,35287.8245843759
634,0,1,928.060078265644,21121.8448328185
635,0,0,304.599223898782,40785.9891775391
636,0,0,235.939497686815,31336.5101185977
637,0,1,1108.05351768099,10853.2309395984
638,0,0,687.306396976995,24563.7576757258
639,0,0,60.1860361263316,39864.8635503901
640,0,0,0.0,34648.9725974223
641,0,0,272.893257145115,58730.5728615017
642,1,0,1531.71645931977,43930.4000955678
643,0,0,949.608648513313,47702.5737457984
644,0,0,561.916178455117,35080.5792438221
645,0,0,468.132522196994,25231.3462344957
646,0,1,993.108169991846,12215.9468218065
647,0,0,0.0,31314.6950884231
648,0,1,759.478369178202,12710.7209232412
649,0,0,1340.78720929652,36440.2283216227
650,0,1,1521.46339550224,15210.4740694568
651,0,0,133.743344349705,30457.0163661003
652,1,0,780.172569171512,51656.8740637741
653,0,0,839.915458349588,22884.793017069
654,0,0,913.505872937903,36670.854223035
655,0,0,924.881441457043,35712.6379057533
656,0,0,1197.83150461166,54652.3092984373
657,0,0,49.2096658960132,30451.1528587659
658,0,0,970.716096585793,48387.6486173419
659,0,0,783.057400540258,54082.4240845222
660,0,1,465.062888613853,20379.0620895269
661,0,0,0.0,39337.7499765406
662,0,1,732.264267594483,21986.0454536505
663,0,0,576.091261344071,37679.6985892523
664,0,1,588.991056252215,16309.8754485616
665,0,0,863.140717831164,43779.4778545984
666,0,0,857.57573397388,49675.3703182707
667,0,0,361.501731061125,33674.8902393376
668,0,0,891.155427066673,36023.0850073461
669,0,0,918.122205965446,44738.5560304555
670,0,0,1335.02801828106,21150.8559447405
671,0,0,421.400843425129,39873.5217445341
672,0,1,743.636144477128,18883.9715059267
673,0,0,773.74037246344,41872.4947626064
674,0,0,731.3934721696,45251.8819209678
675,0,0,964.188922685005,36330.3945986057
676,0,1,350.015184264178,17657.1726575117
677,0,0,1206.66136205448,37125.5913512782
678,0,0,1051.94757326738,52888.1850963327
679,0,0,454.760370677831,45572.172484486
680,0,0,932.665307535503,42758.6007035183
681,0,0,535.745846468796,36259.46375529
682,0,0,241.80525216874,41186.1828072135
683,0,0,1026.50670980238,42042.1679417362
684,0,1,187.679885571478,18278.8339671339
685,0,0,197.538321479142,58646.9278047097
686,0,0,585.70808825936,43288.4003826894
687,0,1,1947.02240116176,12147.0464091644
688,0,0,829.547597492268,39717.5376088077
689,0,0,196.9384595398,35488.4488835875
690,0,0,591.863619018556,31438.7760126707
691,0,0,0.0,39742.1054579553
692,0,1,1008.29161867618,11939.2952561453
693,0,1,1052.22747774062,17410.7515925869
694,0,0,331.680526736089,49756.1710110556
695,0,0,913.107203974466,29414.6521751635
696,0,1,561.391612168585,21747.263175934
697,0,0,246.955462978737,47692.8942495176
698,0,0,578.978610085741,46304.7174762039
699,0,0,557.808777128319,62352.8460745642
700,0,1,788.251751590529,10418.182857439
701,0,0,1060.80742927021,39174.0563607053
702,0,1,1247.90702871089,19816.720143272
703,0,0,1184.3607232523,34259.990198623
704,0,0,1024.57823828863,33071.5499188853
705,0,0,1080.29165556775,43367.8995668736
706,0,0,540.279044842846,26267.1563495094
707,0,0,1448.83546537495,33835.7362563616
708,0,1,561.194035284009,27421.1112560911
709,0,0,1191.48030658909,30040.5721479463
710,0,0,565.138987531876,38202.5839366836
711,0,0,482.98219522045,35845.1928315059
712,0,0,950.350093348716,37486.2495546275
713,0,1,350.702913455224,21235.3604161989
714,1,1,1551.02346886054,19027.5086325601
715,0,0,981.596275086755,37747.9133548875
716,0,0,1442.12980525116,10921.6150280098
717,0,0,1060.33586008787,56607.253973199
718,0,0,1154.89079229674,61794.3463333657
719,0,1,544.139769261478,20056.8285438979
720,0,0,1137.17545422725,27588.9333054471
721,0,0,414.084049490222,47811.4189244221
722,0,1,436.008314418274,17504.44777329
723,0,0,987.814799701723,25809.9802798682
724,0,0,679.391841765469,46603.5464098654
725,0,0,1377.77200718576,51633.3295508759
726,0,0,856.811960459733,32437.1318348944
727,0,0,1036.67683328588,44923.8027469325
728,0,0,0.0,46826.8044671654
729,0,0,961.472070662985,51936.7598875076
730,0,0,275.98809126014,35622.829451765
731,0,0,426.693542099739,30769.3447724703
732,0,0,290.251908152609,46214.159234202
733,0,0,934.969703457723,42325.7499854437
734,0,1,668.991155587468,26342.0484612914
735,0,1,2004.72756830999,27136.5379770061
736,0,0,1312.86572975147,29938.2594627798
737,0,1,662.273556493038,15092.0510234017
738,0,0,524.639805989353,36120.8922605785
739,0,1,1212.58956759786,21058.3486627818
740,0,0,961.31576935198,30290.8065048842
741,1,1,1504.29017813786,13965.1860445333
742,0,1,613.656318023126,25040.4884531577
743,0,1,1233.34360465672,13402.073285041
744,0,0,1221.38595934501,36961.3151242225
745,0,0,1217.05680668465,46256.7804872944
746,0,0,628.75769844374,43205.1752975326
747,0,1,819.097316108521,15957.943640549
748,0,1,843.493455075408,12710.0257138997
749,0,0,1173.55981500253,29141.3657347634
750,0,1,1195.59028306581,13329.5964048166
751,0,0,1202.88312357915,12288.127075016
752,0,0,24.8718234850631,29316.9703343847
753,0,0,853.241421584688,29484.0523801776
754,0,0,398.775705283567,40223.9098079387
755,0,1,1521.17239555468,18149.8861866187
756,0,1,1160.22179270322,15941.0508838215
757,0,0,985.614062736995,49948.4671119045
758,0,0,583.820719256707,38215.9647632208
759,0,1,638.691982603121,18148.3017050127
760,0,0,384.99771946375,25380.7034543934
761,0,0,1050.76423069076,31558.8984246113
762,1,1,1871.93838694354,18077.4870927503
763,0,0,793.761717609341,35157.7399755377
764,0,1,591.66065133296,21790.5024250406
765,0,0,419.476441266894,24001.5121969331
766,0,1,514.283890206455,18185.4796974861
767,0,0,1027.89503525081,21551.6110897046
768,0,1,1029.68154856023,15977.3211389052
769,0,1,953.626323812466,18363.0684974424
770,0,1,1463.33776514964,11579.1594522764
771,0,0,1172.45949910584,34690.1382789867
772,0,1,548.272863944775,12048.8228922671
773,0,0,1752.88378856299,48250.1046209778
774,0,1,555.920680160548,23909.7064937556
775,0,1,1560.93175219902,13621.5691623242
776,0,1,839.883556561923,16883.3388582069
777,0,1,1112.81797848309,13634.9076283834
778,0,0,1309.2537724595,43278.0592842939
779,0,0,940.590874822011,41560.4709935341
780,0,0,1019.24897718591,41195.3701168568
781,0,0,433.66901952903,32904.6977154916
782,0,0,1015.11542504266,42050.4665242274
783,0,0,75.1776630661825,52765.9782830813
784,0,0,1050.31637646533,39585.6242243462
785,0,0,48.911856841443,35155.1724669931
786,0,0,1721.64777991975,48236.1263334984
787,0,0,1607.35144043075,48700.8480467206
788,0,0,1180.44754170552,43914.4198194426
789,0,0,609.877134574805,40875.9465364491
790,0,1,1054.20020823579,19440.9731795923
791,0,1,793.820465702133,19074.031733348
792,0,0,879.675617944933,30021.3833465031
793,0,0,1237.64742197945,29151.2346616316
794,0,1,1412.76435830699,18234.4592165626
795,0,1,1174.71648266831,13025.7694481721
796,0,0,363.344803781613,44325.7888525565
797,0,0,919.485776297976,44928.1846393808
798,0,1,1195.0596696449,21648.6566808063
799,0,1,794.137787843789,15721.7996591961
800,0,0,10.1888185108063,33776.8254558981
801,0,0,0.0,31083.2214565069
802,0,1,498.505979218862,16967.6197633607
803,0,1,1227.16110689129,18459.4186146975
804,1,0,1902.61299103773,53394.0762256759
805,0,1,1059.20463689881,11742.3798595281
806,0,1,450.305390754806,21177.6110782599
807,0,0,418.539870435286,55002.7334074782
808,0,0,1070.48067666243,32939.3667112495
809,0,0,1306.77057329408,56640.6340336077
810,0,1,1315.33729790289,8431.17500361515
811,0,0,74.5334251957575,19146.2456270511
812,0,0,66.1523304887059,38927.124508577
813,0,0,56.4207116526935,54217.3382458633
814,0,0,1056.59687510996,25123.8596166639
815,0,0,259.237577825768,51355.3746230815
816,0,1,1143.69257803242,23500.9012839272
817,0,1,0.0,15682.0685039174
818,0,0,877.793933789175,30239.7207155808
819,0,0,919.077555018396,45315.5574507726
820,0,0,94.9324758740624,27212.9512378545
821,0,0,333.374188920034,29413.1489918421
822,0,0,197.910716505068,30971.1972485545
823,0,0,624.910088007429,41047.5557873222
824,0,0,138.252251807784,54406.5022458142
825,0,0,787.551771667647,46185.5520006901
826,0,0,1030.92756438287,36271.3345629975
827,0,0,1049.74764261542,30159.2098936227
828,0,0,0.0,35738.9875659081
829,0,1,1130.05678744087,18467.1021942011
830,0,0,795.541223505837,51303.1401368964
831,0,1,1503.59623846767,18710.6144823398
832,0,0,436.135012404983,46071.6605240223
833,0,0,800.705593268975,36314.4363313898
834,1,1,1881.04995231902,16580.4505635577
835,0,1,1445.45802967521,18632.6160618407
836,0,0,1166.10023562566,23994.4039068604
837,0,0,163.747103724139,38970.0289045853
838,0,0,0.0,46353.8021213475
839,0,0,1322.05293700543,47814.1742032385
840,0,0,1283.52325340241,61525.6961773731
841,0,0,1000.89843370123,43059.0486011163
842,0,0,249.86032303814,47602.1164993638
843,0,0,500.222178363597,38991.0124810993
844,0,0,568.094485122302,36374.4339230204
845,0,1,1047.08515382752,13714.279384327
846,0,1,186.668374310028,15976.6378608407
847,0,0,782.778332002182,39224.4092738835
848,0,0,388.548350469935,18007.8329600718
849,0,1,842.572226289191,17279.5218205669
850,0,0,556.11563127995,44197.9084625662
851,0,0,1234.57861793258,48112.4805359665
852,0,0,412.894341852175,42123.2172146197
853,0,0,683.357393752549,29269.3335200448
854,0,0,872.226171550897,48101.6116884955
855,0,0,415.765428516259,24740.7535995477
856,0,1,1518.01880894666,16740.4430837436
857,0,0,254.39445522627,44612.1475667156
858,0,0,1507.24919460052,24057.5179445894
859,0,0,900.567503074961,40848.6917935742
860,0,0,595.145133604105,46011.9466316937
861,0,1,163.939823069243,21083.0045099261
862,0,0,389.613251859694,43472.6742993942
863,0,1,1334.97118024021,14834.8642935984
864,0,1,1961.72865697375,17864.0992535125
865,0,0,1173.1614932717,36439.6787266043
866,0,0,1102.41824206016,23218.0838040839
867,0,0,1228.90791879054,46411.8200587014
868,1,0,1505.83147454065,29525.7494012186
869,0,1,1217.62391318403,21160.4293008004
870,0,1,843.159090993044,12042.8942197634
871,0,0,1004.5329035078,59403.9300095678
872,0,0,294.062944441264,57500.111054457
873,0,0,484.723479484119,24569.5672907263
874,0,0,775.556138836832,34586.253337608
875,0,1,1339.31276875944,21031.8598306849
876,0,0,801.855034413266,39156.6274892218
877,0,0,551.887100316107,37573.1413923905
878,0,1,522.381180598609,23440.0642225884
879,0,1,1237.45472270608,20660.4693787312
880,0,0,320.005916922744,57563.4892343032
881,0,0,960.670030602656,30093.7275356819
882,0,0,272.019517715797,29773.6093193605
883,0,0,927.165918219896,33781.8151051117
884,0,0,75.7952593119641,55189.6859931146
885,0,0,1285.85138073458,37635.9540815736
886,0,0,1471.77507287231,32478.0439109335
887,0,1,808.014719128947,14485.4684384242
888,0,0,747.353555712602,42900.0249481755
889,0,0,327.795731659083,23865.3280982629
890,0,1,851.341791940435,18786.5803421911
891,0,0,110.854365105375,27370.3043656899
892,0,0,541.755569348689,57322.1050225553
893,0,0,0.0,36269.292539222
894,0,0,1201.36026411293,51740.8900511035
895,0,0,57.2198379034599,18982.5557145633
896,0,1,785.09348458162,32945.8280664548
897,0,1,383.639664344123,17445.182442159
898,0,0,1107.3041567002,52765.0586636951
899,0,0,396.985985441859,55454.6310403681
900,0,0,0.0,44807.378273691
901,0,0,924.241534804409,45207.3876257005
902,0,0,602.493724895075,33202.5343827786
903,0,1,828.739825030736,17962.3110875424
904,0,1,1.6111755718424,20837.3354638409
905,0,1,894.005789144511,18002.3251896022
906,0,0,1234.47647873185,31313.3745754931
907,0,0,406.013980421047,42642.2373730984
908,0,1,1051.99844854114,12376.0959820386
909,0,1,1085.83807964848,18890.2280817726
910,0,0,1656.17327163555,41133.1268472152
911,0,1,242.652608865188,20426.7939710666
912,0,1,602.306495490726,12927.7128023963
913,0,0,187.597302610553,59660.9970356089
914,0,0,331.297081896645,34497.7426835848
915,0,0,911.387795135942,57131.3203683841
916,0,0,391.408200513922,39761.5618426606
917,0,0,1450.34918369889,33957.1819605722
918,0,0,819.916988526304,28960.1128050344
919,0,1,1590.17641257216,18666.4122118688
920,0,1,1256.61487000808,22493.5012611123
921,1,1,1889.33211032707,22652.1096342004
922,0,0,743.685374931591,10774.9719084207
923,0,0,343.194499373316,29555.9054677704
924,0,0,534.973154698066,44079.332867929
925,0,0,1207.69790606358,34857.5403138442
926,0,0,564.813897226514,39829.4168314528
927,0,1,495.365263297121,22938.1368650639
928,0,0,902.513823067701,38647.5218924775
929,0,1,1741.27335406342,18544.0516544313
930,0,0,1166.64262489823,52700.1096932984
931,0,1,631.159770000692,23245.0707596436
932,0,1,1076.97796559172,14668.3807126095
933,1,0,1243.55402519944,37634.3463986484
934,0,0,2113.0190230156,34747.7557770979
935,0,0,1296.06099706844,43313.282987746
936,0,0,1088.6740772095,47147.7259452981
937,0,0,824.731704075054,42313.5157494727
938,0,0,684.294841367277,37011.1832764974
939,0,0,37.3648864980892,26221.5179003894
940,0,1,878.149005483414,18414.5700678425
941,0,0,904.24152223605,40683.4603456519
942,0,1,942.042214953173,22181.3945457543
943,0,1,957.492536316181,16323.3647607655
944,0,0,285.290875789697,17606.6359250895
945,0,1,1468.38274775613,19846.0647530616
946,0,0,322.713019502603,27668.5760951811
947,0,0,414.134063133658,40877.2264536574
948,0,0,1105.0028119368,36812.7060929344
949,0,0,0.445756768543901,31934.8379751054
950,0,0,619.701399647492,13902.1790020541
951,0,0,293.869320215956,56676.8017535974
952,0,1,637.382728273361,19704.9194208197
953,0,0,1109.5286172344,69325.0798211788
954,0,0,1223.11294353624,52903.4613674734
955,0,1,1183.69295023871,13081.6610632849
956,0,0,569.790872578607,54335.2240998272
957,0,0,625.531922916041,46026.4879077478
958,0,0,833.655299315209,16908.7780990482
959,0,0,866.045922597996,44827.2658786342
960,0,1,945.479849222592,17279.2868116853
961,0,0,1554.8455452416,43901.8053189526
962,0,0,575.768345325989,51927.7467980248
963,0,0,1141.60368724373,38722.9611910964
964,0,0,1146.64022020839,45376.5564836309
965,0,0,0.0,34305.9186818322
966,0,0,434.714771292188,35454.7554164714
967,0,0,1026.13443029103,39135.6369619436
968,0,1,1302.79720625578,29252.3614341098
969,0,0,690.705870612689,59561.9052001087
970,0,0,574.451632934147,40727.642926059
971,0,0,0.0,43346.6222644447
972,0,1,251.306023741879,13058.6066581805
973,0,1,1252.11395420993,16490.7069325505
974,0,0,207.895206863744,52249.3123410667
975,1,0,1753.08438927503,48965.3469660968
976,0,1,1279.93522684715,21107.5202436778
977,0,0,862.876513688262,36461.9011295762
978,0,0,1143.54140485282,33394.9791032221
979,0,0,1253.18164046028,71238.550598183
980,0,0,624.083972234424,25557.6396710092
981,0,1,1027.86106974251,14322.0883601209
982,1,0,1964.01468409878,50553.5345217327
983,0,0,752.426109073026,32539.6450101649
984,0,0,953.929817672465,32640.1440477815
985,0,0,773.204212695115,66749.4334388804
986,0,0,432.791088457236,52238.087436574
987,0,0,797.734016170854,31616.8002356646
988,0,0,240.841552778801,56089.1542511443
989,0,0,662.315857397631,31815.3465553473
990,0,1,1056.36554989132,15432.3959887694
991,0,0,741.08759609685,43015.5391532467
992,0,0,0.0,42284.6821746769
993,0,0,981.954489805675,41123.2124696344
994,0,0,1569.83566642917,42781.3833042045
995,0,0,136.505521337914,45596.1078294951
996,0,1,731.951715263318,18117.427910589
997,0,0,717.810767816131,32040.9312602138
998,0,1,1005.17622287668,18262.1761431799
999,0,0,561.928360945711,31192.9127239782
1000,1,0,2033.19178970717,44998.2874372569
1001,0,0,638.817455651788,46704.7380027046
1002,0,1,1104.94968692492,11528.9996637775
1003,0,0,0.0,29514.0336126112
1004,0,0,633.766672475066,34290.6049187036
1005,0,1,1526.02513350732,20894.0766566208
1006,0,0,522.766271539234,43026.3291277583
1007,0,0,853.103127554178,47381.7242321924
1008,0,0,1225.2251522229,39338.8621179726
1009,0,1,1559.62786903644,22047.7816148886
1010,0,0,260.339935694836,34932.4937627442
1011,0,0,1320.94324512885,50505.3668955538
1012,0,0,1443.6483898454,45089.3895443577
1013,0,0,791.638233418397,30303.6067766382
1014,0,0,922.666469149122,33445.4896891144
1015,0,0,80.7528636417691,35887.5463607597
1016,0,0,193.358538633313,34728.0214273877
1017,0,0,939.09850183543,45519.0189767342
1018,0,0,1336.80301473215,30787.1557165826
1019,1,0,1488.77956191302,49803.293078707
1020,0,1,375.196746931795,13709.2053280025
1021,0,1,773.381163196626,18978.1884504423
1022,0,0,581.423169475544,44600.662797317
1023,0,0,461.050249375608,43147.7720272572
1024,1,1,1424.55932328853,25398.1974394264
1025,0,1,1139.39621359668,17139.8480911333
1026,0,0,1032.20326972471,41673.7341538879
1027,0,0,96.641838693463,44556.2194186218
1028,0,0,338.779408193535,42678.7131911715
1029,0,1,1331.42546161804,13793.1851776649
1030,0,0,0.0,34479.6234873609
1031,0,0,616.253970000918,42436.6864423496
1032,0,0,599.800862543391,30146.6357423069
1033,0,1,1466.56289000133,20904.4478767522
1034,0,0,593.303890859046,49925.3239171439
1035,0,0,786.981260036879,49432.9527599406
1036,0,0,926.985326670123,48753.3128742021
1037,0,0,1175.42043326532,37462.6433294708
1038,0,1,1697.74966709098,23295.8432768538
1039,0,0,575.514383348284,54203.1902133298
1040,0,0,1386.30244368265,54404.4816929542
1041,0,1,1222.24509239017,23152.7230957415
1042,0,0,1556.19419401156,26905.580748098
1043,0,0,1103.92187980069,52821.534851342
1044,1,0,1496.07211037408,40214.6208266244
1045,0,1,975.642874013061,25920.3219107254
1046,0,1,781.174257050636,23403.0637701792
1047,0,1,940.435466297479,18939.8427921635
1048,0,0,375.329620037707,32531.2157555246
1049,0,0,627.876133290845,51770.4583502485
1050,0,0,1304.383208802,49371.9569059474
1051,0,0,1496.23236999032,37534.3292363065
1052,0,1,1005.59382873394,15851.4826456384
1053,0,0,828.857754277826,46060.8529335004
1054,0,1,1144.35851962951,18903.3784424654
1055,0,0,1386.19194850384,42537.9907928053
1056,0,1,1321.8052059731,11453.6115299763
1057,0,0,1121.15125107007,35765.7064949287
1058,0,0,547.863342238693,45966.3510607549
1059,0,0,813.997341222042,42461.561421278
1060,0,0,75.1839852575265,52166.0059677807
1061,0,0,598.219297785381,28621.1254234809
1062,0,1,63.0363232718852,12308.0183210287
1063,0,0,0.0,48642.2545051056
1064,0,0,1553.70330850942,35929.1635489322
1065,0,0,813.716093928425,46419.9970823921
1066,0,0,1386.17675310875,42875.0060232126
1067,0,0,933.767315398992,43693.5211629211
1068,0,1,1240.0956001901,20134.6472923928
1069,0,0,0.0,33781.6563086992
1070,0,0,613.581862403872,30833.8020564507
1071,0,0,253.516795606146,53125.4834538329
1072,0,1,947.885845436683,17094.4788899246
1073,0,1,112.811909496945,16100.5708324213
1074,0,1,827.041305351259,18892.8212923272
1075,0,0,484.679498992764,43900.0915627633
1076,0,1,271.249704929045,25157.7314155335
1077,0,0,1018.24890629918,52509.7424393595
1078,0,0,0.0,43730.7666522243
1079,0,1,0.0,16421.4899199996
1080,0,0,1101.80371492885,36555.4627038954
1081,0,1,1471.89782186441,18913.0382150486
1082,0,0,1057.71318049474,40707.6187725797
1083,0,0,352.550537246056,17626.1671331158
1084,0,0,1029.81930810507,50635.8908134497
1085,0,0,1308.66309413507,35964.7919280857
1086,0,1,1581.79048948188,10537.5298371772
1087,0,0,918.118901852202,53710.2153023883
1088,0,0,637.80029105974,40323.5590650437
1089,0,0,369.041787994188,38468.2446481102
1090,0,1,985.092698575156,18499.9615427609
1091,0,0,306.956926626838,32428.8129068855
1092,0,0,1205.91323877975,43715.4137557695
1093,0,0,1079.50296284952,40504.9154530742
1094,0,0,555.28848862916,40046.4219820767
1095,0,0,905.011694432408,39293.9825127873
1096,0,1,1348.95607421149,20870.2679822065
1097,0,1,1461.83324856434,19252.2372905694
1098,0,0,443.446992281183,29811.3634534199
1099,1,0,2024.10501794554,51508.8688750637
1100,0,0,1516.55115236997,39368.1418726724
1101,0,1,520.557646492779,18256.2883915625
1102,0,0,850.548098661389,44501.9150376188
1103,0,0,926.489673303744,49919.9672941973
1104,0,1,1275.82422479209,9611.9631572143
1105,0,0,249.598383222232,20684.2374148176
1106,0,1,1564.47141053711,19372.821596214
1107,0,0,443.175564513603,37639.9824345739
1108,0,0,323.546908292228,33991.9911077721
1109,0,1,512.320202471464,24949.6216077123
1110,0,1,524.760633586772,14154.9134748807
1111,0,0,741.42046086795,38660.9996466846
1112,0,1,1994.04918807543,14305.1114657784
1113,0,0,1175.71519291045,24000.8949377251
1114,0,0,284.048775672597,41243.8547877223
1115,0,0,565.505384485185,39109.3096711425
1116,0,0,47.7456654427857,31150.374692242
1117,0,0,776.954865809857,45083.3202024571
1118,0,0,353.739097129678,65526.8097376763
1119,0,0,76.1322492185704,53594.420007891
1120,0,0,839.603597582823,45994.6447324796
1121,0,1,754.484022622877,22425.5354752613
1122,0,1,833.120773570663,23630.2736656377
1123,0,0,277.294917912512,27548.9502982987
1124,0,0,1594.69718916083,37091.8738266471
1125,0,0,0.0,40393.4754267419
1126,0,1,1281.61709121705,14236.0919939822
1127,0,0,1469.70378608501,40174.9503542028
1128,0,0,0.0,38165.6883141482
1129,0,0,891.403240954194,46611.7316362549
1130,0,0,493.764909913585,51518.0552452663
1131,0,1,884.61401155588,24306.6503533344
1132,0,0,0.0,32582.7455647636
1133,0,0,1028.52038633802,47944.6009631918
1134,0,1,425.83174034656,13275.9144055105
1135,0,0,1132.35806231732,52489.7642194785
1136,0,0,965.273803867656,46218.4605577078
1137,1,0,2499.0167495973,51504.2939603673
1138,0,1,1435.1812639282,11346.841867294
1139,0,1,1391.19635951909,8637.96330726593
1140,0,1,1804.41336882628,17665.5490483662
1141,0,1,321.795067191553,19229.225869832
1142,0,0,1506.6698285775,41931.7044839488
1143,1,1,1402.2675157905,12104.3156125042
1144,1,0,1379.43071716927,38881.9693488013
1145,0,0,1232.97872910186,57182.3321169239
1146,0,0,134.858020792599,35755.866623645
1147,0,1,422.91401738152,18787.3370277614
1148,0,0,1373.56421329756,21785.2527545924
1149,0,0,661.425887551556,55591.5570250898
1150,0,0,1427.71842109147,27425.6749546043
1151,0,0,938.637862081904,39459.7670351625
1152,0,0,608.428994066855,56483.0568967941
1153,0,0,1477.53239379448,46965.1382601228
1154,0,1,1470.58874098652,17876.2926926974
1155,0,1,1488.59885868054,20739.6267863319
1156,0,0,0.0,49608.0061692771
1157,0,1,328.038334167856,19566.2672369239
1158,0,1,1333.80612782553,21087.3235241635
1159,0,0,764.534716932002,40593.2854222443
1160,0,0,110.326678985078,52106.2049030668
1161,1,1,2502.6849312485,14947.5197523986
1162,0,0,604.315515354891,36592.7568387283
1163,0,1,1595.28815784271,22645.0400572771
1164,0,0,0.0,50076.2635738019
1165,0,0,440.637650067581,50902.1361446324
1166,0,1,876.91862459295,13372.5129190972
1167,0,0,1366.89031408418,35566.9563710812
1168,0,0,1129.97593669533,32795.0463387124
1169,0,0,1077.02082435363,56862.0669379978
1170,0,0,1411.07424052845,26040.0045902552
1171,0,0,0.0,45788.4921149217
1172,0,0,861.652948042993,27355.8050223478
1173,0,0,1185.6611151702,56483.5372041058
1174,0,0,901.55391841873,57100.417673064
1175,0,1,773.730215692355,14841.9896203264
1176,0,0,1387.97338494721,30716.6430612259
1177,0,0,1207.69472622489,37355.9443441242
1178,0,1,455.716437749994,12587.4014518904
1179,0,1,550.895048790919,19110.0744657258
1180,0,1,1484.80542343076,22965.1766792838
1181,0,1,441.6261267835,15261.7080321272
1182,0,0,810.412075206354,28056.7839140013
1183,0,0,1137.03989872873,49810.8999928716
1184,0,1,1402.40771590191,13870.9696838977
1185,0,0,1541.81280611611,29374.9288818286
1186,0,0,898.980725863393,63041.2247822201
1187,0,1,700.331159311356,18702.9559953231
1188,0,1,895.458063540101,23795.5514988931
1189,0,0,770.132191937447,48489.3786594128
1190,0,0,841.951730995957,53779.0182507662
1191,0,0,44.3136199316927,30449.2501938471
1192,0,0,377.300360293831,42257.4931884345
1193,0,0,264.801150517454,49216.2481525871
1194,0,0,522.021639127424,37341.8987786128
1195,0,0,1681.91600493708,41866.5580569381
1196,0,0,1069.53936754678,55421.5527948288
1197,0,0,375.700949263495,37925.9746210949
1198,0,1,670.991525972821,19835.9690488337
1199,0,0,318.912568249803,49305.5531656779
1200,0,1,955.1202175858,25314.8530876176
1201,0,0,1123.79343887029,24901.9963402933
1202,0,0,993.580878716164,34836.2527191327
1203,0,0,278.805260305244,54559.11666453
1204,0,0,1553.28960393601,44150.1620882399
1205,0,0,0.0,34522.8855582818
1206,0,0,483.591301148509,36497.4684638149
1207,0,1,311.530549144092,18534.4307209131
1208,0,0,536.253861565682,32994.1513632918
1209,0,0,127.707918266324,27483.8950029773
1210,1,1,1507.33394777158,23898.8782347948
1211,0,0,1351.03593016271,40946.6055213148
1212,0,0,723.198986574556,42751.7652446347
1213,0,1,1041.20279873935,22618.4241475366
1214,0,0,1102.11010931046,34246.6949101404
1215,0,1,420.370264310908,16419.7129717031
1216,1,0,1278.4073002917,36675.6068828
1217,0,0,542.469658032295,52741.8106709888
1218,0,0,401.829042222614,47175.6145225578
1219,0,0,506.505871615375,51114.319721702
1220,0,0,1160.49960409805,23498.3002028493
1221,0,0,1277.79591275966,56605.598856113
1222,0,1,1200.62447093621,18973.9076818191
1223,0,1,1418.58607157425,11556.6953127023
1224,0,1,480.339703591062,14592.8404029741
1225,0,0,370.530018801453,31139.7218358579
1226,0,0,737.685240540123,51138.2654555751
1227,0,0,501.921445987956,41366.6778934932
1228,0,0,1682.20122361405,30441.5548461711
1229,0,1,813.452791611744,21073.9888335264
1230,0,0,683.826251435648,46937.6228706949
1231,0,1,1036.60044401754,15197.2485140959
1232,0,1,471.143388673041,24945.0377452165
1233,0,0,336.419640443447,39707.0423260874
1234,0,1,443.723043916104,13136.8304234266
1235,0,0,967.138888417835,35269.1229673176
1236,0,0,549.275969561753,15706.21509427
1237,0,0,1601.16005605559,17974.7411792534
1238,0,0,902.137819758816,59695.2904641563
1239,0,0,0.0,37553.5510529754
1240,0,0,1433.18354789508,41744.3150767775
1241,0,1,502.797735462041,13376.0533426289
1242,0,0,433.452818738995,35858.9302041275
1243,0,0,406.426718303054,36750.4989762498
1244,0,0,935.481004968961,56610.8155695667
1245,0,1,1545.83064077306,12160.8422798919
1246,0,0,93.9405627936823,19811.3305427787
1247,0,1,192.411154711618,24050.371721417
1248,0,0,716.920227461434,24015.5191245639
1249,0,1,1157.1395379483,21222.4155415025
1250,0,0,72.1697402833452,39560.6349779676
1251,0,1,1417.26825793395,20464.0257371703
1252,0,0,1195.48395634087,38452.6413385831
1253,0,0,559.118650256646,55007.2651000452
1254,0,0,0.0,37499.6892716672
1255,0,0,359.225740891035,25243.0984801316
1256,1,1,2123.36921697602,23836.4642624001
1257,0,0,1316.5423843339,20353.4988319531
1258,0,0,1172.30088990896,34513.6108491013
1259,0,0,1453.08363720655,36828.3271922961
1260,0,1,323.957086736561,12327.2439903559
1261,0,0,1152.55066350681,27346.0306093646
1262,0,0,1333.99816556627,57662.1219259669
1263,0,0,709.658699114717,37992.2129471807
1264,0,0,731.309122160636,33126.8497707675
1265,0,1,279.315574362792,19742.0370612016
1266,0,0,0.0,17059.3683209395
1267,0,1,630.704463000824,16501.8090037025
1268,0,0,543.037129679086,31268.0951621907
1269,0,0,618.8815019922,27906.5896181766
1270,0,1,1053.16173509751,25222.9788434039
1271,0,1,0.0,19622.5771706293
1272,0,1,1762.35218285288,17032.3423516868
1273,0,0,0.0,43943.2449143298
1274,0,0,469.151974452927,30366.7195981447
1275,0,0,699.762558773794,32881.3045147277
1276,0,0,446.142725206316,42611.5835477328
1277,0,0,571.179947622193,39682.8028691114
1278,0,0,952.33482134642,44864.154864843
1279,0,0,584.667022756138,55682.4667032247
1280,0,0,174.367865868658,47750.1206074811
1281,0,1,671.801700876133,15299.2598850673
1282,0,0,1339.55551031667,53585.7613313738
1283,0,0,0.0,49232.7065464366
1284,0,1,1579.07097721234,21101.2046126526
1285,0,0,917.323540859649,40193.8380967198
1286,0,0,251.428221532138,25962.0591912929
1287,0,0,998.362061052119,38385.2913078491
1288,0,0,828.232510551025,42246.2173550012
1289,0,1,1500.28308919799,16943.0290244785
1290,0,0,1142.6379760701,26731.0903622272
1291,0,1,1415.19882255961,16737.5187114242
1292,0,0,198.730917929492,33512.9303722799
1293,0,0,341.769250192687,41662.7426108217
1294,0,1,146.735363398003,12716.2128314384
1295,0,0,1576.30691570178,30547.7999713876
1296,0,0,1830.47154712684,24053.4769206631
1297,0,0,368.800728626842,34526.0353689162
1298,0,1,1026.57628435045,23636.5527691491
1299,0,0,0.0,36225.5072520618
1300,0,0,241.336031072716,40122.4016171763
1301,0,0,1272.05389130072,44895.5933005042
1302,0,0,361.200702749122,49395.0267414522
1303,0,0,1464.00991554481,32023.5955155257
1304,0,1,815.077408427174,18445.6596956188
1305,0,1,1026.12824734078,16430.6411248678
1306,0,0,630.725559473879,30466.3785151141
1307,0,0,1624.12643171564,16054.3042106769
1308,0,0,744.732636865519,44965.0464148846
1309,0,0,1439.29677868912,36170.5983674822
1310,0,1,1491.05099828582,13033.1227421394
1311,0,1,0.0,13334.2401303581
1312,0,0,1162.69979639329,27206.6618497452
1313,0,0,1463.5931611141,34064.878717232
1314,0,1,1309.69754331363,15536.2387640855
1315,0,0,920.647422272782,37936.0891353303
1316,0,1,6.31886443929101,18912.614060878
1317,0,0,128.991161897017,56946.4364049683
1318,0,1,1323.28906291317,21149.3136871236
1319,0,0,383.215769348353,15233.3163469465
1320,0,0,267.38097300878,32265.118910658
1321,0,0,429.074698048257,48109.808250623
1322,0,0,711.003890959046,51035.7457701793
1323,0,1,309.524147859906,12135.038134265
1324,0,1,1317.9262579595,14070.1670640815
1325,0,0,427.332842684436,55503.0736319647
1326,0,0,872.856965749604,31471.5453894656
1327,0,0,1105.55617273125,38886.0358064885
1328,0,0,678.018921587752,59416.7788647884
1329,0,1,1164.63072986992,17929.6529845721
1330,0,0,214.901626088699,33904.5777170431
1331,0,0,721.586707765586,50952.4848214391
1332,0,1,224.338769023461,18282.2165953956
1333,0,1,1199.23777449456,13809.3504939621
1334,0,0,580.054584423838,37278.2793128897
1335,0,0,821.493601873291,34739.3948123132
1336,0,0,602.862931618407,37849.1342401995
1337,0,1,377.767603673886,14021.5888992055
1338,0,0,727.632557992218,38431.1580605875
1339,0,1,600.430859835173,18538.3017141838
1340,0,0,993.59167708779,26682.3285685201
1341,0,0,1096.58703732554,47235.4531253372
1342,0,0,1603.33339741998,43474.6376048989
1343,0,0,1146.97142806638,30637.2972983415
1344,0,0,1342.17534039195,58049.9940384292
1345,0,1,1663.68701355121,19847.6986056198
1346,0,0,1005.24796646966,41308.2548453844
1347,0,0,962.894927346411,25063.4929775853
1348,0,1,1092.62065648597,27128.1672477681
1349,0,0,919.343346352876,43287.9023052746
1350,0,1,176.840578245142,20021.693387689
1351,0,0,460.60446545886,38818.181635265
1352,0,1,782.544846300914,20593.526687807702
1353,0,0,613.742933850307,56951.3596957531
1354,0,0,362.103498334539,39658.9504493536
1355,0,0,861.681923700846,49672.3471809124
1356,0,1,936.473489576072,19389.4800308699
1357,0,0,1222.7370415634,68564.9906810761
1358,0,0,794.48678716163,44145.2158474446
1359,0,0,0.0,13573.5623986809
1360,1,0,2220.96620112365,40725.0962073576
1361,0,0,523.216245168787,38063.401672175
1362,1,0,1907.37731125308,42346.8284633201
1363,0,1,1809.46346847556,18804.723858406
1364,0,0,1392.26131534943,32283.3883773108
1365,0,0,1349.46645574713,35870.0195124442
1366,0,0,621.736250817543,51595.7517158554
1367,0,1,1273.58198146604,18475.1923845938
1368,0,0,636.240520317223,17355.7575002454
1369,0,0,680.451887147091,33192.401795686
1370,0,0,836.849866321647,27936.5189207731
1371,0,1,1115.10674045041,19169.0715836009
1372,0,1,799.743340790709,16147.5766201026
1373,0,1,996.386878813312,20070.8139205822
1374,0,0,1632.80804546263,33455.9011091509
1375,0,0,439.837480329246,24452.6465959395
1376,0,0,276.745313404546,50523.6778878214
1377,0,0,1715.31506279254,22824.0976154195
1378,0,0,848.693635853364,29042.5593990651
1379,0,1,323.503357397225,19144.815716939
1380,0,0,793.612232394446,24973.2084760281
1381,0,0,612.078447476017,39443.9574108415
1382,0,1,1418.4290041422,14907.0700138966
1383,0,1,1466.93943905615,19139.6296258492
1384,0,1,440.790055424108,19896.0296703709
1385,0,0,0.0,53432.6154914619
1386,0,0,885.180221984711,46571.7716949207
1387,0,0,635.969705377164,42451.6143388121
1388,0,0,664.816301656801,32894.8040660421
1389,0,0,1100.23877937825,34281.2551656352
1390,0,1,1606.32036631953,13422.3071172582
1391,0,1,1704.42785736528,20892.3141234442
1392,0,0,1295.9916327212,39799.9975427975
1393,0,0,468.412123970836,22943.1256871182
1394,0,0,303.783211829015,44745.1195456996
1395,0,0,971.709025015625,33774.8919114668
1396,1,0,1758.42094743882,49787.4565722879
1397,0,1,1334.70111864637,24621.9630513516
1398,0,0,982.699211306085,40194.4653802214
1399,0,0,52.0388862844743,14680.1000481071
1400,0,0,401.503539737404,25010.8000911639
1401,0,0,1456.8493777293,40186.5308796148
1402,0,0,772.924577096729,42678.3880806454
1403,0,1,1844.36171830721,14238.1132465561
1404,0,1,1015.51139664236,21362.93892147
1405,0,0,988.678026917532,31210.2432280646
1406,0,0,1072.74410646126,45704.8395694107
1407,0,0,1576.90067152779,39835.3487223896
1408,0,0,840.105158203194,33976.7075446592
1409,0,1,1210.43892922802,19022.1922700507
1410,0,1,714.549612788089,13431.8416509003
1411,0,1,607.094029022965,16373.9344560571
1412,0,0,413.36352252749,43071.1863097969
1413,0,0,1184.21201473742,34990.5806073175
1414,0,0,273.602274094738,27996.5771021175
1415,0,1,871.815219474197,9788.57126016833
1416,0,0,1724.5568166256,46397.452305801
1417,0,1,1107.40037979683,15661.5797305601
1418,0,1,1161.40734492091,18420.2988894148
1419,0,1,107.602508351688,17941.7391726895
1420,0,0,136.422035556421,42719.8940623756
1421,0,0,682.035983958937,30288.9418047373
1422,0,1,791.530359130688,18342.737354415
1423,0,0,457.869074702161,43134.5480105638
1424,0,0,1514.9632356217,36403.036144549
1425,0,0,816.09388717833,37763.0365071822
1426,0,0,1241.95424288944,41952.1157720971
1427,0,0,932.20254612697,49214.7051207012
1428,0,0,608.108446611742,46962.7870124299
1429,0,1,627.593246606188,15423.207628193
1430,0,1,593.055241241435,22786.9167069869
1431,0,0,187.310192572033,31140.7467172041
1432,0,0,736.475778783959,39538.3307952148
1433,0,1,838.081158903365,23698.7072526749
1434,0,0,511.515996186748,43737.1818050442
1435,0,0,355.35964612268,65798.9200344515
1436,0,0,1138.39668633473,24098.3488630096
1437,0,0,828.004955429911,53806.3162782397
1438,0,0,1218.55300529569,51224.9173051827
1439,0,0,316.012130893777,34250.521603289
1440,0,1,480.469765302404,14866.6122509044
1441,0,0,152.503007408359,39502.8367966927
1442,0,0,1129.31646567778,46689.9793958435
1443,0,1,887.290639981827,14958.5514708638
1444,0,0,938.436913679828,34184.9428780471
1445,0,0,1076.66543906846,43972.6938555403
1446,1,0,1575.48781838195,35735.4550144135
1447,0,0,148.145980665246,43104.3860859918
1448,1,0,1865.63577947078,49604.8821305309
1449,0,1,633.769188903703,14109.8218115814
1450,0,1,0.0,23422.1372192108
1451,0,0,922.817168040893,50800.3590145357
1452,0,0,4.71214169670724,28521.3668849028
1453,0,0,1198.17592683547,42968.63988353
1454,0,0,1726.61869814519,43814.9612698479
1455,0,0,1075.21972115914,30485.0597420451
1456,0,1,883.923543700636,14740.1386756168
1457,0,0,1099.29298509597,47625.3054566206
1458,0,0,948.965133073432,45456.9288003919
1459,0,1,814.630075346124,22948.1577580283
1460,0,0,687.29293871283,35989.2276496801
1461,0,0,693.671589365793,32578.6063075364
1462,0,0,814.843118419674,28526.2168292416
1463,0,0,1031.97460083074,59555.8658103408
1464,0,0,1319.48357858413,62054.9863940437
1465,0,0,1366.02602189241,51551.1083201807
1466,0,0,1033.45504262437,55487.219887062
1467,0,0,0.0,50231.4473361649
1468,0,0,857.582361058953,54372.8941872866
1469,0,0,1156.28955808282,33959.7385286484
1470,0,0,1713.26358997434,34005.8614037709
1471,0,1,902.980719695452,15076.3385432133
1472,0,1,212.042182883038,16179.3077540229
1473,0,0,632.803980291224,51149.4252527407
1474,0,1,378.021115432097,19571.3923039924
1475,0,0,999.538016798513,43934.8562610524
1476,0,0,970.852545776175,49043.7823235488
1477,0,0,1319.18761329579,35466.2418626747
1478,0,0,286.329963629257,59576.650317901
1479,0,0,830.571875567957,39723.7686575355
1480,0,1,657.532135554774,19395.7389272898
1481,0,0,786.641008454562,57704.6446092119
1482,0,0,111.061910509757,40675.3273778652
1483,0,0,298.236583687473,27838.6841232141
1484,0,1,819.858672611374,19802.4610662658
1485,1,0,1790.67498344072,44607.4290190773
1486,0,0,883.471999596354,44207.3330334248
1487,0,1,384.831328093516,17844.5175144788
1488,1,0,1567.61070445614,38785.3576829858
1489,0,1,927.772723605774,18148.0692848799
1490,0,0,796.326145394374,28616.7090415275
1491,0,0,652.553316643973,32438.0580993505
1492,0,0,315.012298389241,44690.4977413746
1493,0,0,1609.79745262808,38756.4546866536
1494,0,0,851.796275058558,57950.7717530083
1495,0,0,460.207866888241,44527.272754789
1496,0,0,1203.82896359987,41484.9394268072
1497,1,0,2074.80758856855,38988.8592451983
1498,0,0,1243.70832217008,37926.1052449778
1499,0,1,1373.03783495248,19457.6092989471
1500,0,0,449.412686268649,52892.250152274
1501,0,0,126.558594574605,69541.9485970211
1502,0,0,387.236142873436,24243.9444577883
1503,1,1,2332.87825419939,11770.2341236925
1504,0,0,1359.43849254374,24411.1347390653
1505,0,0,469.33171312718,58360.3891158194
1506,0,0,111.294953864345,40086.6901221232
1507,0,0,1443.87516538514,54355.7261440114
1508,0,0,396.82031598499,51560.0281005464
1509,0,1,146.151144830101,15160.4894735416
1510,0,0,607.200005842074,36615.8294402393
1511,0,0,1708.14996698855,46416.9455838445
1512,0,0,956.533336957817,53702.541562222
1513,0,1,676.613270637706,16148.1863737951
1514,0,1,238.31810694883,17194.1541417353
1515,0,1,0.0,15967.6142121714
1516,0,1,740.737951241186,13065.5659358938
1517,0,1,933.711693272186,11810.5545699631
1518,0,0,860.034364598747,33740.699107592
1519,0,0,1032.94082520166,31152.1406858513
1520,0,0,0.0,36949.9498905999
1521,0,0,835.273499671235,51471.1429480795
1522,0,0,188.408755938626,35073.5146010696
1523,0,0,506.324983096079,43631.2965258364
1524,0,0,496.751812161107,35955.639277794
1525,0,1,739.179456441966,15819.7305666792
1526,0,1,916.536936849812,20130.9152577
1527,0,0,1559.75214620522,37227.2688180876
1528,0,0,392.239539896299,44983.2017971733
1529,0,0,1065.82556021692,39718.9492489258
1530,0,0,523.70889790141,48091.7445309658
1531,0,0,789.564771038807,39199.029533928
1532,0,0,805.195304832194,38222.2552310844
1533,0,0,1255.54337529248,45142.27359399
1534,0,0,654.808846012063,44255.7671952925
1535,0,0,716.764910805379,51528.498658684
1536,0,0,686.072308570088,32318.4222408101
1537,0,0,1530.37001706296,29479.022449285
1538,0,0,879.373824284674,29697.1464939606
1539,0,0,738.327804251468,37273.1711484488
1540,0,0,1647.426763853,49156.1593053496
1541,0,1,503.216622570077,21371.2463239396
1542,0,0,215.025329445692,40399.4099427169
1543,0,1,820.656300958554,24820.0482387007
1544,0,0,990.674804194907,56141.1137562027
1545,0,1,914.106496229865,15546.7836705556
1546,0,1,1021.01161324492,8970.91203629162
1547,0,0,1143.43137940288,35773.40184595
1548,0,1,763.397388910862,15224.2634633417
1549,1,0,1532.32629971463,42152.3617128868
1550,0,0,1860.7411484811,39551.0358268744
1551,0,0,1101.29631071734,27781.4523893479
1552,0,0,541.996802547944,43873.2894054849
1553,0,1,696.583526934605,2981.2795475411
1554,0,0,1536.23227623545,30635.5717905939
1555,0,0,1333.19731299734,33782.9038472638
1556,0,1,869.50920096313,18056.4547776167
1557,0,0,1048.55213986056,40916.1245460049
1558,0,0,12.0792665336124,32670.4196401503
1559,0,0,699.382581738009,34276.5925049357
1560,0,0,855.42637484694,48653.5825586134
1561,0,1,562.304198182497,20164.3110069353
1562,0,0,62.1700497191048,28660.7475084725
1563,0,0,977.889750130773,45005.2564239161
1564,0,0,1685.45062340963,60890.3647952767
1565,0,0,1257.79532040336,21679.4904991616
1566,0,0,671.784325023815,53374.9540011256
1567,0,0,63.0974703902122,38493.0872467354
1568,0,0,686.384431931289,28953.2703261944
1569,0,0,582.944764026331,40368.5438191646
1570,0,0,808.625197210798,32316.3727394221
1571,0,0,1077.98030675159,17705.2189572524
1572,0,1,1716.0897738804,22755.2619249036
1573,0,0,417.727581328507,31206.2904522442
1574,0,0,1300.99516598654,42493.9555486844
1575,0,0,896.678115981988,46328.5441977357
1576,0,0,136.828320028454,13585.9974978034
1577,0,0,29.1750990816449,38871.4786871996
1578,0,0,282.909562251235,35445.9186115451
1579,0,0,858.542630394262,19071.8484313315
1580,0,0,864.047198400083,27690.1135354668
1581,0,0,1225.97500773502,42203.2081629058
1582,0,0,696.428764268444,38028.2997175117
1583,0,1,1840.21798679499,26480.7192667426
1584,0,1,1227.48527263112,16717.6205876885
1585,0,0,1716.67513437773,39543.2910788716
1586,0,0,330.622427663049,11732.2513825039
1587,0,1,915.656813630784,17710.8547048786
1588,0,0,133.097030783517,34578.9968471275
1589,0,0,420.611586995113,33293.4668646698
1590,0,0,1058.05879623197,27196.2585787854
1591,1,0,1972.16681967648,34362.6350079998
1592,0,0,790.238985859862,43646.1431322212
1593,0,0,131.624713698702,40158.708979429
1594,0,0,0.0,37468.4807659042
1595,0,1,106.250607422263,17638.7997330987
1596,0,1,712.253706637239,21407.0436171612
1597,0,0,906.223225781144,44626.9426720539
1598,0,0,127.40990318588,49735.6416370995
1599,0,0,1698.07191560775,48595.7046456565
1600,0,1,1448.03560597594,18989.3970469033
1601,0,0,711.439451354051,40507.8212380723
1602,0,0,326.628956809194,52696.7251843215
1603,0,0,352.943876536119,59372.7118679628
1604,0,1,1247.06723758895,15522.5841453256
1605,0,0,439.068967048102,47899.1696780669
1606,0,0,1030.21005766399,40711.453172514
1607,0,0,0.0,33168.0580487242
1608,0,0,1113.27652891077,51457.539058131
1609,0,0,1341.07777745589,40199.8414148091
1610,1,1,2269.94696613408,18021.105947569
1611,0,0,1384.26492431692,27737.6085213274
1612,0,0,0.0,32724.506367132
1613,0,0,745.813204823963,42762.4749919349
1614,0,0,909.633623933358,41915.5206551351
1615,0,0,196.374008280192,57397.277202827
1616,0,0,866.174668793343,41365.4563803086
1617,0,1,1460.74766730584,24960.3593807278
1618,0,0,760.776700641741,44851.560260433
1619,0,1,1165.28321495274,10354.9376205022
1620,0,0,1085.42557180509,39274.8338712351
1621,0,1,724.385576002922,18641.4984152384
1622,0,0,114.884475066107,27365.4222002411
1623,0,0,794.5875683991,52507.4796276615
1624,0,0,1093.25661935164,28811.2734917492
1625,0,0,943.937833482202,48198.4006094561
1626,1,0,1861.0608710451,55671.7236641369
1627,0,0,900.838759144023,33130.709337495
1628,0,1,1682.79614211699,23344.0739391453
1629,0,0,196.195415614949,26612.5603018635
1630,0,0,1181.12374855228,29181.8390049907
1631,0,1,1101.15808973692,13142.1814879756
1632,0,1,1506.86047253712,14914.8233564104
1633,0,1,1213.84055423107,17374.0639458297
1634,0,1,547.246325087015,17445.901718035
1635,0,0,1708.57407859583,34890.717129216
1636,0,0,248.041482421001,36257.161447609
1637,0,0,386.265071247348,45776.2066773423
1638,0,0,527.463274362782,35708.1692547216
1639,0,0,1546.84250109647,51161.9794953012
1640,0,0,0.0,47214.4335952929
1641,0,0,0.0,55781.2048436797
1642,0,0,955.466433781885,47520.1755792009
1643,0,1,750.862034522269,16932.3277128853
1644,0,1,1255.74813472519,12209.5770680825
1645,0,0,818.06088341242,35902.4718016752
1646,0,1,1469.36666818124,11337.4229891592
1647,0,0,331.720734726362,46853.7458503906
1648,1,0,1456.54605630224,51508.5743439271
1649,0,1,1290.85429311542,19532.7315313486
1650,0,1,711.030495814377,12685.8248596781
1651,0,0,734.317202778122,33240.0390316633
1652,0,0,329.218897389853,48133.8244215813
1653,0,0,1231.50621054989,35068.7907373395
1654,0,0,847.05414804777,28539.1079012538
1655,0,0,811.428911459261,55119.8969566433
1656,0,1,1656.85759822069,15359.4365128175
1657,0,1,1547.15324755822,14344.2895934615
1658,0,1,590.718725969,13041.1984597877
1659,0,1,893.966466246846,15092.7760309072
1660,0,0,0.0,34066.4381145502
1661,0,0,800.154679994502,51730.704612224
1662,0,1,685.522535103167,12361.8633973803
1663,0,0,1262.7574446216,68579.1046648237
1664,0,0,770.115026382122,49856.6901226882
1665,0,0,1181.00035898971,35123.7400666379
1666,0,1,527.653897972175,17819.9653389802
1667,0,0,441.48991975458,39209.9001280774
1668,0,0,921.974413411945,38340.5688927587
1669,0,1,875.362352530899,14637.1769330155
1670,0,0,1033.12115530996,66304.7738246533
1671,0,0,1046.74354286893,40822.4474126399
1672,0,1,1319.70644850246,23373.9311983134
1673,0,1,698.512205127449,26768.9131247587
1674,0,0,570.981491394889,47021.0067172901
1675,0,0,842.541774744878,33897.9265106512
1676,0,0,0.0,47256.0621146314
1677,0,0,850.384888087638,44547.4855112921
1678,0,1,963.187906369736,12799.5093789997
1679,0,0,1136.33113177792,42149.8689946234
1680,0,1,1945.49048287581,14941.3179564764
1681,0,1,1442.54360101308,13049.3193822183
1682,0,0,135.629015517193,39925.7001694145
1683,0,0,423.876946748039,36783.0514316688
1684,0,0,299.779595327804,28917.5378107748
1685,0,1,701.539370559621,17607.4578217575
1686,0,0,283.207206967033,39263.3920225271
1687,0,1,1357.84973416895,11402.5406341367
1688,0,1,1327.86416271289,11020.9064258434
1689,0,1,946.449982295598,15179.2120481766
1690,0,0,663.505282228982,53102.245512031
1691,0,0,115.840084017037,47519.8497166198
1692,0,0,800.486211245274,37715.8363282901
1693,0,0,640.06389375316,52413.8589700978
1694,0,0,877.283013558901,27405.1354982311
1695,0,1,1382.08769153043,15552.2520534633
1696,0,0,751.394538882795,50910.2456238741
1697,0,0,0.0,39893.2719259536
1698,0,0,1120.7032386567,29613.8875832103
1699,0,1,1312.0514309898,28483.1355092215
1700,0,0,389.055327796638,22581.6236528052
1701,0,0,861.690446191551,58029.6402342089
1702,0,0,1079.3960054775,38864.144801602
1703,1,0,1893.28979213479,31821.7255806097
1704,0,0,337.495903885671,55853.2651329569
1705,0,0,1142.35170579449,45580.5748105396
1706,0,1,847.056485301183,13741.3270672053
1707,0,1,1575.2381161442,24469.4913979242
1708,0,1,403.347053465851,19690.3455102708
1709,0,1,566.523119400439,25398.3983784735
1710,1,1,2009.68574361749,25694.4961577194
1711,0,0,954.598167759022,50139.0929900909
1712,0,0,1057.9404153634,45514.6725264214
1713,0,0,381.387476236799,28265.0860891034
1714,0,0,793.186855645959,35555.7802801686
1715,0,0,1078.91038460746,54419.7865521959
1716,0,1,1311.09848310849,21189.2384030857
1717,0,0,38.2955762452304,37186.5515932779
1718,0,0,756.216699632025,36513.921210849
1719,0,0,56.8693777172818,56245.0654000609
1720,0,0,1189.74803944509,30315.8851349595
1721,0,0,1337.39087740801,51507.5009172858
1722,0,1,1255.49921454234,16703.0173676495
1723,0,0,1211.86792636393,42777.5823449862
1724,0,0,318.877270818323,50069.0243265899
1725,0,0,336.070545184453,38595.9115460887
1726,0,0,934.490492585725,31043.4083271012
1727,0,0,812.488297873968,42721.3006969775
1728,0,0,1184.68390385795,37937.9526452613
1729,0,1,1737.60759331587,7153.53966613685
1730,0,0,94.1207207052075,36303.9415847774
1731,0,0,994.674438200426,33002.3390513654
1732,0,0,0.0,21809.2185090883
1733,0,0,1006.46882979404,44563.7708044781
1734,0,0,331.922818528941,47779.9265626848
1735,0,0,967.135255397537,23278.665909931
1736,0,0,132.158429036917,26878.4721288801
1737,0,0,813.740992900912,30975.2140864352
1738,0,1,0.0,15986.2419692975
1739,0,0,529.264958998471,38814.6066989841
1740,0,0,743.055931704973,40944.5638044847
1741,0,0,27.7011326957247,45540.9438952867
1742,0,0,1299.92466935922,44214.5409068333
1743,0,0,906.541762633328,27074.7747433342
1744,0,0,1451.17947567421,53556.5521032807
1745,0,0,1027.56653131669,48558.0872833985
1746,0,0,1047.22742143739,40974.728128351
1747,0,0,1452.60329285459,28989.0439548126
1748,0,1,1190.54411198787,20291.1719762324
1749,1,0,1858.90451503279,35525.2139266658
1750,0,1,1152.52022436875,12699.4058676749
1751,0,0,831.595186595007,37372.8282736507
1752,0,0,922.696676206,34622.6193419817
1753,0,1,469.45641511398,13944.8933994207
1754,0,0,474.829219137666,41288.8291033445
1755,0,1,1485.27211754257,10300.8554419372
1756,0,1,943.347555917682,19977.8917657018
1757,0,0,1789.46451178686,27427.0045664285
1758,0,0,659.543197652959,21835.1717983775
1759,0,1,1319.53400499073,24032.5441186773
1760,0,1,514.368265849261,18934.6834675869
1761,0,0,1244.46519780121,40036.0080793479
1762,0,0,946.810050734945,41237.7692527975
1763,0,1,535.686020138973,11019.606930876
1764,0,0,682.818458764429,33026.0037380433
1765,0,0,1190.4859598224,38553.5747928755
1766,0,0,171.001189215613,42749.1307107039
1767,0,1,1238.01661579529,26854.3662753423
1768,0,0,1037.15769934663,36034.5783662924
1769,0,1,464.835310415625,19121.2286476846
1770,0,0,124.699031959161,65211.0742137628
1771,0,0,667.203060826678,44682.8315566199
1772,0,0,1111.06099784138,50301.4756839877
1773,0,0,1142.39653992749,33740.4429785246
1774,0,0,778.830165590654,44257.3310325373
1775,0,0,1412.0247547105,47727.5646264882
1776,0,0,986.081816020819,52009.3996458339
1777,0,0,1251.78401940821,32721.1440442512
1778,0,0,149.024488439011,33398.4623670415
1779,0,0,465.085534598719,43480.5684862969
1780,0,0,1031.12679572636,41022.0956401739
1781,1,0,1478.12406941256,31515.3444926478
1782,0,0,789.00070567225,35798.4726378619
1783,0,1,790.295940300018,14086.4483687158
1784,0,1,1123.59504743966,16082.9057091627
1785,0,0,1370.10949573633,40101.3791314575
1786,0,0,396.513587196819,41969.7467736577
1787,0,0,682.078365531623,30736.8876521613
1788,0,0,338.735981024485,44923.0455293593
1789,0,1,1056.32947590818,16000.8417743231
1790,0,0,927.211780951993,44368.8830946909
1791,0,0,634.696104527898,32594.6922349325
1792,0,0,833.533112973415,40526.3056193294
1793,0,1,1345.23062690469,18518.7156890475
1794,0,0,550.898966923896,45347.7816168789
1795,0,0,495.708954178561,24845.4329744804
1796,0,0,661.42615221656,22610.3102990662
1797,0,0,136.199589610615,20935.6191133423
1798,0,0,480.192585338535,26084.4071365903
1799,0,0,230.868924844914,32798.7825914845
1800,0,0,93.5701986962353,42930.7791819228
1801,0,1,508.824851676068,22663.7098340226
1802,0,1,970.515946612273,16584.8282890372
1803,0,0,1324.29667077346,46875.3942656965
1804,0,0,932.963846810655,32105.4419240327
1805,0,0,0.0,31418.3691364503
1806,0,1,984.76316184824,17039.9733179551
1807,0,0,725.120500372107,47549.200750358
1808,0,0,246.82380967118,40953.3427649492
1809,0,0,1051.32109144088,23859.4318006112
1810,0,1,926.892612598,19445.9371721
1811,0,1,1024.02488477689,18545.8996437402
1812,0,0,699.842024222189,41985.2576732019
1813,0,1,1036.32351410448,14108.4545196218
1814,0,0,321.108806748074,36275.1428853986
1815,0,0,0.0,41152.173950013
1816,0,1,1299.18732366923,19878.7473498518
1817,0,0,763.375309314186,40978.1411815488
1818,0,1,808.742771858343,9775.58139591036
1819,0,0,808.507503648157,34543.0188012875
1820,0,1,677.552825772912,20745.0153256246
1821,0,1,904.008926715623,13996.5018957759
1822,0,1,102.166771629377,26266.3628194818
1823,0,0,1218.34651457604,43930.9898912831
1824,0,1,774.413837130443,12289.8643730739
1825,0,0,1309.56437410881,47432.4327811259
1826,0,0,921.998990759072,31553.7340487162
1827,0,0,629.696208455544,60230.219005593
1828,0,0,77.5029386309678,31050.1558214859
1829,1,0,1772.85548374804,42080.1068361856
1830,0,0,960.237692052782,53418.5108291529
1831,0,0,664.652987898369,56677.6214123668
1832,0,0,109.918733972491,33419.0068888307
1833,1,1,1790.36053654331,14306.823602407
1834,0,0,1425.80162855036,34015.8498706349
1835,0,1,1167.62012409764,23502.2128231377
1836,0,0,891.192146223564,35862.1673027478
1837,0,1,1124.25931173712,23168.9234464214
1838,0,0,1796.11437554937,31862.5752894626
1839,0,0,237.976185648148,38229.5178649746
1840,0,0,1353.26492393312,43888.8830574219
1841,0,1,1176.55006037623,18662.5988285908
1842,0,1,1229.44149773733,12158.0446578657
1843,0,0,270.548125020502,34258.8312272796
1844,0,1,722.055420122015,14661.5245624087
1845,1,0,1170.19897414893,46692.1047752222
1846,0,0,840.136505158277,38738.1771531565
1847,0,1,873.641237177001,21810.6119901712
1848,0,0,434.243340354205,57146.4261041007
1849,0,0,605.274447356026,58469.4754932954
1850,0,0,428.842161894841,36980.1392701933
1851,0,0,1662.76219163807,36691.562186102
1852,0,0,682.712411748219,33175.1830451957
1853,0,0,598.513776952532,42584.1208108417
1854,0,0,1088.25476515341,32617.5934807197
1855,0,0,911.052232910621,38629.5183603013
1856,0,0,538.160022756727,44654.0931815619
1857,0,0,721.743821817129,21162.7427156505
1858,0,1,438.517367100738,17400.3908541522
1859,0,1,516.865449012954,20179.3460581976
1860,0,0,811.171202855365,42185.4435714864
1861,0,0,775.981834559193,68179.7612029789
1862,0,0,285.400001355113,39398.5653544954
1863,1,0,1554.81631872328,26430.4894049185
1864,0,0,1057.01521227956,54652.7103326948
1865,0,1,673.812427068435,17672.2879836527
1866,0,0,689.687362383195,24085.4348274781
1867,0,1,1400.34458861734,14768.6962199807
1868,0,0,601.417290539682,41490.6158444197
1869,0,1,754.859558740815,18996.8367038407
1870,0,0,639.66526148889,49977.2949555231
1871,0,0,765.772445061048,35122.0273798103
1872,0,0,220.368957650687,24019.3105599941
1873,0,0,47.3026675420401,38293.3111425554
1874,0,1,780.722398716923,23819.7887922
1875,0,0,168.813495469024,57262.7545045714
1876,0,0,1557.64095143418,46030.2620885467
1877,1,0,1891.10961430646,34448.6938546209
1878,0,1,688.747548362728,26662.376604636
1879,0,0,452.007877066517,39990.7656923565
1880,0,0,574.49119284902,31632.6242446603
1881,0,0,572.166138659987,43807.2190457682
1882,0,0,946.770746033435,26618.5227609798
1883,0,0,523.908694764035,43928.6379332755
1884,0,0,1146.35838527664,44840.0249597264
1885,0,0,1646.61391882232,39347.4567996524
1886,0,0,1216.20230943934,43656.1288917426
1887,0,0,1184.89962505962,53896.9022479321
1888,0,0,1416.06555486278,40371.2845887417
1889,0,0,431.942741359301,46658.013814119
1890,0,1,521.033066390733,16887.1603924732
1891,0,1,806.996111210472,15964.9969756191
1892,0,0,775.44392753938,33781.7810651214
1893,0,0,942.279908319669,24683.3808068886
1894,0,1,1261.25713821857,26085.0761176399
1895,0,0,509.370892230809,39546.4726439018
1896,0,0,1389.3864522944,39707.9895454689
1897,1,1,1836.16176454548,18944.8078756838
1898,0,0,196.482990431978,41972.9849545641
1899,0,0,1348.88886606098,40548.7527125411
1900,0,0,661.602025255987,43157.1192790073
1901,0,0,718.986722837885,21044.6738318112
1902,0,0,451.129324126637,39849.7132394903
1903,0,1,114.418241597804,12540.9072778859
1904,0,1,889.01231271351,10382.9368009384
1905,0,0,1046.13532436582,47218.8167896895
1906,0,1,1263.87483062067,18520.0636700749
1907,0,0,1109.03463427705,29759.6363034253
1908,0,0,698.405381166292,33265.4358443004
1909,0,0,1328.96712552824,51721.3716111437
1910,0,1,1199.80924416625,19538.0274856053
1911,0,0,1261.77845265055,26767.9232836531
1912,0,0,605.365694250337,39002.2296432858
1913,0,0,550.639886158317,35648.3906286711
1914,0,0,894.27509552637,36513.5391982463
1915,0,0,1163.53457380033,46173.768243076
1916,0,1,1061.75508628023,17502.8196418475
1917,0,1,1204.54963030766,19058.9845429834
1918,0,0,1666.41562382804,18916.3748629881
1919,0,0,412.902060866997,49060.9237393664
1920,0,0,595.065973398186,29842.8860499033
1921,0,1,836.005768320167,7404.7158430371
1922,0,0,178.154515698657,28785.9620969574
1923,0,1,627.645320776991,17868.4448460212
1924,0,0,1004.25509531634,36895.8655492939
1925,0,0,1195.39956829295,34333.9299147997
1926,0,0,515.635635549007,51072.8470169856
1927,0,0,1242.11037786126,37980.7583661375
1928,0,1,153.261039737442,14027.7907404296
1929,0,0,1086.74028592913,42451.9930812467
1930,0,0,280.959049718201,29998.8573033458
1931,0,0,955.881414291977,48657.7903659122
1932,0,0,1093.28225760166,18844.2503915265
1933,0,0,734.087945443028,22342.5503467431
1934,0,0,793.829387731877,45089.5520625048
1935,0,1,410.496187222396,25838.1973641363
1936,0,1,677.653196612126,18930.077199437
1937,0,0,814.553874491948,39148.5583732842
1938,0,0,800.177345639351,43547.3981682596
1939,0,1,300.795504329199,19673.6740583537
1940,1,1,1748.68084923477,13715.4243783025
1941,0,0,0.0,54901.8222134324
1942,1,0,1807.68449070322,42308.9544537047
1943,0,0,833.070562943635,36330.2620852814
1944,0,0,794.464327017522,32431.8205514508
1945,0,0,631.598011335176,46841.1109643927
1946,0,0,108.249452612372,45264.5647937894
1947,0,0,1040.39643430956,41395.288251283
1948,0,1,1207.05248263755,24747.8899692652
1949,0,0,67.2304390711128,45751.4479321278
1950,0,0,438.398903829459,40576.7421222241
1951,0,0,708.579794983588,21728.8201971828
1952,0,0,775.40221164083,41857.5780281972
1953,0,0,0.0,49459.275484274
1954,0,0,610.506735467533,52124.2335736703
1955,0,0,845.343264468076,34216.7543637818
1956,0,0,181.91977853135,37725.2473553695
1957,0,0,272.987840705251,63566.3659949776
1958,0,0,805.09633270973,40236.8996303351
1959,0,0,226.855704750182,33014.8933279067
1960,0,0,0.0,39576.4346515848
1961,0,0,691.928828791926,23957.7148776852
1962,0,0,1674.19782994054,54658.0741462207
1963,0,1,715.717417435996,27285.3332362387
1964,0,0,339.433429654687,44889.8749067007
1965,0,1,767.3371316798,21979.6465311961
1966,0,0,1088.48809632531,38171.3720733572
1967,0,0,28.5673908447128,35414.5782763458
1968,0,1,792.577561599725,21347.273449775
1969,0,1,1093.11502043624,22593.0816087832
1970,0,0,408.489246623899,35984.561683511
1971,0,0,1214.83096837004,38224.9620526713
1972,0,1,850.159886593427,26764.2924616864
1973,0,1,1078.662962939,25945.1789642873
1974,0,0,403.646452913669,55458.8912456236
1975,0,0,1378.16988733139,48152.9878524833
1976,0,0,306.995202580848,43504.3052364635
1977,0,0,1569.38083521793,42414.6253557755
1978,0,1,1377.26968341296,17077.242106023
1979,0,1,656.379056976585,26578.8835572058
1980,0,1,1654.63273450853,23687.3572065989
1981,0,0,702.084751460991,47811.758073426
1982,0,0,1110.060615566,40236.5014860718
1983,0,1,718.211753993742,18788.7481217328
1984,0,0,737.150431835345,50544.7841921839
1985,0,0,672.380047621219,40236.8732028805
1986,0,0,1298.00276254287,42219.911237806
1987,0,0,489.399374070077,37338.5829188421
1988,0,1,636.104269012361,20763.8278588407
1989,0,1,1406.79982672379,16686.6280102287
1990,0,0,997.809843046039,50287.8737409593
1991,0,0,0.0,49792.757258525
1992,0,1,691.224742286061,16872.15171466
1993,0,0,485.868909720812,14213.7055827874
1994,0,0,730.17967530598,42685.1846676899
1995,0,0,152.119512563395,41847.2318400977
1996,0,1,1105.9255710488,13126.2142431429
1997,0,0,0.0,47592.7281367208
1998,0,0,815.737668044724,48788.1033402741
1999,0,0,568.629894009904,28122.5940878452
2000,0,0,589.944419374561,24854.6045830214
2001,0,0,1139.56716632629,36363.6248039883
2002,0,1,344.522896814282,21341.6538375363
2003,1,0,2005.57512847054,36636.0085937313
2004,0,0,1391.03380861175,51881.8186725178
2005,0,0,1338.88459679214,32500.5848740456
2006,0,0,78.7825536317007,37605.452512539
2007,0,0,764.645179619002,49100.9483808579
2008,0,0,602.616877680921,56017.1275374002
2009,0,0,834.690059477593,42468.9136646455
2010,0,0,1391.51659069133,30152.8038725423
2011,1,0,1823.7514257788,53526.3564109475
2012,0,0,1010.07075927462,39456.9083359449
2013,0,1,1069.80034045603,14736.1469974805
2014,0,0,1116.06577105079,37074.0613666501
2015,0,0,428.402283947888,36340.6510708819
2016,0,0,147.488575172856,44482.2687786577
2017,0,1,689.519195003873,15600.0473661362
2018,0,0,939.420716799608,55360.0331224342
2019,0,1,591.140265303185,19937.0225685188
2020,0,0,1139.26436423453,41869.3186673096
2021,0,0,500.64925119635,31353.7500167738
2022,0,0,1109.40861565878,64213.1924852684
2023,0,1,733.928448994375,28105.6061988492
2024,0,0,687.95679221665,40354.2160422404
2025,0,0,118.598450931479,35974.7640052522
2026,0,0,0.0,42009.0418247155
2027,0,0,634.865043829463,49681.2245331545
2028,0,0,615.471254254668,38161.6557035215
2029,0,0,457.957743633761,36211.1949861006
2030,0,1,854.149364662585,12843.4365131165
2031,0,0,770.954517823288,42673.9931495883
2032,0,1,0.0,24283.3359823875
2033,0,0,58.4438977974732,44838.694989338
2034,1,1,1893.66433426829,21526.3506270681
2035,0,0,768.043633927125,35951.1246696067
2036,0,0,336.242417261439,46279.5258632711
2037,0,0,852.971339880666,42773.7714603002
2038,0,1,1300.70792413699,13675.5201826459
2039,0,0,743.516076473323,33764.571812105
2040,0,0,293.452357466707,38528.4473640524
2041,0,1,1472.94846140664,23877.5926590672
2042,0,0,756.1601308577,52778.0536252184
2043,0,0,465.495600172176,42358.161541564
2044,0,1,1041.43874269112,24847.8812033725
2045,0,0,709.738287402227,46363.3436703512
2046,0,0,427.117689978097,34193.1609253432
2047,0,0,612.225776174972,60323.3572672293
2048,0,0,1322.15285429723,47892.8899845687
2049,0,0,673.747681225898,25013.063140256
2050,1,0,1135.0473494721,48982.225852038
2051,0,1,509.612940118271,21928.9109904008
2052,0,0,113.66902403281,38513.3322894258
2053,0,1,560.431764396496,24511.2102139238
2054,0,0,1163.73601016216,32467.7480420105
2055,0,0,133.508914180282,49516.3408273916
2056,0,0,897.420265657772,36296.7481384119
2057,0,1,793.562784376054,13446.0562906254
2058,0,0,942.786853642611,27736.6451197431
2059,0,0,953.807008362411,40908.4061180661
2060,0,0,814.243678946983,29631.1100659498
2061,0,0,1387.70446873637,26863.1723272568
2062,0,1,601.345719044376,15897.1379986348
2063,0,0,656.52270125347,34229.3741032096
2064,0,1,1790.54409245897,21938.2092322295
2065,1,1,1925.98279481191,17763.3503033729
2066,0,0,0.0,16834.8027078641
2067,0,0,310.118642459261,31445.7710846884
2068,0,1,956.720391942074,14464.8073831658
2069,0,0,205.173197849376,47284.2535051626
2070,0,1,1572.80377803433,24557.3521138319
2071,0,1,1455.68418242227,14822.8330565636
2072,0,1,1011.45881429468,28316.7576084851
2073,0,0,413.599005794662,31466.220592534
2074,0,1,0.0,19281.7146572358
2075,0,0,377.193845357771,41901.847366319
2076,0,0,0.0,51480.3873512326
2077,0,1,0.0,13407.7585882349
2078,0,1,527.056085247217,22986.2838213202
2079,0,1,1470.33083426297,15752.681792167
2080,0,0,776.56835738045,54662.5160004175
2081,0,0,1096.20366837013,41016.2182273767
2082,0,0,130.45291025962,46094.077150219
2083,0,0,1331.60730925679,27665.6754702123
2084,0,1,598.081831318483,12385.8240760546
2085,0,0,177.010865081754,53545.0151134357
2086,0,0,937.033052836217,27174.5267042589
2087,0,0,0.0,46581.3617831305
2088,0,1,970.210731424279,19245.1981577568
2089,0,0,268.87949151699,48006.150043852
2090,0,1,708.977828284691,15968.9165569584
2091,0,0,596.009182737348,32983.5435039704
2092,1,1,1944.677458621,13026.0467334358
2093,0,1,1805.2930711196,10405.4266603483
2094,0,0,405.38804384492,28493.3507218983
2095,0,0,849.129011101,26970.7360949889
2096,0,0,988.407715272308,32458.769370572
2097,1,1,2261.84816166666,20030.1651194095
2098,0,0,1221.59976389318,40865.312887512
2099,0,0,1057.3564000395,45099.0915945878
2100,0,1,292.300020907307,17321.2271219559
2101,0,1,940.079732079506,18581.5771825384
2102,0,0,368.196933199287,32107.6787202062
2103,0,0,703.386008388494,38419.4138282151
2104,0,0,1018.22125956717,39893.3028681844
2105,0,0,240.225612056097,25042.4017278853
2106,0,1,446.634847450067,18309.790737769
2107,0,0,1277.79338062018,35620.1560022536
2108,0,0,519.584026350787,30546.8643738174
2109,0,0,933.521200054954,40378.4231241276
2110,0,1,1074.57787055667,18574.3537335753
2111,0,1,1697.75398883113,19021.0677000563
2112,0,0,1240.66470702237,46148.1974680897
2113,0,0,573.584802642976,54427.9211476451
2114,0,0,486.057013965657,54794.3921961542
2115,0,0,455.348416682872,41378.9971241894
2116,0,0,1110.43993045955,39311.5345181126
2117,0,0,1225.06555248782,49090.3693115934
2118,0,0,286.258242830821,28838.3213087934
2119,0,0,1444.63047690273,40364.5558777601
2120,0,0,1031.04458789228,38199.0467920706
2121,0,1,382.003276268327,19951.7217195845
2122,0,0,1337.31326590549,41529.5520507842
2123,0,0,463.90181290855,39626.7694268247
2124,0,0,948.77797866413,24094.7864892108
2125,0,0,626.516141890441,49207.001302772
2126,0,0,350.0715602255,45354.7461870799
2127,1,1,1492.96342101534,11054.0684385758
2128,0,0,847.635895494919,33199.3753811158
2129,0,0,241.940739949519,47843.0797377543
2130,0,0,616.538677802605,31925.1832420121
2131,0,0,733.414845283054,36724.8933064774
2132,0,0,1100.97288154076,50237.2578180061
2133,0,0,665.627833705603,55093.3823987094
2134,0,0,174.935484980574,55044.3700745005
2135,0,0,124.227296928522,51265.5461992286
2136,0,0,344.545009104845,38463.6852600914
2137,0,0,954.948270304331,42963.6617335513
2138,0,0,1629.32593561974,44911.6435301241
2139,0,0,913.044919002849,31841.6349702872
2140,0,0,1306.8430233515,49036.741695979
2141,0,1,2308.89323579289,19110.2664124635
2142,0,0,1042.42038966929,58234.766470505
2143,0,0,1264.875626447,44359.0606151526
2144,0,1,1348.64545582785,21789.3822247357
2145,0,0,1256.89228843842,23100.0094995806
2146,0,0,1046.63155340261,45717.6280506608
2147,0,0,0.0,22535.5063562509
2148,0,0,432.655426473308,22986.9317533642
2149,0,0,563.150191515129,43028.597200306
2150,0,0,721.093433921571,41411.1436808459
2151,0,0,741.592759769929,24393.3159518231
2152,0,0,1071.30534740383,19529.0351866057
2153,0,1,1589.63859843754,22541.8920327551
2154,0,0,1194.59757867201,38222.5061057633
2155,0,0,269.587918794173,38650.3460881726
2156,0,1,455.599026268747,20549.1348293718
2157,0,1,795.540791546716,10257.6724866771
2158,0,0,595.368804329898,31418.8156662781
2159,0,1,539.834793088501,13119.6858549152
2160,1,0,1322.72397902781,23229.9091337731
2161,0,0,1267.29579128671,36784.836993715
2162,0,0,1091.9997376942,34704.512288981
2163,0,1,951.785550568645,14354.6348784918
2164,0,1,559.498302110045,16994.5786720969
2165,0,1,1222.14132688581,9080.14570014627
2166,0,1,1026.10449504049,20991.3964273735
2167,0,0,1140.59420875617,25116.6682879216
2168,0,0,556.4448382508,39707.1087851566
2169,0,1,306.610770383547,11511.8842202513
2170,0,0,1271.25098586545,42533.2676642294
2171,0,0,333.07270829892,61508.7565557496
2172,0,0,1174.51950600219,23942.2057745183
2173,0,0,473.961439125698,35133.0704073126
2174,1,1,1724.96323223373,22170.6873405632
2175,0,1,1056.77065098728,14194.6589987093
2176,0,0,841.734663004714,38023.3307435184
2177,0,0,590.878172644641,52977.641978117
2178,0,1,1070.66636054645,19312.8406016708
2179,0,0,914.97237953574,52871.3243658229
2180,0,0,1130.51289893728,35071.6733795271
2181,1,0,1706.95684088777,21738.7963336109
2182,0,0,839.325506864637,43909.0039557966
2183,0,1,330.936107888082,21272.3073820022
2184,0,1,762.585019280847,24738.1184475607
2185,0,0,986.818165877003,32386.1623587209
2186,0,0,916.073000088085,42201.8205982354
2187,0,0,1263.6767875162,25695.4813712978
2188,0,0,0.0,42118.1966584011
2189,0,0,441.008786395517,47707.1251761511
2190,0,0,349.054411370492,46698.0274257906
2191,0,0,423.985471704095,37979.7853256312
2192,0,1,1295.02971264941,21717.4695488551
2193,0,0,681.724475489414,31153.6375421398
2194,0,0,1153.02130969969,20586.278109241
2195,0,0,1470.34259270138,26136.7436879453
2196,0,1,1040.87331114945,12177.0389584814
2197,0,0,1007.26867943193,28245.3200752386
2198,0,0,667.144583247857,44863.0689857381
2199,0,1,634.679970187067,17023.682864714
2200,0,0,298.704516620129,39599.6615793386
2201,0,0,909.48421999673,48358.4409666082
2202,1,1,1737.53781487331,20974.0345941775
2203,0,0,203.263817193146,46518.1324112584
2204,0,1,0.0,19750.3962215708
2205,0,1,1889.67831898356,14756.9000181624
2206,1,0,1558.46347122156,41648.3261727719
2207,0,0,1201.92753899841,45382.6135660511
2208,0,0,1051.60440723879,47529.2173130498
2209,0,0,641.525383215406,18350.7334185609
2210,0,0,883.907073044784,41668.1062021513
2211,0,1,953.809047021419,18241.7414386977
2212,0,1,1168.89554505705,14970.870086781
2213,0,0,431.330740107028,58551.893258289
2214,0,1,1291.91526301142,17910.0646052094
2215,0,1,335.357947876116,5118.74555143654
2216,0,0,30.8244500988488,35960.6060192327
2217,0,1,1119.23757441913,15214.1156270435
2218,1,1,1812.07999802735,17962.2701593326
2219,0,0,385.690838730115,44650.7829612034
2220,0,1,651.550004936348,17743.0656159922
2221,0,0,1717.49502509778,38791.057637777
2222,0,1,1181.51322144908,11784.8022592773
2223,0,0,745.27951471645,34704.620246901
2224,0,1,1453.30974668049,15183.7292181495
2225,0,1,1333.09747140115,29363.9717414648
2226,0,1,571.886359139703,15632.7692772291
2227,0,0,494.653229366309,40377.6683594853
2228,0,0,163.582608502787,58220.7804652289
2229,0,1,1371.46837154537,24248.5519615584
2230,0,0,1129.20265874509,40688.6355917436
2231,0,0,0.0,53663.166680695
2232,0,0,84.8565488441197,53760.4652568516
2233,0,0,681.451239454483,48892.5246942349
2234,0,1,1366.47753375553,11268.7743330454
2235,0,0,82.0884565037652,27357.5999305024
2236,0,0,602.996226080386,33888.4091879832
2237,0,0,176.32319984023,54798.6987534016
2238,0,1,713.799156468316,20676.9051858147
2239,0,0,137.724616656813,44747.3276836455
2240,0,0,159.973473088439,30567.8013137361
2241,1,1,1956.92390589788,15574.389976252
2242,0,0,183.576382191854,51149.281572877
2243,0,0,975.335484892047,50751.0385898927
2244,0,0,0.0,44216.9293776846
2245,0,0,424.285797016622,35675.7411016182
2246,0,0,1477.66920681624,42011.807962336
2247,0,1,1211.36364809966,14186.3886650946
2248,0,0,903.549304730362,46971.5621697052
2249,0,1,1076.23358719821,18096.7014811133
2250,0,0,988.667817971184,28486.3397522488
2251,0,0,1311.08880317964,32797.9899157479
2252,0,0,0.0,40056.692657077
2253,0,0,289.329908276396,45559.1763926521
2254,0,0,22.5371752321505,59536.2756235063
2255,0,1,287.607413255777,24440.2251953526
2256,0,0,25.8283712126898,22720.0945425665
2257,0,1,725.793368053049,23202.9639603001
2258,0,1,1137.02831791176,25117.7629744123
2259,0,0,1335.115552174,30115.1549636594
2260,0,0,1193.67697332194,34360.9095002686
2261,0,1,0.0,18162.7704916096
2262,0,0,1047.72339011775,45181.748595089
2263,0,0,0.0,48271.8704439342
2264,0,0,327.322508076444,29816.380320705
2265,0,0,771.682916735053,38854.2424835776
2266,0,1,873.678652391843,17655.7100333686
2267,0,0,974.907789283596,36763.1459689515
2268,0,0,309.82399517597,28139.6258485681
2269,0,0,286.852326895067,18402.164754527
2270,0,0,509.852253653762,49345.4256379167
2271,0,1,840.338690093895,21097.3703069157
2272,0,0,223.686918061528,23513.295384302
2273,0,0,1407.22457088516,22806.8482142242
2274,0,0,1178.98262547137,45545.1684231506
2275,0,0,1298.48481522486,39143.2919242424
2276,0,0,627.353353332944,37616.4659438129
2277,0,0,907.169775895605,27631.5677957721
2278,0,0,872.151841558757,40524.338744951
2279,0,0,620.320355649478,52536.7766460997
2280,0,0,380.33310801284,30890.0736042065
2281,0,0,1073.16853283521,51668.9608305471
2282,0,0,883.233753978823,32310.7450219943
2283,0,1,1558.21783126297,7364.83007811734
2284,1,0,2023.73360278693,32094.6278057806
2285,0,1,803.96110476315,13172.8705078849
2286,0,0,1060.20470687506,27870.1553890067
2287,0,0,869.854539572928,33589.1395470743
2288,0,1,1306.4830309386,13984.7852630211
2289,0,0,1597.89874127004,36524.7162417731
2290,0,0,1351.9624651976,43630.0369164341
2291,0,0,0.0,29475.3813765944
2292,0,0,442.590924942443,38947.3543696336
2293,0,1,963.201198699628,15938.0660973046
2294,0,0,1063.79708720935,41157.3571458082
2295,0,0,214.411562735884,42758.8128206941
2296,0,0,1258.57639880193,33571.144518039
2297,0,0,506.627150894389,49068.8708652295
2298,0,0,38.4077852191765,38702.1016770795
2299,0,0,1237.5474004851,37387.1541539933
2300,0,0,0.0,47437.5122368664
2301,0,0,555.665290924347,46584.7305012296
2302,0,0,747.937523947625,44030.461491256
2303,0,1,1000.62176785606,17223.637965174
2304,0,0,773.672947531567,40427.7419253365
2305,0,0,744.766199664743,35067.6437229117
2306,0,0,953.12336416549,51257.1438956213
2307,0,0,998.375769500884,37816.8439040519
2308,0,1,1098.95568535444,21025.9274564033
2309,0,0,521.687353906342,48700.1530798726
2310,0,0,82.7303897500605,27627.2240812824
2311,0,0,219.115003152167,31490.5334213201
2312,0,0,276.379828600185,38721.8679676236
2313,0,1,1180.36381739222,24063.3127448185
2314,0,0,620.918596651177,39099.3076254564
2315,0,0,414.857562442064,38030.8246165394
2316,0,0,1389.89055624726,48689.7303942424
2317,0,1,703.011900414413,21411.9300665588
2318,0,0,493.549422828411,52241.9221585187
2319,0,1,1351.41154301245,14003.4757244327
2320,0,1,461.782764768532,17609.8305189709
2321,0,0,143.102261880534,44846.9010094286
2322,0,0,1280.00323371245,30274.3355978526
2323,0,1,1764.68272962341,17995.7286127653
2324,1,0,1648.47401680879,55548.2541750171
2325,0,0,0.0,37409.0029911599
2326,0,0,610.5977515706,22635.066474244
2327,0,0,355.148585726055,55634.3306483916
2328,0,1,472.511100780113,19903.8920506529
2329,0,0,786.013911427481,52693.9437515261
2330,0,0,772.732074090216,47161.2767003098
2331,0,0,751.297218621075,25013.6140745111
2332,0,0,1433.71078041797,42798.5655127619
2333,0,0,1037.0085986933,36622.7922300473
2334,0,1,1827.13494992165,19616.0097315427
2335,0,0,764.50593885614,37869.2142885917
2336,0,0,589.542016743032,28237.8206768537
2337,0,0,754.127489894913,41341.8026042075
2338,0,0,911.926441504845,41249.2817354286
2339,0,0,311.918278951811,39694.4837314035
2340,0,1,933.28723117674,20694.587784427
2341,1,0,1374.47471172713,35805.708860939
2342,0,1,322.311954337768,10056.1105453176
2343,0,1,703.83876552012,19318.0593335456
2344,0,1,534.692906824283,18729.566240416
2345,0,0,0.0,26626.4858812157
2346,0,0,770.519898519212,44509.575387985
2347,0,0,1015.72588136653,31820.9412716705
2348,0,0,421.146499621363,61655.3480462194
2349,0,0,1125.09140231742,33564.0755500554
2350,0,0,857.380821963549,28755.1807565093
2351,0,0,363.941462516251,46155.5392200076
2352,0,0,1157.77970145715,32219.8317281535
2353,0,0,993.302551038859,28501.8560064325
2354,0,1,403.459427433934,15333.8762884491
2355,1,1,2134.93448768394,20330.8648725049
2356,0,1,1234.94271600876,26919.1159560061
2357,0,1,805.104251682653,22174.0288924726
2358,0,0,0.0,41933.0957701915
2359,0,1,157.514042502039,24506.1868262113
2360,0,0,257.897657222952,39477.0318565651
2361,0,0,1056.91506315656,53080.5863449038
2362,0,0,0.0,48290.8540329371
2363,0,1,1730.2910812987,19446.6757215789
2364,0,0,694.500710655688,14150.9143775224
2365,0,0,1546.76052584633,32928.6361255711
2366,0,0,428.665305286794,45570.7909478986
2367,0,1,1764.53230879329,18148.5240778252
2368,0,1,1181.9796970175,17223.3672279335
2369,0,0,943.13238975247,30178.7340616488
2370,0,0,0.0,41234.8917498708
2371,0,0,1087.19376689639,54961.2884808736
2372,0,0,14.8209530535118,32320.2655222241
2373,0,0,0.0,47207.0507207127
2374,0,0,836.010590425218,40178.9346993862
2375,0,0,1494.52113519744,42280.4078513644
2376,0,1,1318.52895693248,15821.1523474123
2377,0,0,431.12791513193,37772.8047134803
2378,0,0,1335.47357265421,45847.3821106777
2379,0,0,1141.44217585929,27914.4022527693
2380,0,0,795.119291607453,38710.3813279162
2381,0,0,1005.44408848649,40615.342195768
2382,0,0,481.24016359761,49010.7555057343
2383,0,0,427.340142965322,27260.7354645627
2384,0,1,1157.5939252283,17996.9033276586
2385,0,0,890.213022886435,43643.5823952575
2386,0,1,1321.32915896266,20302.2194675723
2387,0,0,1167.94362182514,57256.0074063842
2388,0,1,1197.17095276732,10834.1113799845
2389,0,1,922.885355540814,22988.842651777
2390,0,0,834.711894553582,28553.4718813516
2391,0,1,1264.58694064668,14649.1550227355
2392,0,0,1603.66522270642,25802.3034676049
2393,0,0,838.276067699317,55082.3175266159
2394,0,1,850.677279125117,21251.6395053719
2395,0,1,1508.30771296294,17645.3050237888
2396,0,0,1272.48057873786,34570.5706624876
2397,0,0,981.839796266036,23636.9763420578
2398,0,0,487.69502091889,46480.0359695332
2399,0,0,1046.41667284716,47598.3073685701
2400,0,0,1533.91725712454,42888.6410509943
2401,0,0,709.95356516424,37302.6221316962
2402,0,1,1610.01585761429,19649.4844285021
2403,0,1,645.688530453089,14211.147136718
2404,0,0,377.713995836783,46729.332991426
2405,0,0,994.990169963546,39315.9558909818
2406,0,0,1240.66574426481,57303.7919348133
2407,0,0,736.590612372766,37031.484769493
2408,0,0,1201.23061835404,46478.1513183907
2409,0,1,647.367388243078,16897.7896582685
2410,0,0,1161.23993389443,52064.4713529493
2411,0,1,1521.91273780211,21370.7938938826
2412,0,0,805.520628314093,43383.7065437575
2413,0,0,1155.39954792161,34539.5643783573
2414,0,0,613.111142058476,38632.130636444
2415,0,0,623.957676295727,46188.2949580309
2416,0,0,1000.90104000867,46469.1025160642
2417,0,1,807.748827444968,18760.3451969823
2418,0,0,1156.04020757225,38295.5712385132
2419,0,0,637.283463985274,32885.7019929854
2420,0,1,1241.69098684,20105.0679995001
2421,0,0,741.193062241411,31104.0044472484
2422,0,0,1169.83411318442,39386.3700254072
2423,0,0,0.0,35821.7865291597
2424,0,0,1088.30319967893,33673.3606828862
2425,0,1,0.0,22187.9662133554
2426,0,0,608.948580101663,26463.3747616096
2427,0,1,431.302789225629,15606.245841275
2428,0,0,512.653437908393,39631.695229879
2429,0,1,1241.61641988539,12058.5976188622
2430,0,0,0.0,53058.2552072078
2431,0,0,561.433746424984,37884.9611039776
2432,0,0,245.244283858513,35132.2211702208
2433,0,0,1081.06366330651,34138.323743147
2434,0,0,492.326454777319,42317.2424218171
2435,0,0,1349.57175041654,50645.2905655431
2436,0,1,1150.43167977494,11666.9897505353
2437,0,0,357.865880853581,42499.0322877445
2438,0,0,331.105276484828,45104.815196432
2439,0,1,1457.67336933605,20042.8639700765
2440,0,1,852.3139524994,15956.6488436805
2441,0,0,1378.94051426054,43998.1414025863
2442,0,1,1005.52150779749,22128.0802015919
2443,0,0,1420.99345352702,34126.4216878519
2444,0,0,570.295541157142,30615.3305485379
2445,0,1,1228.9903728544,17304.6435043052
2446,0,1,1142.93525655528,20942.0033383042
2447,0,0,759.345814829436,32066.7067252726
2448,0,0,846.683511685389,41651.2155769265
2449,1,0,2133.46420858018,28237.8823408005
2450,0,0,354.574368417241,30954.4766757732
2451,0,0,0.0,46450.9660415279
2452,0,0,1051.40173289116,30072.749307419
2453,0,0,0.0,41371.6611918409
2454,0,0,887.468137060002,30563.7702579256
2455,0,0,688.109344546568,20098.5934559042
2456,0,0,1257.34063003991,40810.172766323
2457,0,0,1175.81763466725,41447.5848149282
2458,0,0,0.0,34838.4392651422
2459,0,0,608.551738816827,22555.5085942345
2460,0,0,0.0,32608.4888384631
2461,1,1,2110.55685791454,19345.1047348053
2462,0,0,696.900167306679,38713.317056346
2463,0,0,559.468583346204,61187.8105696928
2464,0,0,715.392921772966,49473.3763755855
2465,0,1,2026.86363126394,20469.9294870885
2466,0,1,1187.35889119047,24267.396479893
2467,0,0,785.790670116464,42887.5927249086
2468,0,0,845.920369752003,42799.4395264285
2469,0,1,1032.67081461066,13901.1189667765
2470,0,0,861.272739167301,38111.0328679331
2471,0,0,1601.87794976205,27885.1635505525
2472,0,0,955.927022070948,10836.7235170758
2473,0,1,877.879803531887,18217.6136511989
2474,0,0,1043.75826449573,31523.6868953252
2475,0,1,1080.07152651519,11239.5311629714
2476,0,0,589.217895377852,47722.1701143386
2477,0,1,769.531243654556,23048.5406115573
2478,0,0,951.047531896823,33326.5871976552
2479,0,0,1189.15893364361,36223.8705642312
2480,0,0,1709.34428538326,35290.5231107356
2481,0,1,1402.55392633495,16607.564254743
2482,0,0,250.879583544008,51662.2278223809
2483,0,0,681.417622702993,26426.2292056102
2484,0,0,1333.24865929665,39196.6630062339
2485,0,0,858.76112539063,29150.3440134127
2486,0,1,992.776244853594,14204.6721465367
2487,0,0,265.302283874262,32276.462937361
2488,0,0,754.477577636106,31592.1998927785
2489,0,1,584.081228595011,24440.020350386
2490,0,0,1175.23337747506,47684.4611258042
2491,0,0,1388.66414913095,31021.5500811071
2492,0,0,410.099265013519,37328.4550202437
2493,0,0,59.1324986388108,34162.2352560831
2494,0,1,1939.71236045898,13836.9860660017
2495,0,0,886.149057557468,24466.1253855441
2496,0,0,770.999401867145,40990.6214980282
2497,0,1,306.410927063284,13594.1882331104
2498,0,0,1022.10163765588,37095.2159409159
2499,0,0,847.984035292871,24950.5339243401
2500,0,0,1596.22780752234,42993.5765262923
2501,0,1,1635.22294194078,8531.03808542902
2502,0,0,0.0,45217.8506569569
2503,0,0,1306.79691602461,48799.5119069181
2504,0,0,932.952369124232,35858.1891507658
2505,0,1,1052.87514170912,13486.1469401636
2506,0,1,1304.63434628265,13496.8798714941
2507,0,1,2052.13346327919,13130.653603687
2508,0,0,1216.72561587454,52377.8489000255
2509,0,0,526.470864997168,44241.565615351
2510,0,0,153.447936134917,36813.1987057433
2511,0,0,905.641505720143,47271.3491216911
2512,0,0,1068.87395709384,41690.0486707805
2513,0,0,0.0,30049.1002617944
2514,0,1,992.440019012243,14207.2683434663
2515,0,0,964.602563113005,36676.5716524275
2516,0,0,493.635426428971,43524.2497780804
2517,0,0,835.6564355114,44234.1703860437
2518,0,0,480.093086854764,57068.1304585653
2519,0,0,637.60187002865,52347.7620234725
2520,0,1,2134.01562679742,17897.6466128748
2521,0,0,1475.20722935074,42243.1774847016
2522,0,0,887.343288415293,55751.7208997423
2523,0,0,1376.30991124464,43234.1399246766
2524,0,0,1304.70087909965,45162.6510434416
2525,0,0,225.506104019463,54534.7097197206
2526,0,0,1261.26821856746,39984.5295894225
2527,0,1,30.5836717154543,16246.5730543365
2528,0,1,437.035235755778,16261.2075730817
2529,0,0,922.637402707839,52205.5068740831
2530,0,0,412.746814904253,44650.0784287271
2531,0,0,693.101344942079,54492.747958007
2532,0,1,915.4626481639,27283.3198293763
2533,0,1,1322.49281185068,22930.4450001465
2534,0,0,1610.08698766661,40498.9981074818
2535,0,0,1113.13425678109,27110.603008674
2536,0,0,0.0,47803.2583706419
2537,0,0,1163.14638522091,44424.8259635542
2538,0,0,924.295347531613,26397.5972914875
2539,1,1,1983.23447461812,25687.9297474382
2540,0,0,725.70058680128,49337.4023462493
2541,0,1,1030.4961553029,16662.7315670032
2542,0,1,1038.97701997859,13739.7192828712
2543,0,1,292.85741080938,15220.9358723481
2544,0,1,495.113911291501,14881.840617552
2545,0,0,659.040410781689,47942.2498219449
2546,0,0,291.968139689216,48511.6030793503
2547,0,0,471.356517447274,45573.3081141684
2548,0,0,855.822381005312,56219.8088366298
2549,0,0,918.681779425597,48160.5242871647
2550,0,0,1251.32255013337,37881.8209579539
2551,1,0,1066.88408412324,44918.4123168181
2552,0,1,1427.12403694347,12553.88673131
2553,0,1,1263.88005849002,12418.8076474375
2554,0,1,1128.14149291019,10159.2418809939
2555,0,0,694.398583061349,36570.4254410152
2556,0,1,805.398004854441,17902.5791933664
2557,0,0,519.517295548749,39704.6929625121
2558,0,1,1051.29716078292,16299.6117503271
2559,0,0,421.896902214972,37323.7594127167
2560,0,1,622.413720314637,13072.0279621729
2561,0,1,1005.26424821409,21394.1240085659
2562,0,1,537.492542862479,9421.71485785827
2563,0,1,189.998714191062,24716.9561292744
2564,0,0,309.862823258618,56100.0544139901
2565,0,0,969.445759217257,33411.8010856992
2566,0,1,775.589232604775,17030.5788535646
2567,0,0,1296.47473703462,48682.3735049529
2568,0,0,1037.15551645907,38490.3848881263
2569,0,0,978.652180274857,25742.1197305596
2570,0,0,965.046132081326,47987.3197478297
2571,0,1,816.042798135129,17894.7937734054
2572,0,1,716.185750858654,7997.62294361932
2573,0,0,1130.60888109547,43936.6464094879
2574,0,0,383.70490110482,41311.2439523667
2575,0,0,1008.15452173895,20326.5921826227
2576,0,0,652.817454280779,41161.8573542243
2577,0,1,1232.79473656528,16279.1854012297
2578,0,0,803.224401043935,52869.8078080477
2579,0,1,1443.43169552881,22693.6577546512
2580,0,1,1288.44855995707,21216.9625737112
2581,0,0,0.0,43193.2321490619
2582,0,1,1053.33264063014,10212.5023579687
2583,0,1,744.787902383804,22343.0973893147
2584,0,0,412.687613169049,33923.4580434937
2585,0,0,943.402037124015,35281.728486957
2586,0,0,1192.97402833566,39504.4760236219
2587,0,1,1071.51158264736,11082.0628991517
2588,0,0,1493.27046658618,41005.2174763552
2589,0,1,1132.83772066986,15703.0252007474
2590,0,1,597.484040633686,14796.7496702089
2591,0,1,792.975486057323,17346.1709244641
2592,0,0,1376.07540071898,22317.5655920813
2593,0,0,1060.01692111738,39757.438166238
2594,0,0,532.326738059543,30851.2777692274
2595,0,0,0.0,28711.7571298472
2596,0,1,894.125809153853,24670.1188959719
2597,0,0,906.436388161148,37309.681807364
2598,0,0,0.0,28727.1201628575
2599,0,0,506.425913944997,35333.1822214085
2600,0,1,943.501721088936,14123.7035658801
2601,0,1,0.0,14874.8002114833
2602,0,0,442.489564867692,54996.8427500424
2603,0,1,380.963307708165,20117.8300344602
2604,0,0,961.999353015986,37073.1923811729
2605,1,0,1789.09339109987,48331.1268575393
2606,0,0,76.4760889556026,27283.6917439672
2607,0,0,1067.13902561623,53995.7304950263
2608,0,0,0.0,39592.4369317594
2609,0,0,253.131982153795,40973.6465438181
2610,0,0,1056.92834752856,55409.4595968406
2611,0,0,179.700070511449,37727.5351161306
2612,0,1,990.935762651982,18197.2287289778
2613,0,0,693.753718271082,36723.4487731455
2614,0,0,965.276817800471,37705.2432205848
2615,0,0,300.876206227772,51423.6946425968
2616,0,0,1265.04493206661,47297.7227040899
2617,0,0,558.670513820666,40335.6109906478
2618,0,0,1183.98331144048,53599.7455269133
2619,0,1,1165.84020910987,20495.1586007315
2620,0,1,1542.19122652943,17265.9186145271
2621,0,1,587.767759147184,22669.4243298994
2622,0,0,0.0,31005.0357580094
2623,0,0,389.97669455325,27329.9793137832
2624,0,0,647.075900997426,55522.6239251504
2625,0,0,70.9831629934717,40012.5329121316
2626,0,1,115.545355510685,12670.0276198346
2627,0,0,90.9334471934814,42451.73557619
2628,0,0,1230.4242558487,51716.7399008311
2629,0,0,201.558399425731,27924.8465630726
2630,0,1,1562.8461550518,10353.9039107505
2631,0,1,622.895209146373,11019.8775588539
2632,0,1,1142.12695524821,9184.73276156983
2633,0,1,1796.26763981162,21126.1772070552
2634,0,0,947.423970124182,38505.7838671203
2635,0,0,419.440579482408,34332.6613136932
2636,0,0,1660.82770182402,53754.2007216096
2637,0,0,391.240461740877,24972.2459136159
2638,0,0,613.430936470434,34745.0074718263
2639,0,1,1024.10880694689,18667.9256525825
2640,0,1,0.0,25976.0651146895
2641,0,0,1252.95833769344,33876.1890302511
2642,0,0,708.837481761084,55675.7598635712
2643,0,0,266.647086073167,16515.3084266926
2644,0,1,1339.3636140539,19496.1652150138
2645,0,0,781.595335858498,49457.1052970342
2646,0,1,1021.37011086601,19032.5090112018
2647,0,0,948.494278459002,40739.859930577
2648,0,1,1312.93377963414,20208.5446086432
2649,0,0,0.0,50861.7888483641
2650,0,0,0.0,24566.4833655163
2651,0,0,0.0,30922.6042126622
2652,0,1,859.336963698516,13993.6545371705
2653,0,0,646.157667991941,45696.8316119872
2654,1,1,1707.91463425405,10591.7174194294
2655,0,0,133.673454962256,28492.4003038224
2656,0,1,80.5956758170268,16145.6376951064
2657,0,1,631.600847713154,17845.0741549791
2658,0,0,1236.61791406009,40668.7253963171
2659,0,0,742.583373337697,40085.4399499286
2660,0,1,97.0314627755507,12731.7575532721
2661,0,0,1054.22211036238,50900.2425566065
2662,0,0,959.600287013541,29850.2120699575
2663,0,0,1258.8522773849,33683.1817331798
2664,0,0,443.246466812384,36547.1610411452
2665,0,0,1605.10241527746,26126.3294382766
2666,0,0,0.0,25964.8443397551
2667,0,0,832.645975118982,25106.3747819931
2668,0,1,443.537028835006,19632.175421715
2669,0,0,817.431769304621,40088.0505149409
2670,0,0,881.663799741016,43725.9975260941
2671,0,0,1154.09427380224,48400.2411526906
2672,0,1,961.575563726495,9681.49389260076
2673,0,1,516.121959538246,17538.4616181002
2674,0,1,1357.41186805469,22572.7901256335
2675,0,0,1036.03059447072,35261.3557800662
2676,0,1,900.609341667944,17802.9272603153
2677,0,0,1516.32602496866,46393.264538099
2678,0,1,1015.20453493838,22208.3289188996
2679,0,0,232.105743961613,40368.9568536782
2680,0,1,1082.28413297939,19451.8162821094
2681,0,0,682.439660780583,17992.9711781875
2682,0,1,1218.13887966779,18144.9848326958
2683,0,0,802.413142185246,47444.4928019833
2684,0,0,143.854898263963,38014.873488625
2685,0,0,1087.46579379215,32908.5271228366
2686,0,1,895.753955582569,14753.2973335428
2687,0,0,660.285496472662,58956.5131752064
2688,0,1,630.973489225016,19087.174780095
2689,0,1,1648.96602929081,15402.4820810585
2690,0,1,975.955597358429,18246.8157222368
2691,0,0,297.005378251911,22955.082122953
2692,0,0,0.0,47328.2329138298
2693,0,0,0.0,32629.9448499907
2694,0,1,789.214894854669,18231.8302550712
2695,1,0,1804.03647479983,31318.2960261533
2696,0,0,1266.11386715157,29698.5162713578
2697,0,1,135.187643441951,20414.4121733742
2698,0,0,28.8137434583154,36941.0634015026
2699,0,1,0.0,15347.9142879003
2700,0,0,750.698996449431,49150.3458527715
2701,0,0,805.305116879863,57386.1287972174
2702,0,0,1093.80300483916,29573.2382295888
2703,0,0,483.965271303408,44335.9581121448
2704,0,1,1534.39488363839,19592.1093866604
2705,0,0,1349.18729128375,48013.6902006639
2706,0,0,158.57044274848,20575.4650114133
2707,0,1,172.462019863183,25850.38312555
2708,0,0,1280.76286092074,53675.567547248
2709,0,1,213.173275202051,22811.4569780821
2710,0,0,0.0,32248.5365682336
2711,0,1,704.013648569297,13903.4557309642
2712,0,0,708.813976162633,38295.2338064477
2713,0,0,257.396383130284,49477.7856417043
2714,0,1,1188.74429622289,22867.0705856512
2715,0,0,0.0,62886.7092280909
2716,0,0,1321.70389084265,45581.7947809335
2717,0,1,882.581967513754,17749.9720524961
2718,0,1,1418.13414828413,11964.4250856383
2719,0,0,1245.42220532725,36897.7801091248
2720,0,0,339.52926852911,58747.387734794
2721,0,1,824.547830415245,29088.1113478079
2722,0,0,241.442690317856,30171.624493137
2723,0,0,1510.79325032928,47684.2394572224
2724,0,0,396.641249971246,52174.9542732654
2725,0,1,1633.69780348788,15786.3173190984
2726,0,0,650.418341067726,47122.0724707326
2727,0,1,1382.43823059019,15680.6104930058
2728,0,0,613.480294534844,24367.8614211989
2729,0,0,1424.35121841428,37845.9992477028
2730,0,1,914.108175564388,19053.0058906903
2731,0,1,802.008930409247,15469.6526246997
2732,0,1,539.674902980334,18852.2738479107
2733,0,0,337.575999886826,52192.274717818
2734,0,1,813.494837592495,16681.3502966219
2735,0,0,477.882121951291,39834.0308074595
2736,0,0,342.191602086332,32154.7535517213
2737,0,0,840.365781019741,45316.8354075388
2738,0,1,865.565592160238,16643.2409619883
2739,0,0,645.591636551786,44402.1062312719
2740,0,0,1755.38891023201,35031.532001505
2741,0,0,498.749450828635,51690.0634671793
2742,0,0,587.781081680208,30859.6363376973
2743,0,1,824.616593532163,10062.5759326032
2744,0,0,0.0,32660.7252649811
2745,0,1,880.803636009251,20436.439029474
2746,0,0,917.122134744438,48227.8193683666
2747,0,1,789.717540631928,19280.5442609264
2748,0,0,763.855624656873,52938.0354701238
2749,0,1,1062.16650954244,17383.2585454709
2750,0,0,944.332567427518,44444.1491764787
2751,0,0,877.501422954717,25587.7439274115
2752,0,0,1344.10340586866,41417.3459241838
2753,1,1,1543.09958172152,18304.6505704657
2754,0,0,380.317450057093,38864.5841504208
2755,0,1,1176.89330253282,23634.8157312548
2756,0,0,733.199914922476,34524.9188645622
2757,0,0,348.997028765626,48942.025780663
2758,0,1,1380.08752574481,19245.8326918501
2759,0,0,943.165719446864,40369.6980309479
2760,0,0,1248.88584911739,51897.3949083789
2761,0,0,713.223492012257,51107.8600950232
2762,0,0,834.235608163585,36721.8622064862
2763,0,0,0.0,26200.0384004908
2764,0,0,1558.88386183939,37489.722114493
2765,0,0,1362.1866190624,37736.7496039701
2766,0,0,1581.5215047733,45729.8880504535
2767,0,0,324.854971443152,39752.3541911937
2768,0,0,1112.73574005438,47527.1255757851
2769,0,0,379.598726050867,32578.4358262251
2770,0,0,1549.09815138139,26239.7818673703
2771,0,0,1489.41591455079,46732.7678074658
2772,0,0,548.206363841177,41647.7271645224
2773,0,0,561.968472973583,37637.0050338339
2774,0,0,595.486701367495,34470.4180269734
2775,0,0,267.513968799493,27364.8654758573
2776,0,1,1793.30318771576,21034.8796514479
2777,0,1,1773.15354152211,10177.8667369627
2778,0,0,618.860372699187,37333.3338338767
2779,0,0,205.643808098518,37766.4936916137
2780,0,0,1011.43154284564,36364.7538519545
2781,0,0,0.0,38130.6456699094
2782,0,1,1154.43210536761,15221.1723898836
2783,0,0,292.515980695164,43705.3790386263
2784,0,1,1106.94627728914,19233.7738901491
2785,1,0,1665.95462052154,30070.1352632411
2786,0,1,968.671100957993,22212.7410345933
2787,0,0,797.249369291247,39928.5881786115
2788,0,1,636.897822720102,18620.2389516182
2789,0,1,1011.33484841618,14101.2902997406
2790,0,0,791.035222304402,47303.6766391529
2791,0,0,942.474749546844,36965.045572252
2792,0,0,706.974277907863,46165.1545334877
2793,0,0,767.434812504422,55990.8746075411
2794,0,0,568.843668259642,37074.5408136899
2795,0,1,1271.56295706235,18999.6168066482
2796,0,0,938.93914172612,44280.7863513009
2797,0,0,1012.19419884962,34631.7060500926
2798,0,0,1355.49323059172,18935.5115098085
2799,0,0,912.048721941633,43486.9570806417
2800,0,0,289.598834250938,25724.7706367641
2801,1,1,2035.86155654759,14435.8431942214
2802,0,1,1602.17988580191,17858.0679077374
2803,0,1,0.0,20067.8097636582
2804,0,1,1202.39070517802,14036.620879558
2805,0,0,554.707652869949,28164.1985522537
2806,0,1,229.988723491338,2541.20081429886
2807,0,0,768.979148022833,35503.908958838
2808,0,1,1211.04014613145,16898.1294674003
2809,0,0,0.0,35648.3811626747
2810,0,0,0.0,27537.7353522315
2811,0,1,859.936651054091,15966.7171268936
2812,0,0,0.0,47556.3012519447
2813,0,1,1471.53839065507,14959.6618849532
2814,0,1,582.873867246957,17730.5511020256
2815,0,1,463.119339198824,25858.2817451931
2816,0,0,986.154130259503,48940.4900300522
2817,0,0,534.74605449766,29685.1292285637
2818,0,0,1402.69052668977,39656.6321983597
2819,0,0,967.748001029539,46278.0745202707
2820,0,0,884.022517779637,36889.4282456393
2821,0,1,455.699938269666,19080.8089865564
2822,0,0,0.0,66915.5717874548
2823,0,0,1141.23821047479,37917.664539202
2824,0,0,365.235879827926,21358.0000548144
2825,0,0,38.3759245804087,33579.3562250615
2826,0,1,731.970611270271,13593.1405109879
2827,0,0,1006.71978598059,47784.3184738
2828,0,0,1107.80115591006,34561.9495390561
2829,0,0,777.530808732216,45673.6739067692
2830,0,0,1501.42608729104,35398.9571179788
2831,0,1,862.060038480201,12085.453081915
2832,0,1,12.1864202972865,19910.9689671724
2833,0,0,0.0,30208.0464441745
2834,0,0,1820.32548997904,31309.9984840594
2835,0,0,576.068992874935,40179.8300541545
2836,0,0,837.752621293608,31017.9011357947
2837,0,0,399.79388495453,34875.3323287297
2838,0,1,578.755098896161,20909.8353696313
2839,0,0,1106.54087450671,46565.0599536009
2840,0,0,390.745611388115,38442.2960634912
2841,0,1,274.194627807201,15421.5516574414
2842,0,0,1476.87764199903,42271.3334081722
2843,0,0,578.460742369528,20306.9360124814
2844,0,0,1064.14771330635,28192.1258830283
2845,0,0,1598.30341726465,46404.6646948089
2846,0,0,863.451829577626,33529.8806538019
2847,0,0,1157.75985725331,32574.5028988198
2848,0,1,406.386049074329,24086.9524874473
2849,0,0,309.244487695007,44202.707504713
2850,0,0,943.951244268014,28353.6300145365
2851,0,0,1206.79193715819,42916.7013947578
2852,0,1,1448.06045753637,21028.2867502157
2853,0,0,1166.59398929301,26977.6227486721
2854,0,0,800.308671985169,61281.3008105003
2855,0,0,714.926000080201,31032.8697000759
2856,0,0,471.255083069548,28417.7419907703
2857,0,0,662.164445094238,30390.0600699128
2858,0,0,770.431961924154,53398.3147279232
2859,0,0,597.326869569873,55496.7771129435
2860,0,0,140.853022519257,48183.276739854
2861,0,0,1035.55294399821,29423.2320285923
2862,0,1,784.108781180829,11560.5676985619
2863,0,1,442.027425025125,17072.3366388213
2864,0,0,888.081431985558,54072.6570198482
2865,0,0,704.202908307044,44775.1220069959
2866,0,1,1016.45061642842,15099.5302012588
2867,0,0,1036.46072800598,42914.9816724656
2868,0,1,1060.22003413916,22795.9429883192
2869,0,0,1243.92805989896,38075.4382991815
2870,0,1,1291.97734580897,26571.8745602488
2871,0,0,69.2524758053385,20222.8662388676
2872,0,0,196.389285525811,29932.6620347111
2873,0,1,709.02710288381,18305.7345223333
2874,0,0,1034.14996239185,52106.838703787
2875,0,0,868.006030057611,50549.5334619526
2876,0,0,1236.00699323762,48800.3568478613
2877,0,0,12.9123495546217,46282.2577329848
2878,0,1,826.453636513914,21342.7030297358
2879,0,1,703.990009364015,20752.1754356717
2880,0,1,817.12143840031,13152.0341263611
2881,0,0,1210.01463106309,45066.133244343
2882,0,1,766.406247421833,22296.9836996044
2883,0,0,1643.65405150902,33980.8258311547
2884,0,0,1053.01477816353,54009.6319447305
2885,0,0,240.077434521457,41508.9556964546
2886,0,0,62.6529485075977,44440.7054833724
2887,0,1,924.233203921663,11194.6688781448
2888,0,1,944.0710358903,26027.6876516962
2889,0,0,295.785442761409,51837.7523256459
2890,1,0,2085.58697818352,35657.2256698961
2891,0,0,474.355263765365,58068.622244121
2892,0,0,504.723352582326,54297.113655632
2893,0,0,292.384144390822,33961.1004508478
2894,0,0,593.28046779734,40227.1438816191
2895,0,0,76.0640883415746,50054.762346969
2896,0,1,1270.09281045792,16809.0064517962
2897,0,0,877.343686869074,40689.4785866351
2898,0,1,932.560942548355,20980.8055046156
2899,0,0,279.963388337914,30262.1171373507
2900,0,0,1155.17500588789,40398.3993465471
2901,0,0,0.0,45431.7575917118
2902,0,1,1216.76756165806,23378.5728235637
2903,0,1,0.0,15274.4690275404
2904,0,1,728.549399239302,22891.929378285
2905,0,0,0.0,48365.5775942221
2906,0,1,643.565267155744,21323.0494420304
2907,0,0,973.082364343836,27289.2713224842
2908,0,1,1177.95742476218,14385.1670694871
2909,0,0,196.987111415452,41314.9936158109
2910,0,0,1526.26866859684,44845.1362915323
2911,0,0,441.396084563066,56060.2036101666
2912,0,0,1004.64177302612,56533.3130669827
2913,0,0,1258.0695338251,36645.1405748822
2914,0,0,1563.99341883986,37119.6019665666
2915,0,0,367.351576264879,29905.5278559754
2916,0,1,1222.76804081127,18276.4340649165
2917,0,1,1582.20281304722,19682.8724899139
2918,0,0,647.130283028569,32725.3866528515
2919,0,0,0.0,33146.4953386027
2920,0,1,1585.33302945841,15079.4889372438
2921,0,1,837.972336155771,25773.18264869
2922,0,1,686.782149406402,10543.556316488
2923,0,0,947.842158985083,37891.0370436422
2924,0,1,1205.05500790969,18101.6763143196
2925,0,0,1254.13105462544,37456.2619909468
2926,0,0,949.12384629503,50528.5338652232
2927,0,0,530.246019980845,27610.7030900378
2928,0,0,833.689970256381,54558.1401094237
2929,0,0,638.465310882778,36173.982445364
2930,1,1,2387.31486743363,28296.9147184634
2931,0,1,839.390890223131,21383.2311743407
2932,0,0,294.634280951069,63285.0251126079
2933,0,0,1178.1794376938,34720.93615732
2934,0,0,1149.72013584048,57890.5159582793
2935,0,0,909.764267678658,42468.2782209452
2936,0,1,1391.50802679447,18539.5903551185
2937,0,1,1029.24963218458,18018.3583136311
2938,0,0,1504.5969399062,30773.7428447844
2939,0,0,1276.48929998979,35122.8536147464
2940,0,0,874.915042538444,25023.3230927
2941,0,0,1104.68946321199,51516.3362893771
2942,0,0,0.0,47056.1991877334
2943,0,0,698.800443956759,37466.0202992199
2944,0,0,1055.41086822615,33945.1427605779
2945,0,1,131.28461051854,14491.8440664948
2946,0,0,795.903785966359,44181.6718636109
2947,0,0,611.954296807175,39291.2037327881
2948,0,0,1670.42300806804,41409.7711489966
2949,0,0,1423.14954532056,33591.2315394354
2950,0,0,770.641939176912,29623.4712882975
2951,0,0,1315.46960886839,29808.3522278598
2952,0,0,599.204105037746,53218.1108551285
2953,0,0,584.356741021441,34128.7669919245
2954,0,0,27.2718784920017,51659.8784114258
2955,0,0,65.727595083941,32332.1826526434
2956,0,0,1338.46111617072,23909.5469466814
2957,0,1,1120.42296847456,16151.2528468193
2958,0,0,726.029343828679,41996.1244144327
2959,0,0,1353.5882835195,44372.7939185397
2960,0,0,531.744210691983,38122.1923999718
2961,0,0,1824.64138514206,36762.8088401801
2962,0,1,894.465468093504,14035.4991381187
2963,0,1,1275.53856458025,16445.6247238911
2964,0,0,550.624394138456,19106.2657896555
2965,0,1,270.391026233552,13158.4422264498
2966,0,0,651.998604093421,35266.1284410747
2967,0,0,718.351102130362,50765.8926332738
2968,0,0,1008.94653988105,31235.7829233479
2969,0,1,1510.74781182426,13390.920000546
2970,0,0,1393.36828331237,38371.9774624643
2971,0,0,586.588274391791,45519.8377116615
2972,0,0,793.41392669019,45873.1799719756
2973,0,0,285.910169131952,43263.6306402331
2974,0,1,550.381055833744,20322.7686347979
2975,0,1,716.491995031387,16785.38532485
2976,0,0,383.686466865314,39946.4849685717
2977,0,0,252.333309120169,38431.8186913772
2978,0,0,1164.10427048392,40167.0233128899
2979,0,0,1080.18577692773,38398.8660985364
2980,0,0,906.478544181793,47101.990627242
2981,0,0,457.800098565629,26567.2410810938
2982,0,0,1215.86735927272,42762.1218348043
2983,0,0,217.361520631417,45083.1113673866
2984,0,1,1076.72770461126,12502.644915854
2985,0,1,58.0660620767268,23639.2336232889
2986,0,0,1615.22500095207,55219.5200109581
2987,0,1,1119.00178869123,22811.3937992159
2988,0,0,671.958067158231,17621.4538490347
2989,0,0,634.217926382519,38672.7496473851
2990,0,1,831.818536264928,16164.4846069406
2991,0,1,373.062516538222,22018.9821001083
2992,0,0,776.45487621134,58481.5439128062
2993,0,1,1031.30393864173,12195.3798286488
2994,0,0,910.67241583492,43795.5817003373
2995,0,0,1010.80906498233,42163.4535969444
2996,0,0,1090.35035030746,48280.9463176416
2997,0,0,1008.55034292712,53801.6156352849
2998,0,0,0.0,50127.1804741921
2999,0,1,1824.36800350787,20074.281096784
3000,0,0,730.164418478993,44411.6782657153
3001,0,0,991.131782568508,30941.5485184931
3002,0,0,1356.51666465842,35030.6350247283
3003,0,0,576.635576855956,41699.2097914708
3004,0,0,1334.55419121029,43385.8218096759
3005,0,0,1487.66180770107,47624.3796002969
3006,0,0,778.693492520054,48551.9710763614
3007,0,0,444.196382313779,37599.4201866652
3008,0,0,1023.3621601843,34632.1026922622
3009,0,1,153.400095790985,17840.3848795581
3010,0,0,661.760616380205,47169.3568472448
3011,0,0,312.614706540541,34918.6129080311
3012,0,0,645.372564533028,30102.0355391676
3013,0,0,0.0,49010.2733191107
3014,0,0,779.614723353116,22975.4930226039
3015,0,1,569.498790806107,19755.5211422928
3016,0,0,1287.7658951664,38507.119385618
3017,0,0,1177.81506956381,32294.545651069
3018,0,0,795.36855707841,25704.646642625
3019,0,0,877.039196960132,24902.7354908039
3020,0,0,823.991988281087,36701.5301668565
3021,0,0,1019.21535840238,52089.6446283696
3022,0,0,942.7374821355,38908.8811192002
3023,0,0,6.78786175914353,40145.3390915312
3024,0,0,0.0,55158.1512404129
3025,0,1,1420.20420508849,22790.7958314378
3026,0,1,1254.66258256834,18189.5207628528
3027,0,0,0.0,37796.4034569111
3028,0,0,1140.07189936953,33605.3779326313
3029,0,1,747.958511235591,19869.3901776741
3030,0,0,1598.60255266892,48717.2631496507
3031,0,0,1226.37071722572,21426.3069842743
3032,0,0,929.81993485051,50611.9859546811
3033,0,0,807.405738044711,43853.8842526712
3034,0,0,345.364941188499,56965.7021104141
3035,0,0,982.450944888935,42907.0261908207
3036,0,1,1067.67076675222,14485.9484894985
3037,0,0,742.540614206705,39017.9503227464
3038,0,0,1060.17844742674,30948.2902664064
3039,0,0,523.753367762277,33767.0507141975
3040,0,0,697.982915044228,29799.3191983562
3041,1,1,1500.89453315481,15802.2328831476
3042,0,1,1682.89763103161,14378.8906007665
3043,0,1,1264.04207020702,6466.51340820681
3044,0,0,1352.46233583861,34247.7800247361
3045,0,0,376.878916634947,50671.3227510851
3046,0,0,629.561281534804,37255.3650881247
3047,0,1,709.414229834247,11355.1127102972
3048,0,0,541.346278833226,42332.2462776754
3049,0,0,421.172381915513,42721.4777704317
3050,0,0,500.804219905073,47910.9638496034
3051,0,0,0.0,41663.3401134605
3052,0,0,1089.36587309618,43360.160154297
3053,0,0,603.847482534768,56468.1222446001
3054,1,0,1165.53985274391,50341.5739037883
3055,0,0,1457.62260167022,43155.3626996991
3056,0,0,390.055026370176,27108.2136591038
3057,0,0,584.14121640762,35517.2291107955
3058,0,0,901.012282940652,13498.1265266132
3059,0,1,1380.09673715716,14142.0754374369
3060,0,0,1146.06768909788,39902.4418921895
3061,0,0,1058.02596863123,43327.0261054939
3062,0,0,474.37966209093,35980.7527880855
3063,0,1,969.143518900583,22425.4057574307
3064,0,1,1616.73887826784,12557.8228818817
3065,0,0,1185.02865067438,33298.5003998479
3066,0,0,472.633228937598,41257.3860294191
3067,0,0,1257.62512281905,30964.234583001
3068,0,0,640.918438752274,37306.693987099
3069,0,0,105.74424765583,42442.8473498048
3070,0,0,672.426792683469,25947.2454089183
3071,0,0,568.66644703703,45186.9759350042
3072,0,1,368.198298777589,26670.0121129721
3073,0,0,1546.5485063767,57266.8295893596
3074,0,0,230.220394093857,28930.2545205789
3075,0,0,815.054702367188,34200.1833534918
3076,0,1,164.305511667688,17995.8582582269
3077,0,1,1785.79751592117,15291.6707951932
3078,0,0,661.052297809298,27873.6379119519
3079,0,1,979.877154915477,13522.4215063983
3080,0,1,778.249905207303,23805.9105658439
3081,0,1,190.619278273277,21744.5093170033
3082,0,0,523.813716991703,45284.1893484951
3083,0,0,175.698868756298,40044.4703210203
3084,0,0,977.947923151752,38368.4841700356
3085,0,0,837.695359207891,44260.764414896
3086,0,1,1436.32081999305,27658.3866683394
3087,0,0,638.229500996191,53812.7978817314
3088,0,0,714.011659055547,48631.3643616269
3089,0,0,738.253247663666,36086.0921345943
3090,0,0,507.526534856238,58027.7709224602
3091,0,1,1033.83349441517,15818.0613960182
3092,0,1,19.7394609228466,20514.1713659729
3093,0,0,434.704864003897,48898.370116341
3094,0,0,0.0,45334.8393330862
3095,0,0,629.764071852454,53069.3251510712
3096,0,1,522.767758901132,26900.2807227485
3097,0,1,294.656487541739,11681.4623321503
3098,0,1,469.425632910344,14647.0022693022
3099,0,0,838.437038320411,40903.4806861138
3100,0,0,1407.63951456969,52746.1331466994
3101,0,1,1417.22549877778,16053.9742636275
3102,0,0,363.99406462259,38110.4431111925
3103,0,1,128.2518222274,17076.5736044951
3104,1,1,1894.1682010356,28321.6845474435
3105,0,1,1624.79564181453,10623.5974508246
3106,0,0,645.949270764738,46406.3379836007
3107,0,0,684.08490485463,38184.5683849571
3108,0,0,1168.28453841559,46904.6038233881
3109,0,0,766.124054874063,51614.0562036621
3110,0,1,738.268601159608,14063.075460661
3111,0,0,525.890338272459,45530.5091218435
3112,0,0,631.253506690788,38877.5703324555
3113,0,0,0.0,65943.7839407987
3114,0,0,913.913965747442,53809.3303582318
3115,0,0,578.75256633534,60498.9254643735
3116,0,0,1503.84995075327,43888.3966632069
3117,0,1,555.26579692751,11581.2206625315
3118,1,1,1289.24621049482,13624.5452584785
3119,0,0,545.566510669188,35714.6511274284
3120,0,0,1112.34899226149,33468.8221845045
3121,0,0,564.907448112707,35820.8856846426
3122,0,0,591.841407435346,38879.509879024
3123,0,1,908.122811892834,22084.2716490222
3124,1,1,2169.1961867561,18195.266900905
3125,0,1,1108.10536566553,15337.3022718717
3126,0,0,0.0,27167.2603910132
3127,0,0,957.59190285973,35330.8553531478
3128,0,0,448.039968335433,29537.3102493441
3129,0,0,1188.07287547976,40704.7072215123
3130,0,1,1223.88581431864,19520.0090003741
3131,0,1,959.967042003211,18413.863852335
3132,0,0,734.721836402582,35010.0258726036
3133,0,0,0.0,47628.4118282352
3134,0,0,1423.28425807832,48914.1970808439
3135,0,0,217.163501322414,26975.4918093769
3136,0,0,672.045138944367,36705.340458901
3137,0,0,830.765389790969,45958.9842240714
3138,0,0,652.528178921525,58750.4959950061
3139,0,0,533.98914819549,64930.2397951393
3140,0,1,1626.63407931271,17721.6300644138
3141,0,0,1382.12097668255,30395.6882250574
3142,0,0,0.0,38663.2005143246
3143,0,0,1165.68915192015,38110.3647750536
3144,0,0,1190.42050704866,34198.0513266132
3145,0,0,435.214657082187,39505.4124572119
3146,0,1,1382.42254388129,17166.0425659832
3147,0,0,1265.95483303591,27233.5630600524
3148,0,0,1303.6261315388,40010.4651612535
3149,0,1,240.101366708208,21142.0419014151
3150,0,1,326.438624759238,21109.4318148152
3151,0,0,562.801930706545,41934.5973333166
3152,0,0,531.486360558458,28836.1926228196
3153,0,1,594.544379822067,17875.3390701557
3154,0,0,745.733892852885,60180.5611339407
3155,0,1,1218.63890457213,29899.8068497328
3156,0,0,266.460481236812,37622.053763459
3157,1,0,1899.54684151896,46076.2371099544
3158,0,1,717.601673035205,13729.0517632399
3159,0,0,507.334595801347,56075.1028426006
3160,0,1,1422.77458643494,14044.5334985768
3161,0,0,1253.69961429401,37645.7999594114
3162,0,0,1301.65076544526,38918.9941683265
3163,1,1,2415.31699391852,17429.5033745136
3164,0,1,1367.01387474484,11293.4692594247
3165,0,0,449.051598436776,31624.9056780779
3166,0,0,505.69787294247,31971.312911759
3167,0,0,1150.45878459287,54982.7518342462
3168,0,0,981.492213375106,30385.0690772958
3169,0,1,612.266052400423,16270.835641784
3170,0,1,1122.29238597315,20351.3360667593
3171,0,0,59.7970712775648,36000.0726853644
3172,0,1,1353.01184468869,26207.686279121
3173,0,0,1232.23352673704,50731.8642626049
3174,0,0,924.013153395013,28803.7746928539
3175,0,0,517.824545856159,65501.6207632461
3176,0,1,1795.71686966829,12547.8290854168
3177,0,0,983.560560031474,26050.1300463798
3178,0,1,990.354260295393,18998.0907794504
3179,0,0,1529.51700578981,52681.7066584364
3180,0,0,272.873129347169,44249.6786805901
3181,0,1,636.206615613261,19468.4338686625
3182,1,0,1751.3470875819,38381.5857951997
3183,0,0,721.920379651685,46269.8372071628
3184,0,0,511.417511107721,25768.2854912985
3185,0,0,563.687202812714,41354.3501614922
3186,0,0,1110.72092233933,47221.4476200208
3187,0,0,403.034376540735,48874.1511646109
3188,0,0,430.090423291076,29246.3770929261
3189,0,0,278.473984331957,33187.7689316935
3190,1,0,2228.47228298224,27438.3489877221
3191,0,0,1201.7826165182,30099.1623728274
3192,0,0,490.798404423966,44686.1031484568
3193,0,1,792.855972361212,8699.5983434718
3194,0,0,870.662370949311,37180.0676510813
3195,0,1,1149.20983594409,11337.0592459496
3196,0,0,493.533675003618,49735.5676052007
3197,0,1,874.348375779509,10845.0188294157
3198,0,0,1097.94754012715,23224.1278255065
3199,0,0,976.149122427934,29998.3630717934
3200,0,0,1373.72537886877,43124.2131477426
3201,0,1,1282.76284131274,22360.1963285236
3202,0,0,636.728473821258,45649.1708111331
3203,0,0,1823.23192186717,24744.8540564406
3204,0,0,605.863800626186,34515.1956633224
3205,0,0,0.0,27888.8260319906
3206,0,0,491.520310598523,37128.7743004733
3207,0,0,248.362396685326,37868.5597638725
3208,0,0,1036.50374625815,37151.410641444
3209,0,0,1130.89393293248,35235.3656766103
3210,0,1,1048.53898279113,10392.064110379
3211,0,0,1251.88850207923,50174.3290696742
3212,1,0,1578.84749623034,61220.1331459946
3213,0,0,0.0,40341.3388308665
3214,0,0,1531.96295796379,33595.4327847968
3215,0,0,935.465250260437,30909.9309111235
3216,0,1,1056.18106719726,16873.5117589505
3217,0,1,1060.7768268,21430.7912243481
3218,0,0,253.850878596445,41472.12196196
3219,0,0,323.123255734341,36119.428823176
3220,0,0,1051.22456471934,31749.6390256998
3221,0,1,925.947058262368,14258.2674251905
3222,0,1,831.241934194458,13702.9999252162
3223,0,0,280.836868259054,56567.0083341454
3224,0,1,1092.34254978766,20465.1538178253
3225,0,0,702.276627024546,49708.9552518842
3226,0,0,663.095887703946,32756.2599089522
3227,0,0,224.742276443814,25386.994874052
3228,0,0,1108.68051381323,60725.5268353644
3229,0,1,0.0,20071.8216934197
3230,0,0,352.798060721095,36751.9778574126
3231,0,1,1390.18542567835,21735.246943326
3232,0,0,599.647361025925,32471.2162382839
3233,0,0,514.545492306024,45763.8998309111
3234,0,1,484.894316676271,15883.6644313447
3235,0,0,278.720441419797,49231.1908001463
3236,0,0,661.055733669173,35806.0515057641
3237,0,0,1110.29633959694,27501.122647951
3238,0,0,1306.25756758999,29376.4413748145
3239,1,1,1966.06296646795,17735.7788026984
3240,0,0,588.564771289966,33224.4447530513
3241,0,0,0.0,42869.158832428
3242,0,0,1289.60223717482,35164.8897588595
3243,0,0,1054.27849856309,50795.2066162592
3244,0,0,0.0,43513.114661305
3245,0,0,897.807241768884,37899.6677887156
3246,0,1,673.785590697002,13344.8569533158
3247,0,0,636.335023462698,49487.600894741
3248,0,0,412.071614629222,48347.2969819857
3249,1,0,1898.32349723464,61011.2159467102
3250,0,0,1606.40367507053,27382.3253889581
3251,0,0,0.0,41040.195117173
3252,0,1,0.0,20157.2512618026
3253,0,0,486.384423514895,53051.7236774199
3254,0,0,1738.11083484111,38821.6262992155
3255,0,0,0.0,62746.8367910017
3256,0,0,355.936626583036,34730.8855238897
3257,0,0,0.0,24818.3586256459
3258,0,1,1925.98745137575,20441.6744442389
3259,0,0,819.11180022869,55716.5487287265
3260,0,1,588.756707004039,24015.9606718244
3261,0,0,975.571998093294,28804.0002507826
3262,0,0,127.161925515577,40727.5549957015
3263,0,0,713.43681341347,48176.4282203171
3264,0,0,737.723042521753,48994.8128507247
3265,0,1,687.064419498525,14059.4576259625
3266,0,0,444.514583625638,41957.7449421117
3267,0,0,1061.2842367146,32839.344860116
3268,0,0,1425.49558151611,37189.0251363891
3269,0,1,638.261932486669,21282.6510921881
3270,0,1,1101.44496742737,20936.9269183621
3271,0,0,888.244587469895,41489.1912488471
3272,0,0,951.208724793443,20616.0807025014
3273,0,1,1152.09664394134,15852.4234470928
3274,0,0,883.160300099527,27125.9069556656
3275,0,0,1126.98801117243,47378.0191766656
3276,0,0,742.821230246206,34353.4879054632
3277,0,1,1532.11664528116,19462.1544099914
3278,0,1,266.768630098068,28452.5982743193
3279,0,1,310.430599701326,16479.9923887753
3280,0,0,1702.30135742103,46589.0626235188
3281,0,0,649.782495505476,39655.3981843521
3282,0,0,648.32145445141,45392.2840271356
3283,0,0,995.274151938156,24782.8767574669
3284,0,0,330.074882386637,45757.3755755937
3285,0,0,1358.57343347493,20700.7060831009
3286,1,0,1166.79852718668,30367.6108561366
3287,0,0,671.669572518594,26142.9116090434
3288,0,1,484.085483620726,12045.3104191306
3289,0,0,1404.62755268012,47712.1840700714
3290,0,0,617.00138697216,54489.7438606908
3291,0,1,964.6248897101229,21436.5555923372
3292,0,0,466.579142984643,24719.3955181875
3293,0,0,618.801159013854,25927.5715647528
3294,0,0,1310.95236456224,28978.4641182962
3295,0,0,123.927463494325,28311.8309042241
3296,0,0,786.264219192566,45304.7933577609
3297,0,0,748.210589442849,46981.9317616207
3298,1,1,2124.48923886948,12651.0743188127
3299,0,1,326.391243387213,16988.923303541
3300,0,1,474.882782464273,14986.6432917397
3301,0,0,59.9658271032766,24889.2545892543
3302,0,0,1611.33388185998,47894.2766516583
3303,0,0,545.605211623033,27236.5581442037
3304,0,0,0.0,46590.4406360683
3305,0,0,1249.35413897066,52232.2511884741
3306,0,1,587.874754114785,18448.100273857
3307,1,0,1302.73474174655,43680.065235685
3308,0,1,908.37274540593,27416.6243495981
3309,0,1,1252.13301937038,13860.9350309585
3310,0,0,277.168651892651,37177.0360936891
3311,0,0,623.574809063757,57483.5042108883
3312,0,0,943.199390152836,41765.142501212
3313,0,1,1815.44523079172,18919.4169686979
3314,0,1,927.424650391502,20498.5276530119
3315,1,1,2008.03298475156,18601.4030905943
3316,0,0,1028.23523510955,31297.9619581896
3317,0,0,408.236016977622,51131.5132648768
3318,0,0,1355.43684723649,42630.6686555468
3319,0,1,376.770798828234,16042.2389216328
3320,0,0,856.47915734974,69124.2684951902
3321,0,0,1110.74370452238,43991.9201313875
3322,0,0,437.814278970858,27855.7549698386
3323,0,0,1013.70540675708,60574.8058732981
3324,1,0,1922.82904619158,56202.5761963902
3325,0,0,1066.79279362835,49629.9030054647
3326,0,0,465.553280059933,33998.8475783305
3327,0,0,899.483312099837,36361.9780794584
3328,0,0,592.800666683192,34355.9095454688
3329,0,0,164.001019441243,42695.397915392
3330,0,0,0.0,62975.1287390269
3331,0,1,1335.13132350849,17044.3653970318
3332,0,1,1549.61638029724,11927.5319540725
3333,0,0,1441.07069568952,33852.6775970727
3334,0,0,1157.65206769236,39080.2635290685
3335,0,0,899.462006521363,36335.2195176609
3336,0,0,331.16703204898,44752.2292920748
3337,0,0,439.201791769031,42132.0136262939
3338,0,0,489.717690887527,27043.2305590415
3339,0,0,652.993679181062,37143.5812264389
3340,0,0,206.820878289733,49221.1485186866
3341,0,1,932.487404912021,14950.0947349897
3342,0,0,1098.23245141508,42331.8910833343
3343,0,1,1959.59551983283,19677.9357288246
3344,0,1,1706.95376649647,20804.6561208467
3345,0,0,1255.88371142839,55971.185474968
3346,0,0,537.954408771502,54481.3080034763
3347,0,0,349.161806174376,38844.3498392063
3348,0,0,167.606098803978,20150.902761931
3349,0,0,1612.46531468495,42281.2311402748
3350,0,0,551.254052411868,48007.9918075425
3351,0,1,1521.49668224022,16830.5651365534
3352,0,0,826.960124205594,61365.4443242381
3353,0,0,770.081934570081,38010.2611136633
3354,0,1,1109.42549735876,10973.0882494351
3355,0,0,559.3240273053,53542.4127190243
3356,0,1,390.278197919581,9050.00278108053
3357,0,0,1567.02386232976,42258.7733461711
3358,0,0,170.2602365843,62708.162017501
3359,0,0,528.850203578728,46222.2889572448
3360,0,0,0.0,49471.7493977319
3361,0,1,1000.41580660284,14071.0085362555
3362,0,0,538.748646421516,34834.4457069502
3363,0,0,435.402804256198,35168.7270884563
3364,0,0,110.660530711258,64525.9378993548
3365,0,0,153.563343023163,49405.2609827478
3366,0,1,856.624728089321,19056.8678387124
3367,0,1,934.252048089287,20747.2122273176
3368,0,0,783.12296011937,36514.6901415882
3369,0,1,1271.11249459206,17451.0411863929
3370,0,0,910.759822660293,33660.7189686807
3371,0,0,748.652080396294,40612.2157591973
3372,0,0,668.942259766386,42028.9238396089
3373,0,1,1061.93204093716,18589.6214456991
3374,0,0,766.00884206067,45155.0972106875
3375,0,1,1396.23460288284,15837.2533759542
3376,0,0,265.435891352396,34040.5484925117
3377,1,0,2080.93724738167,34494.1712062838
3378,0,0,324.691264321875,47103.4578190388
3379,0,1,1135.01076743719,24005.0051043532
3380,1,0,1731.6807661524,56228.9216823572
3381,0,1,1133.23296556512,16749.4614462396
3382,0,0,782.64869011875,37497.0870021449
3383,0,1,745.565474645239,12896.6328980992
3384,0,0,1444.36123709977,51154.5081209418
3385,0,1,1340.52919980706,19318.8404293024
3386,1,0,1903.6672192108,41173.5039918827
3387,0,0,317.903573559348,42209.4873423349
3388,0,0,901.317747909679,43242.61208683
3389,0,0,527.983482263252,39950.9585214958
3390,0,1,915.653755753437,16888.8124249195
3391,0,0,1143.55035363773,42694.8039243586
3392,1,0,1488.55877463985,22256.86369146
3393,0,0,1024.23028360918,27104.8579400195
3394,0,0,619.903822341423,29217.3523431863
3395,0,0,1007.24865564428,34893.1376858329
3396,0,0,0.0,42577.8145154607
3397,0,0,1342.04759431788,51442.5655820133
3398,0,1,1478.1697847446,22564.5848836263
3399,0,0,149.357779532702,52310.4115265424
3400,0,0,279.724275200052,52008.4158082558
3401,0,0,869.808782665199,49312.5064893276
3402,0,0,1493.28785220093,56364.254894337
3403,0,0,1127.8226863357,43344.8942878487
3404,0,0,924.692705395402,38676.9704373565
3405,0,0,311.507988004406,43379.6346768696
3406,0,0,696.51006679722,28610.1946592679
3407,0,1,295.633452061396,25452.4758534912
3408,0,0,464.762682024611,17862.2268684625
3409,0,1,750.41267450035,17291.5268864258
3410,0,0,890.40765322629,52943.3834046946
3411,0,0,0.0,37455.1988754218
3412,0,1,340.697865960544,12351.8259611962
3413,0,0,724.243805795045,43399.7182823954
3414,0,0,979.85504619176,40374.0515648759
3415,0,0,33.457026467597,30510.0384248078
3416,0,0,1203.73617853154,40969.0823467376
3417,0,0,735.730856697403,23225.1771045656
3418,0,1,884.918846585517,27208.7712745881
3419,0,0,825.8499756766,48216.7118880664
3420,0,1,1734.58583985537,14165.2788642706
3421,0,1,670.493492932822,16513.0442606905
3422,0,0,874.847285610237,36709.1083061063
3423,0,0,0.0,40021.3553584359
3424,0,0,827.350473625965,43833.4237008982
3425,0,0,1508.8413777786,31739.2719200746
3426,0,1,0.0,19095.8303695336
3427,0,1,914.515478973011,7525.5842563445
3428,0,0,302.961244468736,51030.4395324823
3429,0,1,275.485893220682,13448.3341939049
3430,0,0,589.558094262681,42335.4470346994
3431,0,0,1120.26745836207,45153.0400679356
3432,0,1,1416.96615637359,11104.5663246846
3433,0,0,1270.17667773508,44185.3577147632
3434,0,0,848.234486270744,35186.5774991594
3435,0,0,560.968073848389,43254.7154108259
3436,0,0,619.615504777481,45463.3009029534
3437,0,0,1197.57977470105,18449.020776497
3438,1,0,1585.72940149393,52274.8601245547
3439,0,0,478.363326131214,28262.8681327123
3440,0,0,1144.91247877907,41370.5165808812
3441,0,0,778.751922851175,58860.3807631449
3442,0,1,1675.42214090055,13703.881091161
3443,0,0,680.76977348455,56759.2345948152
3444,0,1,1113.57797796538,17593.5298518795
3445,0,0,339.351397521402,38097.016679235
3446,0,0,908.87125209582,55612.1723587684
3447,0,0,480.787554964628,11193.4156989659
3448,0,1,874.583020719087,17378.2872736104
3449,0,0,0.0,42515.1628277467
3450,0,0,1353.5222027697,52048.5041194701
3451,0,0,1073.95003337493,28845.7420333549
3452,0,1,1402.28776899962,13276.2490843018
3453,0,0,759.148003414857,24473.1065999822
3454,0,0,4.1094981453831,38326.1983601291
3455,0,0,194.554390070911,38794.1459081932
3456,0,1,597.599614481472,16526.6773312497
3457,0,1,1067.78111469818,18641.7243063209
3458,0,0,379.291013494281,43096.4898085054
3459,0,1,583.599749188686,15179.6861261427
3460,0,0,465.522214212983,30792.8835943144
3461,0,0,1144.12274664918,33624.941426599
3462,0,1,1025.08757276608,29019.3262183216
3463,0,0,203.958043684027,63638.1873187928
3464,0,1,439.581726628726,17823.5019428409
3465,0,0,0.0,40574.4207852575
3466,0,0,720.857568601495,42753.7216938114
3467,0,0,1385.79514000934,44983.296558965
3468,0,0,1127.50757701848,64618.742136042
3469,0,0,808.000167811353,36076.0798002244
3470,0,1,280.24815366878,25307.3770794564
3471,0,0,378.723020307566,15738.3318359456
3472,0,1,885.516846437987,21211.3259040907
3473,0,0,0.0,37482.4857282658
3474,0,1,1006.9422455803,19065.6927865182
3475,0,0,490.645063024136,37998.7143516608
3476,0,1,141.026549625642,11314.3917806231
3477,0,0,761.885541249903,46421.7640748475
3478,0,0,1787.60381985453,33312.8066836098
3479,0,0,964.541305769544,33908.0513820674
3480,0,0,931.576984186363,52703.7912231803
3481,0,0,10.0565726041082,37673.3165455752
3482,0,1,1971.66323615651,22040.2627413005
3483,0,1,1171.51991582291,17642.2677538646
3484,0,0,784.38369199232,44927.4957037727
3485,0,0,503.498537295313,20476.0729395674
3486,0,1,295.480714529083,17324.0416254492
3487,1,1,1475.05743781715,20210.2726246288
3488,0,0,950.47136951895,38990.1738558434
3489,0,1,1083.70236158974,17522.7306868447
3490,0,1,1334.66626447237,18064.7783445647
3491,1,0,1332.38617766582,53517.350489625
3492,0,0,314.548049421055,43440.6040612715
3493,0,1,683.189896759167,12367.6971268166
3494,0,1,1087.41275534669,17060.5942899899
3495,0,0,443.634783424808,46611.0206328516
3496,0,0,426.552880275939,34191.2952216818
3497,0,0,532.984740760252,55847.2859530334
3498,0,1,1378.21733852018,20119.8291955568
3499,0,0,470.035913442893,29309.1272587159
3500,0,1,470.309392705283,10062.0836038357
3501,0,0,98.3966175462976,25308.5899305254
3502,0,0,400.059110376214,30160.2889819035
3503,0,0,1265.72586791133,20816.9533260862
3504,0,1,700.335171683785,15905.2126952829
3505,0,0,1266.77263593221,47991.0501265717
3506,0,0,116.353735409607,30765.3518002465
3507,0,1,1023.63853479624,15738.1600121975
3508,0,0,823.664169396694,24533.2031356682
3509,0,1,1328.67153101328,13389.4337862024
3510,0,0,1032.18517772079,46541.6494690502
3511,0,1,1093.63905841128,14790.7691896555
3512,0,0,587.764496004288,39618.8173562606
3513,0,0,1379.18431417484,48254.6000091289
3514,0,1,444.025308381458,23691.9832171523
3515,0,1,597.60248706112,21296.6123042634
3516,0,0,738.194410175601,35134.2653548642
3517,0,0,563.491173125736,47142.4498544045
3518,0,1,1518.71564552176,23877.819849633
3519,0,0,1610.71968064751,30098.8239905995
3520,0,1,542.389693840344,14294.5950802359
3521,0,0,586.169070351127,31466.8513376786
3522,0,1,648.885364144899,24457.3640797038
3523,0,1,913.046455922211,17139.579600887
3524,0,0,1650.8960188015,43478.1282067419
3525,0,0,758.506112361258,37485.9081337746
3526,0,0,1955.55735559178,45507.9115047977
3527,0,0,446.964465927462,27626.6025690876
3528,0,0,874.941620919224,39807.6795515543
3529,0,1,1124.56737590151,28936.9062201586
3530,0,0,0.0,29427.9148424807
3531,0,0,184.569141530728,44021.3021640857
3532,0,0,1133.79978343124,39860.163217614
3533,0,1,1148.92313944526,19717.4262918616
3534,0,0,1040.27247220879,35639.5543014441
3535,0,0,753.960828611659,21507.9949174421
3536,0,0,818.496293230639,34903.6775480157
3537,0,1,1228.65581630412,17460.6421607778
3538,0,1,16.4148836028645,24291.3494232027
3539,0,0,763.900776015518,64967.6404491417
3540,0,1,1667.30882700936,15614.8209145114
3541,0,0,637.491879262073,48942.6121416591
3542,0,0,911.132057880504,31265.2177134848
3543,0,0,125.053844055462,50059.5471192676
3544,0,1,548.278823221224,15308.599994734
3545,0,0,795.034869917365,34169.6697335539
3546,0,0,649.159045714335,37015.2749917906
3547,0,0,0.0,51758.4102919256
3548,0,0,292.334382785833,41036.1292563615
3549,0,0,1285.99180262279,31068.122527306
3550,0,0,845.854302307457,44480.6553247618
3551,0,1,1660.11179791868,26838.933054139
3552,0,0,610.56863853285,36145.0170221682
3553,0,1,1137.42108492748,16177.2729087737
3554,0,1,1115.76856218028,11496.5418079491
3555,0,0,302.164289781915,28805.0626731863
3556,0,0,1074.14335684724,35054.5844246287
3557,0,0,510.960175998629,32151.8489790563
3558,0,0,974.410565287028,43861.8019235382
3559,0,0,46.1832884430346,42533.7153588048
3560,0,0,1731.60452777076,58075.9436880706
3561,0,0,1429.39337850863,31387.700328731
3562,0,0,503.513808814528,62115.1050819044
3563,1,1,2179.22142805876,15302.7765041427
3564,0,0,18.7882805798329,24699.0968352416
3565,0,0,1047.13968862833,46007.9806068581
3566,0,1,1049.6035740461,11137.861038864
3567,0,0,1372.93582176136,35467.7576566947
3568,0,0,958.326632217788,28145.8424785305
3569,0,0,826.638592854711,47358.5490213202
3570,0,0,1005.16308218589,42127.9944739671
3571,0,0,1132.86248470995,25402.471004327
3572,0,0,618.610523972339,45154.747842769
3573,0,0,1073.8254208891,47935.0053222894
3574,0,0,1108.80099679987,39676.5545618819
3575,0,0,583.712000758947,42590.1241396147
3576,0,0,835.533443337153,23160.5786180678
3577,0,0,698.673829200129,29580.0691003383
3578,0,0,929.576189948997,40442.0631153395
3579,0,0,916.597958538643,41432.4344975865
3580,0,0,1324.19876915941,10892.3291550932
3581,0,1,1219.37667694921,11361.8238642258
3582,0,0,265.295848438513,45828.0188499132
3583,0,1,1255.42583518715,19885.7611482267
3584,0,0,1524.43670328131,18878.554482579
3585,0,0,326.397293438248,30156.3554233718
3586,0,0,1821.00315181144,54051.9823381261
3587,0,1,1357.42346575736,25733.3093953222
3588,0,0,1187.47380064447,53318.9933606233
3589,0,1,925.904860674285,20952.5861354428
3590,0,0,1451.78500633505,27853.9677827103
3591,0,0,32.0680789944308,38788.6604713797
3592,0,0,685.197586468113,36015.4188571331
3593,0,0,1071.89915017717,54791.8055670014
3594,0,0,874.490251234789,50078.4594220413
3595,0,0,926.309641202024,38093.9775189343
3596,0,0,1235.64080883847,53171.296882134
3597,0,1,1155.50466685911,24840.7617468418
3598,1,0,1360.38578198714,28992.0018194355
3599,0,0,234.995776461112,40394.4210479398
3600,0,0,854.691243314712,26672.1817076695
3601,0,1,1405.65892678335,19701.7554335566
3602,0,1,1161.02617651119,13913.4419563152
3603,0,0,329.347689299131,20708.9877221068
3604,0,0,1541.3208022226,32508.3839000632
3605,0,0,1456.65245644586,59361.9183453124
3606,0,0,0.0,24565.5716463348
3607,0,0,83.0803727287823,45442.8298623252
3608,0,0,95.8981854984618,31437.4232324922
3609,0,0,674.804716962235,47653.6159785354
3610,0,0,917.78398027012,44466.8850284853
3611,0,1,759.803326380694,14217.6988810762
3612,0,0,379.063067543712,14792.5118362139
3613,1,1,2004.39400104949,18860.8466453611
3614,0,0,1469.60383564639,43436.9520748191
3615,0,0,200.274808373529,36926.3975468473
3616,0,0,843.429659446319,39512.0690455384
3617,0,0,676.763350597061,34400.8608868938
3618,0,0,46.0920895774312,42025.762307949
3619,0,0,542.842025366022,48897.752544045
3620,0,0,89.9098954243769,30004.4707967451
3621,0,0,908.184442812385,37319.6225749995
3622,0,0,0.0,46306.9362857309
3623,0,1,1326.84839242117,20790.2539652011
3624,0,1,993.8172665905,12531.0255005455
3625,0,1,1084.38132390172,20881.4565211616
3626,0,0,1197.71153968387,30377.2500292141
3627,0,0,1378.29706776944,43411.6619224584
3628,0,0,182.741994878603,32359.2092126212
3629,0,0,529.650306882188,35102.2751291454
3630,0,1,1632.35436117305,15763.584571284
3631,0,1,1119.20252561695,20619.5097530825
3632,0,0,787.136817634983,45772.6140322451
3633,0,1,969.784159054437,21412.6009801251
3634,0,0,1256.98265019019,38083.130364008
3635,0,0,1015.04542705688,31026.413014417
3636,0,1,1197.60895727107,17452.0000360636
3637,0,1,847.458025642289,16926.3500223676
3638,0,0,598.438635556875,52896.0596979918
3639,0,1,983.092276546234,17001.6491859906
3640,0,0,1296.26742330523,45226.121016122
3641,0,0,412.397141967931,30206.9588196402
3642,1,0,1504.75537803833,26183.2453525162
3643,0,1,367.363419274671,16295.5624749992
3644,0,0,0.0,27889.3047001377
3645,0,1,894.725490593895,19335.6340358214
3646,0,0,75.8341255842852,42075.0478357005
3647,0,0,642.53521756118,34893.785940483
3648,0,1,1777.28455467843,14567.813981312
3649,0,0,370.033287888415,44507.2113142139
3650,0,0,653.373456959241,52276.5854009763
3651,0,0,793.912163386315,48907.6838409864
3652,0,0,917.075277826574,19003.7749764238
3653,0,0,509.778439256326,38614.4131337821
3654,0,0,947.813789455261,42094.4701536064
3655,0,1,860.835399899636,19514.763516061
3656,0,0,302.227048591714,35232.4604410525
3657,0,0,891.887379296637,35062.5381865465
3658,0,0,1377.55875173049,38364.6791518544
3659,0,1,1222.95846367801,15174.9724609138
3660,0,0,378.970424423049,39492.0119537958
3661,0,0,0.0,41523.752477371
3662,0,1,1103.91300124722,28552.5373346619
3663,0,1,704.472521881141,21140.275640308
3664,0,1,1402.31056982511,21566.5568755441
3665,0,1,68.3766078184741,10996.0878573815
3666,0,0,409.596072288601,30627.5029402373
3667,0,1,655.700944684445,19915.2328521122
3668,0,1,654.814668194886,14504.3964074862
3669,0,0,1255.92012470085,43929.1432181937
3670,0,0,1217.96088773575,33443.3064093113
3671,0,0,691.893198507127,35562.609368661
3672,0,1,548.13628878805,19501.3410678754
3673,0,0,437.546069429018,31537.1269325829
3674,0,0,1067.84243863848,70700.6478404576
3675,0,0,521.439778127422,31981.8581197516
3676,0,1,1348.99532023889,25805.8099647287
3677,0,0,674.663700317039,41798.3916232606
3678,0,0,516.359041795444,25891.7596483202
3679,0,1,1470.33856265862,19647.1423253635
3680,0,0,859.007910133498,43101.8738068423
3681,0,0,1114.088014707,59200.1369964562
3682,0,0,773.326806663147,51787.789441478
3683,0,1,803.968975047329,16553.7728259017
3684,0,0,376.292564774471,43940.0480641766
3685,0,0,829.729677070215,36164.1541822575
3686,0,0,299.890633267321,34920.1815445571
3687,0,1,148.657094714831,15645.7771213044
3688,0,0,705.113585993752,47752.159229876
3689,0,0,467.8641352908,43308.6965719809
3690,0,0,382.094286204579,38348.2861872948
3691,0,0,450.309011613408,46172.7250884024
3692,0,0,379.914592855663,39064.0485206065
3693,0,1,151.771401058764,18659.0709439774
3694,0,0,1535.22447265135,35282.2280185964
3695,0,0,1596.87342986645,34655.8800325605
3696,0,0,778.060154635799,52545.578049973
3697,0,0,107.706671906494,42199.9676256283
3698,0,1,961.797820619253,13389.0694050288
3699,0,1,235.249789340507,13360.9251942154
3700,0,0,935.338155657049,57139.3048612282
3701,0,0,0.0,34563.0458822401
3702,0,0,10.3068907225733,37590.3095819752
3703,0,1,2370.46361152636,24251.9587219193
3704,0,0,1447.02228057938,37322.7102217959
3705,0,0,829.023319092933,25161.8985145041
3706,0,0,1474.06154429605,47040.8085875203
3707,0,0,913.638326726233,50351.1551950528
3708,0,0,1028.88633806886,34257.6327728589
3709,0,0,563.891720735129,54147.7083859983
3710,0,1,747.821682807118,19330.3084037703
3711,0,1,811.539940902828,13828.9686562224
3712,0,1,797.373647480832,23438.1458035912
3713,0,0,701.918156574896,53151.7607278082
3714,0,0,1195.35982220073,42107.3640000123
3715,1,0,1672.50606273916,66466.4608909149
3716,0,0,889.901199990564,20805.6140385332
3717,0,1,579.72130460912,18555.7525862376
3718,0,0,1143.20045945329,28900.7277879119
3719,1,1,1237.62186571378,14862.7054597298
3720,0,0,740.957080483264,48683.2203818321
3721,0,1,1470.47458641011,18621.1704304939
3722,0,0,507.678616315415,45839.1341797567
3723,0,1,452.302355609913,19922.6401247417
3724,0,0,431.904928118841,30115.1528291349
3725,0,0,388.935465259897,36932.8101191798
3726,0,1,647.260114248229,18905.8538390555
3727,0,0,1069.13030064378,42361.0467518263
3728,0,0,517.988518060339,45495.0054253039
3729,0,0,996.251183302201,23720.9874695717
3730,0,0,995.122330640651,47286.8309114811
3731,0,0,0.0,55069.8122112148
3732,0,0,480.571142147902,36192.0903233483
3733,0,0,413.858824635308,42453.6818753791
3734,0,0,730.072003864105,47074.2289180681
3735,0,0,11.307783333379,43520.4888003279
3736,0,1,1507.89245127671,14632.2576606953
3737,0,1,1129.11390918636,13580.2569642631
3738,0,0,1159.93657960376,46789.8806265536
3739,0,0,817.982440262695,40658.5899130617
3740,0,1,901.175243522745,16745.066848549
3741,0,1,1778.12151243631,17060.9274523287
3742,0,0,1036.75668615923,34912.7894575472
3743,0,0,199.136148704382,49292.5456549723
3744,0,1,1295.69055098517,23191.2365261002
3745,0,1,468.257661766054,6365.56457589519
3746,0,0,688.105491060263,27080.7425441103
3747,0,0,202.321208104164,37188.5693842123
3748,0,0,621.003443540267,37249.4364352527
3749,0,0,963.332481084663,30100.7622696918
3750,0,0,1106.6970123415,51879.718480011
3751,0,0,1391.40768882586,30427.2025804345
3752,0,0,198.594790541603,58598.6676423446
3753,0,0,90.6826966305594,37914.4013067846
3754,0,0,460.873865041045,49243.4447853165
3755,0,0,1182.44483185604,34784.7881285648
3756,0,0,748.434422248033,43215.8297292764
3757,0,1,1727.55459145414,11608.1284464009
3758,0,0,831.478222178259,39079.788454023
3759,0,0,655.629150055933,40257.9329916045
3760,0,1,787.136708612899,22434.9764528939
3761,0,1,760.895350124072,20070.1480040007
3762,0,0,0.0,44387.5749015598
3763,0,0,523.388442648938,53115.599362511
3764,0,0,481.591003405382,35817.7612925547
3765,0,0,0.0,26275.2565388956
3766,0,1,1414.65779912229,17954.8525455556
3767,0,1,1103.21677644164,22410.9082953532
3768,0,0,948.696452799541,38247.9132289729
3769,0,1,725.572419455186,9019.54551235871
3770,0,0,1727.34900141241,40791.1429214148
3771,0,0,891.607304157421,43925.9644223325
3772,0,0,667.290493003104,66538.3442219194
3773,0,1,1060.26371026219,15661.4090032289
3774,0,1,830.860575104083,18259.6642152218
3775,0,0,319.174576691641,44410.5315566714
3776,0,0,1147.27448398082,44871.5494446034
3777,0,0,664.511520418358,47878.8338334518
3778,0,0,1066.89951236104,35567.7620740215
3779,0,1,374.976767394741,19806.5190903651
3780,0,0,549.191342739886,43688.6804186367
3781,0,1,943.581370801553,17730.919262011
3782,0,0,111.285039767861,42292.297773056
3783,0,0,504.739525342174,59560.1796602225
3784,0,0,798.477351064392,32921.633935552
3785,1,0,2008.45859591035,35145.0476213864
3786,0,0,965.926572220327,29219.0707750404
3787,0,0,1768.13997797285,30762.1052139087
3788,0,0,435.055376918744,32198.0248784528
3789,0,1,685.631944540024,15892.0925406444
3790,0,1,745.230621260668,12877.5095009706
3791,0,0,161.759487374322,43676.0574090646
3792,0,0,0.0,32558.4750927352
3793,0,0,1389.2864670902,38373.0145244977
3794,0,0,802.092675362193,45052.5804474234
3795,0,1,335.822635452049,16123.1133521949
3796,0,0,1031.78625745328,39260.0062189948
3797,0,0,893.241644741964,43816.2254733527
3798,0,0,1007.27799464763,45124.0404355968
3799,0,0,786.802308362249,38023.6148140319
3800,0,1,1814.55889529125,24177.2725239766
3801,0,0,116.218875620068,50109.0234146974
3802,0,0,839.924094203698,47347.6767077934
3803,0,1,824.691701826297,15158.6247871037
3804,0,0,239.384478789428,25485.17338129
3805,0,0,933.751152075546,52319.1535099304
3806,0,0,459.387665326059,37630.6133189642
3807,0,1,870.023992705307,15955.8851517714
3808,0,0,232.207550415873,11151.0476161126
3809,0,0,150.78384068053,32106.4836371526
3810,0,0,1215.17047346831,55230.648185661
3811,0,0,1435.36009542622,33728.8923192302
3812,0,0,338.068321862289,47340.0266909586
3813,0,1,1056.94739892768,20304.0981203317
3814,0,0,194.173416620166,28743.1643692777
3815,0,0,298.509689604326,50229.7797437752
3816,0,1,938.339328985523,21911.7272119656
3817,0,0,1297.39243050354,47095.2215664772
3818,0,0,690.228382764493,56958.599355471
3819,0,0,1013.90643057986,34166.8264938287
3820,0,0,1213.7941049861,48796.8492780349
3821,0,0,0.0,39269.8359156486
3822,0,1,1399.95025661837,11010.2124515938
3823,0,0,590.999730015611,50246.715535891
3824,0,0,1438.83369098513,35532.399317481
3825,0,0,438.234685195282,48859.2610204599
3826,0,0,783.001515615034,37428.2200371324
3827,0,0,1864.94640342502,48678.4151933007
3828,0,0,208.050443946044,46840.5192698469
3829,0,0,621.165135100387,32168.5528989597
3830,0,0,994.199964316657,52689.5394318756
3831,0,0,674.640158540427,42463.5249695872
3832,0,0,537.587186451237,46953.3768092794
3833,0,0,690.340942195293,29924.2294586929
3834,0,1,1369.40827588944,18144.350264204
3835,0,0,654.277589031942,37706.5948741313
3836,0,0,798.031313993959,29934.1432291842
3837,0,0,763.224892920808,48170.3599207953
3838,0,0,1663.61634756328,52975.2636119246
3839,0,0,988.393947106499,49804.2837531123
3840,0,0,1419.63189161462,40295.2687995018
3841,0,1,1196.041821814,19665.8291971639
3842,0,0,618.051384938394,16944.3444933857
3843,0,0,1028.18124945831,32249.8456721917
3844,0,0,523.501099352471,39168.1742529547
3845,0,0,517.45962093638,39543.5871031993
3846,0,1,764.562997415371,5082.99263135122
3847,0,0,206.948846369347,53058.5614087059
3848,0,0,847.981506567761,43023.5850115808
3849,0,0,0.0,40540.6944115758
3850,0,0,631.747132163768,37936.0434327245
3851,0,0,1014.59910437961,51438.7101991498
3852,0,0,157.280028213278,41415.3960305557
3853,0,0,525.485199814085,43737.9042636879
3854,0,0,962.948614604359,28660.9305693435
3855,0,0,594.106133663564,24069.2130253837
3856,1,1,2321.88222078406,21331.3147812222
3857,0,1,1128.78015595711,17231.808467394
3858,0,1,2118.80057421912,18791.8520844699
3859,0,0,290.564873898185,13239.8728352638
3860,0,0,1244.39224372203,33880.2992197884
3861,0,0,1177.91726793042,49061.7229070423
3862,0,0,0.0,44225.615855056
3863,0,1,492.657068547904,10154.1562624725
3864,0,0,0.0,62689.033031779
3865,0,0,530.251298561417,39311.325711056
3866,0,0,0.0,45104.0940277015
3867,0,0,1028.17461084236,51228.3021076555
3868,0,1,488.238551481836,33003.4229511569
3869,0,0,4.45893829925034,46970.4964206441
3870,0,0,1636.31615275065,35814.7919837632
3871,0,0,107.921849415465,33764.2020744309
3872,0,1,129.184357002533,20570.8541996302
3873,0,0,956.985400588606,38285.7478995927
3874,0,1,823.064063126565,17254.3984155631
3875,0,0,458.998467641761,33163.5453487024
3876,0,1,867.904678880419,18949.0273423076
3877,0,1,117.809441288368,18752.8302016095
3878,0,0,474.666105515736,42058.777310287
3879,0,1,1180.52914588773,19139.3002329258
3880,0,0,315.8506084273,47328.9827476037
3881,0,1,552.20408734028,22554.5785225528
3882,1,0,1342.26287404932,35691.6373626217
3883,0,0,407.289755965179,45376.2359070935
3884,0,0,1624.95646496251,47574.5597163584
3885,0,1,548.454729888127,21672.5398863768
3886,0,0,908.888298442299,42205.2064968202
3887,0,1,969.898684944156,17940.1191271847
3888,0,1,966.350838042629,11776.5291469195
3889,0,0,628.566971300706,37617.119179058
3890,0,1,882.977424921689,8833.66859574521
3891,0,0,824.995490317263,34277.5258971332
3892,0,0,762.912837088917,41617.8139540495
3893,0,0,1246.22952508902,49479.5768167892
3894,0,0,60.9607616734326,41548.1172690808
3895,0,0,1377.97881570218,34683.6124468226
3896,0,0,1215.25254590985,43793.1158439609
3897,0,0,494.901917766185,13980.3611783446
3898,0,0,839.873755369443,39158.2375495066
3899,0,0,982.381607125144,29157.2922710833
3900,0,1,927.516587606127,4143.11884369569
3901,0,0,433.85781933276,30581.5828674347
3902,0,0,1213.03372043656,17726.6701076199
3903,0,0,316.004350795276,26518.4626373009
3904,0,1,973.903110195755,21590.0349041124
3905,0,0,0.0,25603.5332583784
3906,0,0,713.75110679484,37230.0737161791
3907,0,0,997.465434734611,22061.7998101081
3908,0,0,1326.06486447881,34945.8009455043
3909,0,1,1135.36118371592,24314.036879418
3910,0,0,0.0,50805.036586086
3911,0,0,43.8964732139596,48543.5990899144
3912,0,0,666.370176975336,50105.2675994289
3913,0,1,0.0,18426.2607220241
3914,1,1,2334.12355928646,19335.8892870066
3915,0,0,303.791175031741,28525.4017296092
3916,0,0,634.495047320779,35131.3015268333
3917,0,1,853.818357435337,18750.7506332068
3918,0,0,747.455393381215,43898.7506313104
3919,0,1,1120.0302733812,19170.4583479793
3920,0,0,1290.19154200367,36898.9287227477
3921,0,0,1348.78501842296,33488.4129166473
3922,1,0,1632.89411755964,44326.5848389278
3923,0,0,693.630693268541,32594.6637582436
3924,0,0,467.583088541573,43435.8366137129
3925,0,0,618.125338151726,27868.7938862438
3926,0,1,1217.6673550098,20977.2351863501
3927,0,0,872.071357622219,36004.6448067571
3928,0,0,0.0,28659.4883821409
3929,0,0,894.734484213919,37903.5264631725
3930,0,1,361.610466866982,21685.6922327124
3931,0,1,937.197434022923,18411.8244296162
3932,0,0,0.0,55760.5019383757
3933,0,0,339.531864697193,31092.7576531692
3934,0,0,423.714550584752,32640.2940725967
3935,0,1,1529.06170478382,17358.0429765911
3936,0,0,894.114487522128,47681.6228289046
3937,0,0,760.720823811111,40854.4690684749
3938,0,0,883.016251146864,37961.1559197859
3939,0,1,1322.58549706764,15304.2603945019
3940,0,0,2036.99318923915,31384.1300026505
3941,0,0,751.39991725403,54993.4078424962
3942,0,0,578.836277403294,25522.5199803339
3943,0,0,829.281651229758,58070.1125623816
3944,0,0,1160.06126524024,51895.3040377881
3945,0,0,1197.77188104285,44047.691182016
3946,0,0,417.592210757132,48035.6096423653
3947,0,0,777.824448114387,43910.9885619202
3948,0,0,625.746198837327,29644.2083028024
3949,0,0,1382.77577383147,36232.3193301435
3950,0,0,986.305802570998,25342.3047937035
3951,0,0,937.738325490593,24932.7211302843
3952,0,0,0.0,44525.8493492165
3953,0,0,131.576672964283,51106.9948502149
3954,0,1,1096.18460643551,15535.5486634707
3955,0,0,499.173919333681,44773.5753282789
3956,0,0,1236.21871976753,37884.5660973391
3957,0,0,637.01454099823,27828.1375979546
3958,1,0,2147.31257812009,58271.3908258595
3959,0,0,516.216569301406,42446.0411816577
3960,0,1,113.276475965852,21068.164025505
3961,0,0,352.327702835244,40716.1748054208
3962,0,0,918.014298027406,26798.0714113008
3963,0,1,1378.91311651019,14329.7712342385
3964,0,1,482.54525829318,21369.2750915314
3965,0,0,813.200651231514,49477.5115079056
3966,0,1,1330.4851806480401,13765.4413250231
3967,0,0,1373.53303261698,56878.3350569794
3968,0,1,1411.60736458352,16677.30692285
3969,0,0,313.805085904672,37720.7620953016
3970,1,1,1803.94456724078,29100.8192252134
3971,0,0,964.524655704573,40814.6529077641
3972,0,0,1139.37070195429,42759.3825328245
3973,0,1,1009.43108895394,21904.6927706132
3974,0,0,615.465388230694,25865.1806189451
3975,0,0,673.69805144392,41891.4259686795
3976,0,1,1288.55195777106,24918.4150782295
3977,0,1,2388.17400939421,7832.13564354244
3978,0,0,0.0,34545.09712324
3979,0,1,1119.38660954773,20011.4688698158
3980,0,0,1352.70344251148,35743.0039605072
3981,0,1,886.348540111273,17534.4670783535
3982,0,1,1468.79521972381,25038.8165029696
3983,0,0,727.373492884909,46329.0277506726
3984,0,0,593.433837737071,36995.8215420113
3985,0,1,1168.3406405098,13580.9466378274
3986,0,0,541.784474964923,56100.1054254979
3987,0,0,1055.41478885429,29967.173376934
3988,0,0,399.72359049668,43243.6660984662
3989,0,1,552.877704238618,14320.8597947813
3990,0,0,1189.7521336209,50838.5172180485
3991,0,0,698.001477300335,38135.5587008128
3992,0,0,431.536055178104,46941.0589440983
3993,0,0,851.103567490966,53433.5741701952
3994,0,0,1457.71605432132,37453.8397748468
3995,0,1,992.280250534138,13958.291477701
3996,0,0,387.761341666059,40063.7276405824
3997,0,0,794.176212819499,43335.9850414374
3998,0,0,412.25489056191,37088.2123302522
3999,0,1,1163.45251217974,27308.69092535
4000,0,1,880.281524012368,20177.4002932926
4001,0,0,752.2218482128,48764.0227335011
4002,0,0,40.0931001292734,33278.3651877442
4003,0,1,1242.52140003919,18331.0035192794
4004,0,1,1671.81369058884,20074.5093287591
4005,0,0,1097.03908336191,40021.3530152455
4006,0,0,918.747343512809,28327.5503602204
4007,0,0,1185.28892689185,39926.6069284213
4008,0,0,997.477342703065,44748.7919391107
4009,0,1,741.442367736876,15499.9193212486
4010,0,1,1234.24991259326,12268.3649559429
4011,0,0,0.0,52585.685868057
4012,0,1,985.262251090302,30295.6309587894
4013,0,0,1023.19846694708,40866.0188373616
4014,0,0,423.43047377069,46000.7966775868
4015,0,1,1007.1394839918,17217.505057106
4016,0,0,893.355267878726,49960.3061635293
4017,0,0,1008.3574622206,39610.6253746006
4018,0,0,691.99675702089,45428.539318492
4019,0,0,410.236803912654,36502.3785672846
4020,0,1,1215.38361034015,15994.0410236353
4021,0,0,599.034970504619,49813.1266974054
4022,0,0,355.251657024056,50160.7031110918
4023,0,0,869.898435189338,33540.0495193781
4024,0,0,1786.46395168458,54207.1677946308
4025,0,1,1221.81375636031,12603.3028574263
4026,0,0,0.0,39164.0223455766
4027,0,0,1621.24537469273,38590.8980916654
4028,0,0,1121.49658624577,39395.8993577758
4029,0,0,736.637502910077,55187.9198175267
4030,0,0,1739.53592448521,51623.2875371972
4031,0,0,1478.62144416979,41986.0477290777
4032,0,0,903.564452484125,35296.4479016563
4033,0,0,739.652879192582,48283.1870188821
4034,0,0,228.955854756653,36783.0052497005
4035,0,0,1313.55952545877,39989.0090717832
4036,0,0,903.925863947006,27395.796144282
4037,0,0,667.659830354829,42078.6848638463
4038,0,0,539.887946834072,33856.4540327504
4039,0,0,1877.1148086508,43442.3250059441
4040,0,0,739.859747736701,30853.2930851044
4041,0,1,408.56297444775703,18471.7743266691
4042,0,1,482.325150884948,30588.0302395231
4043,0,0,1097.81775295012,43065.6187271322
4044,0,0,1580.86672734265,36513.6167167875
4045,0,1,920.231114913882,16088.2080999152
4046,0,0,425.053745390189,37351.3555153372
4047,0,0,0.0,53273.3416623972
4048,0,1,928.182275856264,16968.8675232023
4049,0,0,617.348763535131,38106.7883339973
4050,1,0,1673.48634915562,49310.332907472
4051,0,0,1023.05155185734,19354.3979175701
4052,0,0,1459.56140152943,44334.6169669311
4053,0,0,1235.77751655542,35140.4587965845
4054,0,0,621.97816785707,43472.2334593567
4055,0,0,280.944386688864,50404.0329743683
4056,0,0,326.652236024476,45562.5742373376
4057,0,0,902.762304956932,52528.2374798268
4058,0,1,672.693221527888,13795.9627457165
4059,0,1,710.779996529605,17625.9675228698
4060,0,0,901.208441163058,48855.4508386825
4061,1,1,2216.01766888985,20911.6956353449
4062,0,0,1210.59299920567,40182.7068208555
4063,0,0,828.97073867517,33423.936365316
4064,0,1,533.492796417447,14707.2958101747
4065,0,1,768.823046886614,22138.2159011171
4066,0,0,746.67033065576,40354.5584735759
4067,0,1,730.739495206666,7299.52009926391
4068,0,1,1308.02458812072,17353.8604211182
4069,0,0,481.261049635246,33500.5652988706
4070,0,1,1409.98910236248,21569.890767664
4071,0,0,524.607913831661,40663.0434148193
4072,0,1,1122.13790030181,13929.4736725959
4073,0,0,1105.87881627601,42110.4244036918
4074,1,0,1319.81645438771,36548.8183522009
4075,0,1,823.736672842706,19041.8183804585
4076,0,0,172.97578549762,47060.6314248484
4077,0,1,1497.36480871338,10576.3414807281
4078,1,1,1819.94093603443,19393.4829690792
4079,0,0,389.395881134109,20200.3799415541
4080,1,1,2047.41700651498,13678.508032147
4081,0,0,909.865553606509,44879.2775838024
4082,0,0,686.163294807316,33190.4271290867
4083,0,1,0.0,20565.7776546689
4084,0,1,1676.09768352053,25687.9143944849
4085,0,0,971.960011035032,33543.3349269626
4086,0,0,887.594631980957,59416.159758334
4087,0,0,1312.84770615108,64402.6089073751
4088,0,0,1808.72265816,30020.6429000601
4089,0,0,1170.74346404427,49832.9514015608
4090,0,0,439.352384001982,44620.2651488028
4091,0,0,103.042341827439,45798.6746990815
4092,0,0,1473.89756364907,32860.1009924403
4093,0,0,780.709251488092,37023.1171524825
4094,0,0,1144.24200204036,28018.9955741467
4095,0,0,1148.50933615601,37392.1678382688
4096,0,0,667.412163656886,31150.0265366088
4097,0,0,1013.78519429173,50268.992313287
4098,0,1,1418.3886496303,12788.7190276959
4099,0,1,1345.28829718907,23169.4041300908
4100,0,1,1493.10606637006,14295.6647405799
4101,0,0,828.265303729576,36241.6601297718
4102,0,1,208.896915230429,17966.3611423563
4103,0,0,567.294084420402,39841.2283492397
4104,0,0,686.869875998054,32359.3374551019
4105,0,1,1926.28900807515,12283.408513263
4106,0,0,814.286311995171,36613.7070884905
4107,0,0,1569.51821551731,43024.9706832812
4108,0,0,0.0,42035.338983851
4109,0,1,0.0,13226.1549646145
4110,0,1,1828.61432512577,20225.8061141141
4111,0,0,777.646062948942,50869.7286119431
4112,1,0,1644.69662278627,61474.9344461318
4113,0,0,295.128657603892,36539.0848250221
4114,0,0,781.123714097135,22327.6759781472
4115,0,0,673.926656787536,39508.6241247705
4116,0,0,343.249590531263,58411.6775372387
4117,0,1,1302.3403089258,16292.2671406477
4118,0,0,225.81966007063,54124.2060414618
4119,0,1,1456.85805376701,14530.3112001677
4120,0,0,955.09075425552,52224.4927939227
4121,0,0,777.023000126856,47369.116830613
4122,0,0,0.0,23616.5390057379
4123,0,0,527.252016259759,49280.3009402279
4124,0,0,29.8489828813469,36972.9341381239
4125,0,0,125.103948532387,16157.2183071313
4126,0,1,1095.86882248829,16127.524664444
4127,0,0,0.0,41194.0713915091
4128,0,0,973.99884962309,48095.0679714768
4129,0,0,1288.25268199634,42226.4620096717
4130,0,0,269.289219595482,33846.508638631
4131,0,0,1105.89023752595,35450.7272653153
4132,0,0,360.892385237612,37581.7918044688
4133,0,0,933.104365993472,24113.9172855589
4134,0,0,1184.21049484191,38409.535511404
4135,0,1,1850.61214561206,20409.0380471898
4136,0,1,1517.80416119471,12958.6509187696
4137,0,0,969.550407766429,41301.9715355252
4138,0,0,683.809045509462,41004.6590152701
4139,0,0,915.075205885282,23682.9133227548
4140,0,0,0.0,47895.8049172029
4141,0,0,606.581004829701,32497.4488581537
4142,0,0,689.919452126868,37695.7914454233
4143,0,0,561.622858899831,38894.5508767785
4144,0,0,303.517760977296,43791.1054184975
4145,1,0,1823.40410518463,14664.1381225121
4146,0,1,1698.29181559884,11764.862109723
4147,0,1,1355.31321601212,11070.8549739705
4148,0,1,1009.91157599376,18001.8645008403
4149,0,0,887.903298925522,29642.1440308044
4150,0,0,308.533535836126,39121.3640608267
4151,0,0,1512.25631384363,35652.7678584773
4152,0,0,0.0,39858.127228127
4153,0,0,1274.60300516704,55206.7023324083
4154,0,1,1795.21984596122,7112.40849869462
4155,0,0,848.997262632983,44379.7533473671
4156,0,0,588.780186065599,58764.3637567687
4157,0,0,551.174351603281,24975.0270616299
4158,0,1,1084.04408433741,13680.1132986044
4159,0,0,723.415718628873,35938.1397752091
4160,1,0,698.567351928619,31754.5234215337
4161,0,0,910.739618245199,40222.7125016071
4162,0,1,1581.06593572758,17331.3258296657
4163,0,0,948.689701645866,39671.533875244
4164,0,0,199.174565816466,21753.3569623462
4165,0,1,1759.41232517457,11556.1845280469
4166,0,0,780.658964465253,29691.4942717386
4167,0,1,1770.79681540763,18837.4201675505
4168,1,1,2182.60434354642,20780.69245487
4169,0,0,696.012758739235,35920.6620176138
4170,0,0,563.917725899879,47839.6172580637
4171,0,0,1041.07152319364,41485.6237181921
4172,0,0,293.655375185179,38893.6045913332
4173,0,1,1489.04815023231,17934.4933667081
4174,0,0,237.489889757362,44614.7163235576
4175,0,0,1266.79602128258,34652.1088830281
4176,0,0,1059.86582999024,33567.8450260249
4177,0,1,704.292704155334,13472.4831922635
4178,0,0,0.0,45701.085159879
4179,0,0,0.0,47846.9565733864
4180,0,0,499.622780567794,42052.8701176573
4181,0,0,728.818859467603,33662.0709670494
4182,0,0,1238.10517698086,37544.9421289733
4183,0,0,776.89987460616,37685.4493016399
4184,0,0,202.070432925657,28814.1753058696
4185,0,0,625.399024910972,52074.9682238147
4186,0,0,1089.30217845926,28232.1412814794
4187,0,0,992.963525690813,45540.4456802251
4188,0,0,352.746535946011,41548.8829454377
4189,0,0,416.747666598944,69386.9015897979
4190,0,0,937.923175402473,31664.066900757
4191,0,1,15.1537927269189,13430.4158449196
4192,0,0,1128.67359368676,42566.2975475257
4193,0,1,1924.55977546272,8097.91797528429
4194,0,0,211.075501758336,50506.2201852529
4195,0,0,23.5291262860872,42814.8185641646
4196,0,0,891.39482193566,43535.9399390918
4197,0,0,707.107463519103,18675.9172804639
4198,0,1,1018.09933818811,18239.2817032362
4199,0,0,1404.09915555023,28764.4967062106
4200,0,0,817.085888361365,55892.7261036348
4201,0,1,908.848633759071,20332.3910564198
4202,0,0,1216.19515610406,47561.712762495
4203,0,0,176.904045793468,43150.2685305517
4204,0,0,401.708352972403,51338.2160136298
4205,0,0,1214.21119185954,45778.0267076336
4206,0,1,1835.56411176437,17807.4495185462
4207,0,0,66.7727220597995,43189.6645286797
4208,0,0,1343.18588302871,30960.6160255979
4209,0,0,1309.40574622582,34469.9801719867
4210,0,1,463.091661446481,21248.6529351878
4211,1,0,1672.0314827914,50327.3677566251
4212,0,0,357.744559308233,45516.7761149121
4213,0,0,705.095045797165,38297.8549493872
4214,0,1,453.643969731846,9770.00643655795
4215,0,1,1799.14934936528,20215.6238235123
4216,0,0,748.138164599069,21153.4824633539
4217,0,0,650.089355226512,46496.5101577785
4218,0,1,341.485593332754,21278.8261394043
4219,0,0,1476.47893269426,50701.8453154218
4220,0,0,1134.34447245866,41748.1834479525
4221,0,1,852.35866725484,20948.9708785948
4222,0,1,930.663262975501,22919.9971704173
4223,0,0,1027.01757050938,47046.0123584043
4224,0,0,1494.25411867558,48133.9384431847
4225,1,0,1396.78918130162,40371.1247388957
4226,0,0,44.0593988387884,50765.6982779734
4227,0,0,938.280180319812,33341.9631911132
4228,0,0,776.964679227,36704.0519013828
4229,0,1,1589.64963269921,15262.4216192197
4230,0,1,1247.55632093348,16410.8903685007
4231,0,0,0.0,30143.9637125601
4232,1,1,2291.61768844883,20837.2094471977
4233,0,0,676.959581088393,33013.8247572839
4234,0,0,135.998235596591,59369.6484070611
4235,0,0,630.608540429953,52491.5586737334
4236,0,0,315.953257508047,38938.9757483309
4237,0,1,564.738466990778,15411.1915898003
4238,0,0,663.244157339197,25728.8684447605
4239,0,0,72.1232567768386,35374.8645729715
4240,0,0,491.036498048265,37835.6132114575
4241,0,0,1331.89567629233,38903.1979786691
4242,0,0,755.339662904858,37027.2545972807
4243,0,0,684.18602365856,45400.0173568737
4244,0,1,407.340440417818,25376.7286324237
4245,0,0,0.0,37727.4635794782
4246,0,0,130.315969341489,44559.8172904067
4247,0,0,1224.45449345277,46811.61439356
4248,0,0,1525.35393018536,52675.7637044107
4249,0,0,618.998439866302,17122.347555865
4250,0,0,353.638334210687,43145.179661493
4251,0,0,422.644529182163,58345.0145187153
4252,0,0,25.7362691691971,28163.6929703335
4253,0,0,697.62139806607,48469.8814036303
4254,0,0,462.138386747958,44546.2371893246
4255,0,0,599.667719942219,36584.0762392671
4256,0,0,1251.23590590048,43191.3120886385
4257,0,0,1432.29846516717,31250.5829812295
4258,0,1,975.915404092626,12102.8178865863
4259,0,1,445.929060495343,10629.6183491929
4260,0,0,694.412430789019,47705.8712772337
4261,0,1,320.012202336553,14704.4776901877
4262,0,0,1102.30203229906,38872.1299228801
4263,0,0,0.0,39250.0955243705
4264,0,0,165.973008628942,28439.5879563402
4265,0,0,1258.87880589311,40858.8684441599
4266,0,0,1372.76199336205,30219.1500946263
4267,0,0,1464.02896199017,43700.1426258785
4268,0,1,1594.09316720835,14135.211282255
4269,0,0,0.0,31741.0456239313
4270,0,0,1595.91003269694,55712.2937441276
4271,0,0,901.176073691345,55064.6364886003
4272,0,0,789.75079718892,39022.3532458469
4273,0,0,1203.20583932405,43809.2599519992
4274,0,1,1399.33805345892,22736.2190720192
4275,0,0,1125.87648806806,49359.3427235076
4276,0,0,236.338466236237,39260.060190791
4277,0,0,218.146314461255,27166.6975416027
4278,0,0,413.576551276269,49424.3103755303
4279,0,0,469.053980293215,25680.1749280983
4280,0,0,923.992516417842,27818.2468659303
4281,0,0,182.628059937345,31623.9364457733
4282,0,0,478.401744719426,30338.3568611308
4283,0,0,918.546151295038,53331.278427966
4284,0,1,873.930546923689,29870.747365702
4285,0,0,748.704835614302,48036.0791048472
4286,0,0,146.818190779361,48280.709929901
4287,0,0,1266.64098896731,41930.5862702359
4288,0,1,883.881831762394,14888.518114146
4289,0,1,1353.981431586,17431.6053548792
4290,0,1,1777.74467095913,24820.8562683474
4291,0,0,695.493321681062,48899.3431818239
4292,0,0,0.0,33313.3110724284
4293,0,0,377.726631320199,49730.7045824799
4294,0,0,975.737181991567,39453.2263082773
4295,0,1,918.590687000592,14936.7081866304
4296,0,0,1313.50037821727,31145.7083503014
4297,0,0,1302.39985423501,15468.3447408756
4298,0,0,1246.6261383225,41930.1550035979
4299,0,0,198.385707995449,37085.6037122097
4300,0,0,395.607773854553,27750.8214956835
4301,0,1,638.065584784845,17922.4034914657
4302,0,0,677.204839180569,52080.523362498
4303,0,0,681.575749997487,29980.3305443007
4304,0,0,1114.9457746677,45832.9483249515
4305,0,0,558.178484419266,12740.8646435051
4306,0,0,531.477978521723,35314.071037428
4307,0,1,1080.96999628813,23760.7588832121
4308,0,0,150.770544592663,31216.7858646368
4309,1,1,1665.70832014732,21024.2716484295
4310,0,0,1086.1934890113,52761.4130388311
4311,0,0,0.0,41435.4379394559
4312,0,0,1253.92349841601,34304.7669082516
4313,0,0,100.463116063705,24687.8530666445
4314,0,0,961.1524668748,51179.4601199921
4315,0,1,1055.86105389087,9045.24162581888
4316,0,0,89.4101021957102,24086.6011429411
4317,0,0,918.950347839628,47761.4027126413
4318,0,0,995.387047631767,44217.6856384302
4319,0,0,1774.23308862536,42955.8279672846
4320,0,0,701.69143244907,35335.7826320459
4321,0,0,1177.92084256329,30169.2958145926
4322,0,0,1308.2672570288,43611.4615642246
4323,0,0,1114.53687054082,35044.7298212791
4324,0,1,815.548669141046,16908.1397567239
4325,0,1,1010.50678353426,6786.38808971368
4326,0,0,752.985919181889,45523.4967931178
4327,0,1,729.189718410075,18329.7208714105
4328,0,0,1095.47177939067,53581.1567122444
4329,0,0,355.17017607474,30440.8951928132
4330,0,0,1308.98796693687,31777.2018815538
4331,0,0,0.0,40257.7954998679
4332,0,0,464.064104923967,16670.1528109477
4333,0,0,570.916398504619,46569.1677265188
4334,0,1,1045.3388134994,29601.4039439579
4335,0,0,0.0,39134.9319187104
4336,0,0,642.256231412637,29223.9953446317
4337,0,0,486.815972242663,25117.6438190183
4338,0,0,1082.11982831446,43256.4005642526
4339,0,1,1224.63687161052,25717.070641594
4340,0,0,953.147356270312,29328.0391608131
4341,0,0,1323.17521403561,52019.349966148
4342,0,1,139.19286882554,24734.0829253905
4343,0,0,856.881451045321,32449.3113343807
4344,0,0,311.889288737823,46116.131525727
4345,0,0,0.0,49959.1410078739
4346,0,0,498.8541546687,47736.2367906901
4347,0,1,465.871073366708,14519.4733831391
4348,0,0,892.820269988202,45379.8442652294
4349,0,1,456.240694517499,17657.6088569363
4350,0,0,557.261711952809,45040.9444083377
4351,0,0,0.0,28094.1570910795
4352,0,0,138.620739346356,50249.4172431943
4353,0,0,241.163150062669,36581.2591238761
4354,0,0,763.177239332049,42481.4987501749
4355,0,1,1195.81381121066,19906.7314933236
4356,0,0,130.996930290862,54366.8027607212
4357,0,0,1253.0413172963,32362.6525065495
4358,0,0,1496.09804230127,44309.902897034
4359,0,1,1071.9552370287,19813.996969574
4360,0,1,724.904735454182,16643.1269450403
4361,0,1,194.185012052313,20889.8520027789
4362,0,0,1441.74335861583,45037.1676788741
4363,0,1,1678.38200097825,8154.23977389185
4364,0,1,2128.43414823871,22664.219843924
4365,0,1,1393.46442103116,15573.7931129306
4366,0,1,1437.83036292862,23062.4948694902
4367,0,0,1257.95810726089,38532.1921927496
4368,0,1,1329.3983510722,15971.5732370006
4369,0,0,605.12443216774,29769.9783500416
4370,0,0,601.081665167516,45607.3468645804
4371,0,0,1164.51340619208,29874.4887927037
4372,1,0,2054.45252745951,37366.7650507785
4373,0,0,701.632841263144,43340.9202996196
4374,0,0,673.092439896694,27894.0939871045
4375,0,1,1262.92591939434,16935.1931085721
4376,0,0,357.996305460535,30217.0212871579
4377,0,1,1052.59812294326,24418.2139473268
4378,0,0,1234.5124725186,50293.4335358583
4379,0,0,1153.80219423116,37552.6216193783
4380,0,0,1375.2973601285,35810.9142097506
4381,0,0,249.1036851641,51051.3357610077
4382,0,0,874.031434043842,39664.9361264591
4383,0,0,768.158723384486,23991.0412896024
4384,0,1,1236.25642303913,16389.8638086908
4385,0,1,641.220757059697,23265.6923595284
4386,0,1,825.522881718494,14539.1620062194
4387,0,0,931.041170135348,42225.3671429442
4388,0,0,650.07552947908,32560.7610419903
4389,0,1,0.0,17577.9963356867
4390,0,0,682.604508896646,57553.9765752877
4391,0,0,1207.10500154702,50010.8298274341
4392,0,1,840.220967633548,18103.7355199788
4393,0,0,894.627905765509,39027.6302767466
4394,0,0,711.525816057205,35468.3821539389
4395,0,0,1635.2175689527,47669.7419597267
4396,0,0,740.869370680082,46541.2111680628
4397,0,0,773.483075895744,38647.3706700462
4398,0,0,1142.32631903635,45173.3745996017
4399,0,0,894.168319992039,42212.4458263685
4400,0,1,14.0338457182517,13846.8010395537
4401,0,0,537.040332892497,21364.3104965003
4402,0,0,1092.5243064854,19759.1226373765
4403,0,0,541.071380843327,29807.405551667
4404,0,0,1049.00411801587,34088.1697894671
4405,0,0,463.932561210409,37842.0477815606
4406,0,0,214.272690395661,56032.6475812564
4407,0,1,997.762482254185,13799.5447379368
4408,0,1,938.684221979389,18454.3990337024
4409,1,0,1350.60326099353,21541.2987938107
4410,0,1,935.757199246755,5386.17648259929
4411,0,0,819.048549167453,61602.6366710842
4412,0,1,1669.0910376214,16830.7529473416
4413,0,0,395.851856906679,33708.5923827756
4414,0,1,810.542406900764,17975.1571288115
4415,0,1,62.2371283591803,20267.4999277937
4416,0,0,1133.11258529703,23110.6536499869
4417,0,0,748.487595522023,36453.6451213343
4418,1,1,1337.23518702175,32761.0534040074
4419,0,0,1138.43098430744,36133.6105343391
4420,0,1,1247.45553179616,15382.6096545468
4421,0,1,875.97971050207,17286.6944919904
4422,0,0,980.763938624199,43650.5344586778
4423,0,0,238.981506549413,30412.7020181739
4424,0,0,185.010114509293,40874.83285148
4425,0,1,478.96186379583,19911.5102678277
4426,0,0,145.476590146266,41196.4202020264
4427,0,0,339.95904709248,36132.805687911
4428,0,0,303.903742328566,43836.7047325122
4429,0,0,536.214278066007,47956.5245563521
4430,0,1,1219.58145404791,12434.04183884
4431,1,1,1926.37158300909,17012.4381440591
4432,0,1,460.20233201886,14782.4587719903
4433,0,0,825.287865652256,46147.955752768
4434,0,0,31.2565457414114,44970.7680127095
4435,0,0,535.584814611588,51971.705629176
4436,0,0,667.711628636986,30803.4446563457
4437,0,0,694.32675908433,42041.4565572932
4438,0,0,81.4229364269369,51044.4078112669
4439,0,0,1324.4929494963,28691.8366142527
4440,0,1,1587.13295655322,25819.4853929207
4441,0,0,775.022944702916,39137.0767283305
4442,0,0,0.0,46542.9852774578
4443,0,1,819.727712621638,10175.3099539292
4444,0,0,1416.22439665097,31303.1633146522
4445,0,0,1005.29385125549,34010.2782138331
4446,0,1,1419.36036165964,20118.5581992658
4447,0,0,230.006655926868,44232.1384762055
4448,0,1,1559.45787021154,20707.3186080696
4449,0,0,672.708232643735,47532.5876838393
4450,0,1,457.235746879721,5296.71092118226
4451,0,0,968.458967843151,45299.0008313587
4452,0,0,257.546332188622,29967.2042826122
4453,0,1,1130.54463982657,20862.9044853652
4454,0,0,486.576050197581,27687.3411659988
4455,0,0,207.303809187677,49999.4957354911
4456,0,0,110.915120844135,58185.5598391222
4457,0,0,678.485146409376,30196.0456896206
4458,0,1,515.149996523627,10214.7052592049
4459,0,1,837.911885761803,20984.1790586288
4460,0,0,709.617220538757,34624.8357471742
4461,0,1,745.28247159317,17803.7573638302
4462,0,1,1288.39370512831,22919.6377281931
4463,0,1,819.742345092291,20792.8309579562
4464,1,0,1708.65972028716,38203.5094749589
4465,0,0,1061.61360190645,38250.7777458905
4466,0,0,372.741249859074,35570.2117813337
4467,0,0,883.867885324977,42866.3839541323
4468,0,0,0.0,41864.2591327518
4469,0,0,657.687617719087,26454.5857525237
4470,0,0,221.02388220055,42087.0822309885
4471,0,1,1009.89600417222,9804.66603916733
4472,0,0,174.412944777162,40282.4875461436
4473,0,0,358.848341230841,44486.906473652
4474,0,0,421.759624929585,35522.6659777317
4475,0,1,1295.85184404714,10987.2651925109
4476,0,0,1005.1009513654,36275.6487886561
4477,0,0,268.961482796411,40733.4679825431
4478,1,1,1807.66621807195,18166.3226526991
4479,0,0,1237.86134424222,33816.1815718186
4480,0,1,700.169039463254,28160.642265188
4481,0,1,1236.67843724152,16298.5681470607
4482,0,0,354.702587096373,29893.039733018
4483,0,0,657.021951179147,47044.3335267286
4484,0,0,1444.92250041891,54599.1577636358
4485,0,0,1456.41125420584,30332.9859888346
4486,0,1,501.140260845363,19467.537648268
4487,0,1,1155.22217512644,18442.34092635
4488,0,0,804.469753698074,46869.3201682876
4489,0,1,1473.63371289164,17816.6208536902
4490,0,0,1345.38059193615,30175.9416666399
4491,0,1,545.612477437577,13020.9591436908
4492,0,0,1134.27984820201,37658.2309555962
4493,0,0,212.361368452079,32283.4053062079
4494,0,0,424.735234854806,22327.4342029864
4495,0,0,658.463644874415,39242.7554158439
4496,0,0,1023.7958847363,42335.7371898711
4497,0,0,815.566907409862,31752.0771532131
4498,0,1,953.421739992227,14062.0535389059
4499,0,0,905.645634729108,35876.7956914194
4500,0,0,623.09205398354,42035.4526196686
4501,0,0,287.200151889445,45952.7289237259
4502,0,1,1310.79350272579,16742.9525237844
4503,0,1,1509.66340166383,16777.5623438887
4504,0,0,1616.10873432917,33046.1879353575
4505,0,0,710.159309928127,32649.6198725826
4506,0,0,1213.6586721134,45662.6466052606
4507,0,0,1004.11682846698,52822.404383106
4508,0,0,36.3584399548111,44603.4273332462
4509,0,0,1349.19233180837,51189.112268034
4510,1,0,1854.6041538508,38406.3564635228
4511,0,0,126.153204675651,33964.0506128594
4512,0,1,987.154095590612,13002.4855508596
4513,0,1,1127.99393381002,15186.8686920989
4514,1,0,1436.31154943472,18810.8041351981
4515,0,0,0.0,41564.7698338846
4516,0,1,1068.86074173833,20804.3786766452
4517,0,0,0.0,62128.6666318456
4518,0,1,568.975552395382,17291.8146908177
4519,0,0,1608.74546942757,41572.2736975714
4520,0,0,885.004067297584,48753.5599562476
4521,0,1,886.951017327418,21792.6097936256
4522,0,0,1358.13247178913,49903.5970805787
4523,0,0,215.75271922503,22254.5891732125
4524,0,1,410.46674874912,25574.4383224846
4525,0,0,1146.61402886155,40870.9013277309
4526,0,1,1262.39329360308,24797.6075720523
4527,0,0,778.474666113431,39360.1640871242
4528,0,0,444.304074050633,43424.9349887183
4529,0,0,826.953672491254,16124.625683614
4530,0,0,204.694595970693,42076.5761239638
4531,0,0,819.530733510063,38456.6150377654
4532,0,0,1386.29696434561,31739.5132408879
4533,0,0,698.90327627991,28682.9574197461
4534,0,0,756.433468623077,33296.5671206743
4535,0,0,739.901842518832,47349.5319726391
4536,0,0,220.229117680587,37451.017612856
4537,0,1,458.967737070661,18444.2978455001
4538,0,0,0.0,36584.7569962461
4539,0,0,102.258372426939,23476.7453563297
4540,0,0,215.068134966974,47815.5996963502
4541,0,0,906.081359888139,45720.0130427207
4542,0,0,735.927000954022,18373.4864963009
4543,0,0,944.321716916993,34546.1168051409
4544,0,0,1071.00736936623,40758.0020422819
4545,0,0,1345.45173685592,43322.1930190477
4546,0,1,250.173010019934,17439.6292696404
4547,0,0,265.729004541497,60182.6771885936
4548,0,0,1006.05398774745,27002.0658104181
4549,0,1,1670.12689461036,14746.8926097896
4550,0,1,291.962364907345,7105.29202471071
4551,0,0,381.520969333049,31750.7773240362
4552,0,1,851.729729640048,14726.3760194068
4553,0,0,1375.04922403624,42557.689089595
4554,0,0,816.733720538279,40949.3644365051
4555,0,0,819.018615016961,49111.3915717458
4556,0,1,1026.15356049032,25393.7687970803
4557,0,0,853.438145266577,58757.6813645567
4558,0,1,1200.37661268053,10817.561956749
4559,0,0,1037.13480288192,43368.2233731398
4560,0,0,0.0,28363.7136990121
4561,0,0,357.13814621619,35623.4652668673
4562,0,1,970.426089456088,20569.640036535
4563,0,0,812.347981166698,33654.6774179644
4564,0,0,91.94732281422,44337.4059033946
4565,0,0,1396.03791633922,46378.7305083935
4566,0,0,72.6500816609295,50786.9791851689
4567,0,0,1168.0925556287,27823.4542224724
4568,0,1,1098.45404586514,16837.2103236565
4569,1,0,1549.89467343683,47916.2948560541
4570,0,0,1039.09837389666,26217.1320547609
4571,0,0,309.838214997499,54945.5816755762
4572,0,0,1477.52861102328,36709.6684407159
4573,0,0,79.5389496655105,34417.3757217671
4574,0,0,1219.34788226543,34310.2919397433
4575,0,0,812.58803238155,43980.1399685786
4576,0,0,557.374968867558,35067.2662366586
4577,0,0,1688.31455669805,32723.4516291512
4578,0,0,1137.79115713306,21103.4296209784
4579,0,0,856.282959899419,40394.0495771434
4580,0,0,1126.41048268919,35125.6777238733
4581,0,0,541.021814319388,29519.8801523274
4582,0,0,682.879609670441,43142.0545225124
4583,0,0,538.949887636749,35634.2028032149
4584,0,1,1305.80969861959,28929.3847360891
4585,0,0,735.018855874433,25305.2539541423
4586,0,1,344.308909631699,14256.2417485037
4587,0,0,1060.69581236717,36920.6824106319
4588,0,0,848.676390931551,38742.059793734
4589,0,1,1245.26750709863,16772.6193726086
4590,1,0,1563.53519785347,51704.9199686192
4591,1,1,1433.16763517475,18087.6863730015
4592,0,1,1238.58950959483,10514.8286406744
4593,0,0,625.615086363203,53655.2704755254
4594,0,1,1681.57246482441,20059.6747908348
4595,1,1,1681.48150579852,10155.3239877603
4596,0,0,602.638147132055,70021.6484355306
4597,0,0,681.213002165505,37287.2297831665
4598,0,1,966.026981387918,27960.371891395
4599,0,1,539.160036521217,17824.2607149351
4600,0,0,921.304294606851,25350.4002048286
4601,0,1,1325.34692274165,21487.6237029563
4602,0,0,0.0,46714.5581155479
4603,0,1,900.274608175962,22986.6136751281
4604,0,0,695.370830129286,31779.3966695702
4605,0,1,1270.99640350538,15069.0487071798
4606,0,0,1388.56113942232,54935.9412044926
4607,0,0,635.741695957085,21297.1198992919
4608,0,0,484.51576874192,39775.2498897026
4609,0,0,1185.09627093981,42969.7180869225
4610,0,0,656.980282929655,32225.2952878254
4611,0,0,1084.92565413112,36908.6884305227
4612,0,0,1309.55944948148,36851.2691176579
4613,0,0,847.530654151052,40982.4197962144
4614,0,0,0.0,35600.1493662398
4615,0,0,78.1680828433627,56254.1753065051
4616,0,1,251.971744554379,11757.9632656835
4617,0,0,871.231398400026,31770.6239820176
4618,0,1,918.75879122789,14304.5973617949
4619,0,0,0.0,31774.6475362394
4620,0,0,450.057359138236,36121.2373912057
4621,0,1,1079.37288016418,14223.2668124755
4622,0,1,320.230481928855,14185.2746317243
4623,0,0,799.370027923619,34293.7275086071
4624,0,0,1206.59215458568,25646.0822038978
4625,0,0,0.0,39830.0916182418
4626,0,0,603.661670476063,44663.7361170603
4627,0,0,672.062804619824,33850.9788397769
4628,0,1,959.222353292647,16082.4476346075
4629,0,0,670.471905106348,24265.5868972485
4630,0,0,587.259459765495,33732.2162304135
4631,0,1,602.307676282022,11019.5869460741
4632,0,1,937.606059288741,19962.1980442127
4633,0,0,1502.75774867973,53129.7830394395
4634,0,0,1063.15567471294,34642.0647569343
4635,0,0,511.613751416205,36796.7947847658
4636,0,0,926.969872799965,61937.5696692316
4637,0,1,1004.36463665711,13422.379460811
4638,0,0,367.668095917734,50025.944580281
4639,0,1,256.70707071968,22166.7943931341
4640,0,1,1777.68565079088,21573.9000171012
4641,0,0,717.742833830407,49347.0218053959
4642,0,1,532.382135295295,17704.814378736
4643,0,1,1346.67950656336,16104.8949657535
4644,0,0,334.466419532524,40156.2444927104
4645,0,0,0.0,36179.8268590675
4646,0,1,774.498460230418,10333.8005475059
4647,0,0,779.259990627242,38387.7212748119
4648,0,0,881.939111911127,62222.980701755
4649,0,0,1563.23020536396,31126.3267807912
4650,0,0,991.060968479028,37597.3230643757
4651,0,0,430.6510941777,38372.021246678
4652,0,0,806.37768488168,40454.0678792373
4653,0,0,438.766636101515,32762.1862301045
4654,0,1,1457.85884469899,17365.5667158128
4655,0,0,366.204888151024,30631.9631128473
4656,0,0,707.64693163943,35268.0174326896
4657,0,1,244.382157810974,19773.0724565957
4658,0,0,903.615716442036,20444.4241231632
4659,0,1,1031.49888597033,24636.3002154852
4660,0,0,914.378279892509,40659.1259603737
4661,0,0,1047.25164984966,39222.0588862652
4662,0,0,884.494356569447,30520.3532717112
4663,0,0,434.778826535929,39099.0918533728
4664,0,1,36.8440382391803,16942.3053373994
4665,0,0,189.362232508862,36706.8119673594
4666,0,0,366.321281302656,40904.7636333435
4667,0,1,1092.46457221389,14659.7180687513
4668,0,0,732.734288956684,39024.1492327604
4669,0,0,594.440525597424,28723.3418554818
4670,0,1,604.59270000291,14896.5918697721
4671,0,0,1732.84360466407,30322.8693052294
4672,0,0,577.433332439527,43585.0441430742
4673,0,0,0.0,38626.4229206894
4674,0,0,54.6752208652829,32279.5684271434
4675,0,0,75.9517639373938,60826.9940271173
4676,0,0,550.532712518723,27223.8578699699
4677,0,1,1343.87448410519,17280.4386325808
4678,0,0,1350.42884688991,26450.2917378783
4679,0,0,866.337987458603,35141.4276434821
4680,0,0,6.0718923507153,46930.5751609951
4681,0,0,501.345178098675,45368.2311760232
4682,1,0,1488.46992484111,36457.2232810267
4683,0,0,1462.78673740114,60296.3983414094
4684,1,1,1567.6792817174,19172.6794504668
4685,0,0,771.789346888835,42139.0702685071
4686,0,1,1534.96839986597,17084.5811173851
4687,0,1,801.049716325599,14679.8334438847
4688,0,0,1724.36913158984,32610.8103326016
4689,0,0,0.0,50258.5389376857
4690,0,1,1277.37438672436,19675.1778370988
4691,0,0,786.987434157093,33289.8508246552
4692,0,1,231.770725857912,13702.4709168115
4693,0,0,173.95946051489,53965.0512087132
4694,0,0,1184.92742226795,40958.6439892978
4695,0,0,1308.20671058332,32215.5333744215
4696,0,0,203.300081077181,53055.6944283308
4697,0,0,1092.09883401769,32122.0511847395
4698,1,1,1902.96956487606,12464.3030428074
4699,0,1,1004.43827309182,16456.2772500215
4700,0,0,366.701551503356,60456.1177682284
4701,0,1,1148.73388988892,23812.6269938104
4702,0,0,0.0,33272.1521467807
4703,0,0,476.235271127698,37627.3500232473
4704,0,1,477.782945771116,22753.595472452
4705,0,1,970.832756037515,19096.8894116813
4706,0,0,1268.593972865,42012.8965861893
4707,0,0,657.531112911778,40807.2813020756
4708,0,0,0.0,47447.7965740125
4709,1,0,1661.75264500023,21871.4629698413
4710,1,0,2075.18875447377,40882.4942205655
4711,0,0,915.771563906364,24243.1801621741
4712,0,1,1048.27476281908,20659.1448600909
4713,0,0,987.566250569472,49542.4042328822
4714,0,0,535.135342889862,44448.6070341664
4715,0,0,1057.93260126087,26628.440742067
4716,0,0,1023.14792054594,43698.816691916
4717,0,0,749.038516136777,53711.4604878896
4718,0,1,1143.32901606626,17367.9255273603
4719,0,1,1269.22650557238,18552.4241402811
4720,0,0,0.0,35282.5672911043
4721,0,1,723.371847127379,17623.5856688342
4722,0,0,1000.37678190467,40272.3020222245
4723,0,1,1069.69305831625,10722.2494639198
4724,0,1,1391.33500191616,18309.4209980288
4725,0,0,1075.82417073247,22982.2266330704
4726,0,0,548.645307903484,38094.4261696886
4727,1,1,2109.99939482268,17774.5252912207
4728,0,1,649.360116506353,10524.3261012952
4729,0,0,863.138440981705,58119.7166042119
4730,0,0,861.644850689235,39272.009042449
4731,0,0,567.48919433319,22304.5739463089
4732,0,1,642.536489791415,14763.3771815957
4733,0,1,1045.65746602959,23335.0463297184
4734,0,0,738.144128251301,43693.0663883118
4735,0,1,0.0,11537.8932286441
4736,0,1,1137.95416230334,22110.955756392
4737,0,0,462.67462827218,50229.5858853097
4738,0,0,1006.20156056955,42689.2736872236
4739,0,0,584.193242183483,36676.7891499965
4740,0,0,1314.76520466199,30067.4106473222
4741,0,0,0.0,30236.456334252
4742,0,1,1005.7070062066,10887.4998722589
4743,0,0,113.571264398776,32803.8326475958
4744,0,0,967.739852296793,26210.7921411168
4745,0,0,0.0,45486.4586774752
4746,0,0,651.325134914705,51583.2502025241
4747,0,0,1035.31564464554,53066.1048806133
4748,0,1,58.9719451002575,20914.9310231372
4749,0,0,0.0,60480.5779714552
4750,0,1,1190.02172815921,16240.7675716637
4751,0,0,37.9925363825407,48739.835381004
4752,0,0,652.266673982479,48639.4414824398
4753,0,0,1529.68785747477,40977.413884081
4754,0,0,626.928556799094,42139.1844588824
4755,0,1,756.995609419385,26674.3907819418
4756,0,1,496.796907366618,21058.9615915699
4757,0,1,396.348073964701,19541.0460996815
4758,0,0,1590.64164138128,36242.4969956276
4759,0,1,1331.98056755563,20672.3395409647
4760,0,0,36.0879903528757,37015.5573565846
4761,0,0,338.476753874061,32666.5125332142
4762,0,1,992.348320272266,22324.995595221
4763,0,1,1123.34001168521,20785.6402268094
4764,0,0,743.623145225238,37333.5741226044
4765,0,0,1111.69151735153,43659.0705877284
4766,0,0,969.656018252645,40142.1341458025
4767,0,0,974.507818365927,25346.7782137892
4768,0,1,285.649618597345,26874.7545848903
4769,0,0,596.620026917752,30764.6620547443
4770,0,0,1417.91211322905,38015.1663619641
4771,0,1,1055.01732721533,24188.0497493234
4772,0,0,1001.22197077827,44801.4010017881
4773,0,0,771.441004544643,44810.2993576709
4774,0,1,672.568078513351,22788.3673814709
4775,1,0,1511.61095196469,53506.9449260286
4776,0,0,601.689646743678,31522.7848464764
4777,0,1,1316.65207634709,12165.7289983026
4778,0,0,122.094308759452,46609.3974801976
4779,0,0,840.015018103735,51350.6376713073
4780,0,1,1765.89393783248,18053.4997231118
4781,0,1,1752.73614962438,15596.8914294527
4782,0,0,1147.97807477466,40515.690457161
4783,0,0,1839.32220772716,38104.09110626
4784,0,0,1208.39512763794,32430.1827745819
4785,0,0,952.127530094181,49137.3956883078
4786,0,0,1251.15103459029,45205.2458041651
4787,0,0,215.541422559435,55278.4326522823
4788,0,0,1294.45712199529,40768.4510534547
4789,0,0,463.085599132038,46760.4958851049
4790,0,0,815.244183095314,26231.4654068667
4791,0,0,854.511278704167,34463.7651086685
4792,0,0,1062.05871081173,35781.125486661
4793,0,0,1035.16023564514,67450.6880740411
4794,0,0,880.39651795853,60206.0865523296
4795,0,0,847.432632019156,37303.5743998861
4796,0,0,529.189078465686,50195.1130066061
4797,0,0,1163.01689294047,38902.7636192958
4798,0,0,570.024684333736,40987.062331077
4799,0,0,0.0,29254.8682343058
4800,0,1,673.473688920932,20926.4985495466
4801,0,0,1728.33597631199,33488.3043629755
4802,0,0,1285.82859393833,43507.4660616916
4803,0,1,1511.89419713912,22794.0710515533
4804,0,0,676.684640060302,24989.8336879992
4805,0,0,1010.51628568877,36298.9949767778
4806,0,1,613.156883050935,17665.4777002853
4807,0,1,1134.29609388582,18991.8212122874
4808,0,0,295.843230952288,30602.2668901058
4809,0,0,206.542522622756,14909.3670998149
4810,0,1,1194.88454948711,18943.404107102
4811,0,0,1551.09273901932,44596.7459450461
4812,0,0,1210.17603584528,29460.1915964576
4813,0,0,407.860744514451,47826.2137672174
4814,0,0,1561.93370103164,56614.5215842107
4815,0,0,602.545629733875,42798.0787516511
4816,0,1,640.364464045534,14938.7665747018
4817,0,0,927.669181696879,39934.14447599
4818,0,1,1436.67638543656,14418.1660192643
4819,0,0,552.551318491268,48267.6733934583
4820,0,0,839.221856390201,43213.6941068639
4821,0,1,1248.95418862754,14024.9049826447
4822,0,0,929.925922127169,34535.4552697911
4823,0,0,1198.8328069313,40275.0895006702
4824,0,0,479.546200741212,24805.9234039657
4825,0,0,1523.37267411625,44603.3263715189
4826,0,0,990.806914855645,44966.2067311636
4827,0,0,890.565507661516,14327.9907812727
4828,0,0,678.466828551986,40803.574959998
4829,0,0,1462.2231725006,29574.2345717155
4830,0,0,0.0,48781.4789584836
4831,0,1,490.321797387267,24403.076672713
4832,0,1,2216.32975271823,24737.0817608224
4833,0,0,1336.36324569324,22245.512515223
4834,0,0,355.060596425254,36888.8343229379
4835,0,1,1094.52167851979,15617.5214126771
4836,0,1,1969.40774822745,23674.3763041379
4837,0,0,1274.15968500756,41943.6775238178
4838,0,0,224.170029650401,33542.3081803634
4839,0,1,781.452305613836,18301.5837988415
4840,0,0,1360.95293058478,46419.8169938933
4841,0,0,210.79728296045,34468.8991617379
4842,0,0,671.732605646625,26431.2725981968
4843,0,0,275.063482035165,28266.1719807672
4844,0,0,306.189516124779,30587.0067789106
4845,0,0,293.614966998029,35945.6602591222
4846,0,0,394.412944764813,52725.1599391522
4847,0,0,1002.03064144933,49319.3386450314
4848,0,0,357.517194944239,29711.3596849901
4849,0,0,959.063053220934,55089.9902579628
4850,0,0,734.335829432546,49128.5377547576
4851,0,0,325.331214705521,32961.6570345964
4852,0,0,910.482750696698,47298.7206352739
4853,0,0,496.773960094507,38316.1354372489
4854,0,0,416.632531990627,53256.279631146
4855,0,1,1525.17230577148,21427.0936211979
4856,0,0,124.754171373222,45763.7921971983
4857,0,0,0.0,52069.2946661816
4858,0,0,854.91344178492,39190.2956730676
4859,0,0,796.173999850849,27278.3968655676
4860,0,0,1044.86316119444,41726.2336321002
4861,0,0,1690.66807668525,55412.7594728702
4862,0,0,935.712944122395,34067.0542216433
4863,0,0,306.459195932147,36812.6260466299
4864,0,0,698.440564304251,21903.0380990783
4865,0,0,973.990820697017,45941.0220132698
4866,0,0,455.01778226024,45611.4764507005
4867,0,1,1133.69962699868,26119.3046838437
4868,0,0,598.193073483425,42734.4396915184
4869,0,0,615.477640984647,45792.8999573859
4870,0,0,1270.13090566539,47817.556620848
4871,0,0,956.92261305132,50834.4083382596
4872,0,1,1095.07681187651,18087.7198650968
4873,0,0,143.56302092038,54411.2621205176
4874,0,1,604.055091635501,21187.7105609043
4875,0,0,0.0,38954.1074974878
4876,0,0,0.0,37825.2214149258
4877,0,1,1179.99452466386,18954.3937931282
4878,0,0,337.651368245181,36787.019606017
4879,0,0,855.596783860997,40412.7256889938
4880,0,0,437.577738904493,55720.9729622054
4881,0,1,596.806527835537,17397.345240438
4882,0,1,1725.38695367817,19915.9294906171
4883,0,0,619.540641629038,39049.5004190242
4884,0,0,627.987739442837,56266.1534015338
4885,0,0,186.523520052955,36717.5145751435
4886,0,1,1093.02752981372,12179.0381928815
4887,0,0,684.270463762744,42437.9147614519
4888,0,0,963.092668712372,33110.3041089651
4889,0,0,190.503430147143,53690.5912303308
4890,0,0,68.3059319848821,52323.9021376562
4891,0,0,1336.96983981619,33148.7686484431
4892,0,0,372.42585488596,53695.2963822027
4893,0,0,1095.02824134231,36282.4745747898
4894,0,0,813.133978036294,59309.4766826028
4895,0,0,31.7041228690578,42191.6591895568
4896,0,0,655.83204174059,37267.5828058215
4897,0,0,1340.24042928874,37464.3187635305
4898,0,0,881.256511405968,41728.8460965129
4899,0,0,684.715044622935,27951.1972343004
4900,0,0,1158.37980436503,61054.7639322687
4901,0,0,945.268218836473,38738.535388431
4902,0,1,465.583628699223,15625.6335294607
4903,0,0,999.634855209019,51385.6997288261
4904,0,0,1143.68079469267,48044.8970095031
4905,0,1,669.380788171136,16805.1937165813
4906,0,1,838.970942885318,21407.4524046558
4907,0,1,1384.73759704675,23083.6670866921
4908,0,1,1401.07319105629,21811.2682494468
4909,0,0,1591.1935826083,37501.4868906071
4910,0,0,54.0505937218858,46662.1128147156
4911,0,0,862.91971023389,36774.21590522
4912,0,0,712.20772069224,29546.4898791291
4913,0,0,908.926548419012,40757.0941232209
4914,0,0,779.07643792557,31710.9740519861
4915,0,1,99.3825624494821,16725.2450704366
4916,0,0,1081.00133671617,32344.5785843183
4917,0,0,1124.24913483266,27521.1515772183
4918,0,0,923.406566904925,33122.2200360472
4919,0,0,1096.21846957418,30653.2627505314
4920,0,0,999.667805904389,51420.9767106412
4921,0,0,0.0,16601.6352758396
4922,0,1,517.821959362896,12673.9060745037
4923,0,0,1461.8874628892,38559.0734798992
4924,0,0,699.053865774975,41722.8060676528
4925,0,1,1241.06189825831,4664.56504744167
4926,0,0,1380.74980362946,52664.8765861705
4927,0,0,561.964606426332,40555.4075956276
4928,0,0,1122.74695829232,47140.8290039081
4929,0,1,736.244056555543,13756.5455214776
4930,0,0,643.481154792508,45925.8866630799
4931,0,0,1141.1579377815,44333.2106253742
4932,0,1,1273.8911367113,20104.4301645592
4933,0,1,1306.0465368104,20776.3886514723
4934,0,1,840.988909202537,15406.2074109606
4935,0,0,289.245438541483,46550.5255056292
4936,0,0,758.134285088564,33220.5754915223
4937,0,0,930.716938556974,46501.275711698
4938,1,1,2177.15086891131,17659.7478222343
4939,0,0,0.0,24892.9156877399
4940,0,1,565.830058840306,21042.2277169227
4941,0,0,1076.12658440012,23632.5203007461
4942,0,1,1031.86992982705,18668.4835488197
4943,0,1,768.403741780636,15417.8415373175
4944,0,1,690.421049211988,19273.7323863817
4945,0,0,469.844241251743,51308.3185057705
4946,0,0,617.860025366679,50177.7733818704
4947,0,1,1779.04969869115,15689.7766299802
4948,0,0,0.0,47669.7040770385
4949,1,0,1928.28028339195,35492.1282298836
4950,0,0,1123.71925965889,56217.6848959765
4951,0,0,794.646108436353,41033.5877136228
4952,0,1,1428.0668825016,19818.2916600492
4953,1,0,1028.76720660766,40346.8332744194
4954,0,0,1006.20297747562,50501.7615442059
4955,0,0,691.751713492645,45420.9691166198
4956,0,0,524.83815013125,41268.4236470728
4957,0,0,493.914160754546,37409.1839297761
4958,0,0,1520.98047817004,37510.539355771
4959,0,0,665.039756552142,47062.2530853035
4960,0,1,1520.44210105792,18462.4306583934
4961,0,0,1094.78047257691,34190.8765220755
4962,0,0,735.091040828817,44933.3231505618
4963,0,0,681.69357639072,33327.1130348719
4964,0,0,376.034543992985,50748.2717350015
4965,1,0,2037.94335373875,43016.0721799483
4966,0,1,1630.19958945524,14232.6615333799
4967,0,1,0.0,21881.70591016
4968,0,0,184.427531874367,36731.6269503081
4969,0,0,349.660665623366,39391.3223138928
4970,0,0,673.555270265584,49169.7285398626
4971,0,0,82.7245249090897,42048.4447973563
4972,0,0,1247.12060523244,50539.9074463094
4973,0,1,640.639543022389,29236.6301917974
4974,0,0,273.446972354707,52492.7498232477
4975,0,0,0.0,35377.140726393
4976,0,0,803.831186814094,33417.7724119944
4977,0,0,1248.37574903961,37469.8646245304
4978,0,0,0.0,40348.3141797719
4979,0,1,1307.20497291735,19381.5413197222
4980,0,0,0.0,45793.3930350651
4981,0,0,1186.09870513381,50353.9254295505
4982,0,1,1037.57301799006,18769.5790241645
4983,1,1,1878.0011459383,17473.1839905824
4984,0,0,736.234836930655,36313.6335527215
4985,0,0,260.162175370309,33551.7152965122
4986,0,1,1103.68178180143,14225.7213396247
4987,0,1,886.059316803901,10378.642294674
4988,0,0,221.163782753084,43072.8942477535
4989,0,0,1098.05775086164,29402.8731375651
4990,0,0,0.0,38686.6752901228
4991,0,0,826.949810434256,46946.0524494613
4992,0,0,569.967721511709,38982.0174276273
4993,0,0,1316.05741075183,45308.5638370534
4994,0,0,86.7255186935218,51257.5834623666
4995,0,0,1458.83532494992,24850.584777006
4996,0,0,1243.45134821097,41184.8989068281
4997,0,0,790.755760017407,41909.1076701413
4998,0,0,1997.17280979799,50273.6010347616
4999,0,0,960.912667754959,29304.4577217282
5000,0,0,646.856743672621,28836.7571332657
5001,0,1,287.649489290529,15441.3667468103
5002,0,0,630.665336901893,56266.7584991141
5003,0,0,610.500866970474,28664.0426596326
5004,0,0,1224.2294141262,34490.2250037052
5005,0,0,326.873676115073,48756.0275802892
5006,0,1,325.282819884072,15644.241969999
5007,0,1,623.757859297092,19191.9669165633
5008,0,0,1394.47677556729,44092.5486778967
5009,0,0,929.085467738706,35571.7766510459
5010,0,0,887.743410952946,43478.8851944058
5011,0,0,0.0,26598.6432244359
5012,0,1,127.222763146235,9801.50016731734
5013,0,0,986.358895012313,41688.0643432575
5014,0,1,1430.32550175549,20846.9633160869
5015,1,0,1026.35885461086,56182.1299303766
5016,0,0,556.017498447853,33705.0786503377
5017,0,0,1018.43623649898,53962.2776889911
5018,0,1,1083.71139106703,17040.5193960842
5019,0,0,1602.80694308659,34700.2659635458
5020,0,0,921.347854114991,47610.9551969612
5021,0,1,769.449761812266,21717.9437219792
5022,0,1,289.834142708942,13914.6037195668
5023,0,0,955.339164891698,46310.1075238865
5024,0,0,387.786699789214,38745.3611515006
5025,0,1,1340.96638891561,18725.9542084894
5026,0,0,1252.89403929371,35587.7235974753
5027,0,0,435.393159422012,32907.3324671792
5028,0,0,491.048506081094,37219.521075924
5029,0,0,1112.50930363904,44298.3856437862
5030,0,0,828.980209839879,55696.8036988707
5031,0,0,568.352003557276,38963.9592439542
5032,0,1,672.410410996217,16508.4250338839
5033,0,0,931.784107242425,37280.4101469293
5034,0,1,982.773097327345,24145.529432349
5035,0,1,686.528758338996,25779.7833400233
5036,0,0,1069.52691083266,34694.0007489651
5037,0,0,863.954854648354,17159.1633825291
5038,0,1,976.451484674357,10541.5702251666
5039,1,0,1586.50219904832,48925.9333773085
5040,0,0,544.126248458484,49900.5840191048
5041,0,0,198.929141819723,50463.775492981
5042,0,0,1026.19409513963,35685.4837341184
5043,0,0,1317.5648641479,40731.7639670573
5044,0,0,0.0,33322.4823586788
5045,0,0,358.613776928251,47688.8047213017
5046,0,1,1511.37287983489,14982.5985069437
5047,0,0,359.916678749368,52248.1180712292
5048,0,1,529.343106295732,17245.8006101565
5049,0,1,888.564819034569,21820.217178924
5050,1,0,1954.33329923564,35067.5349242276
5051,0,0,131.747075963338,36947.7786180191
5052,0,0,518.899020411541,46192.5543655142
5053,0,1,1593.32749210594,11570.7286227592
5054,1,1,1473.03456108025,18108.9616707212
5055,0,0,1527.92479896565,44640.7447447419
5056,0,0,1349.90847931825,48103.0307778647
5057,0,0,371.881863400765,46682.5469471478
5058,0,0,758.021077838799,55278.5919447949
5059,0,0,1306.83203413692,57561.4112609048
5060,0,0,605.847239898752,58892.9054842696
5061,0,0,1085.24381139608,21805.7923070268
5062,0,1,1582.23460960238,20214.6895370086
5063,0,0,1078.48346006261,40944.2697839083
5064,0,0,711.663817704792,35741.2021602844
5065,0,0,1204.45918317074,39418.7070865022
5066,0,1,885.209895707751,18693.7271194524
5067,0,0,1795.88371131615,25878.51931005
5068,0,0,230.916226613246,36139.4105825641
5069,0,1,1038.55559796008,17055.7950391374
5070,0,0,731.477128185087,18843.2713163752
5071,0,0,1734.22804374841,37621.6331723075
5072,0,0,640.520349799474,30327.6077411327
5073,0,0,218.114854087379,38766.1076269185
5074,0,0,912.390423465776,26857.1718991427
5075,0,0,726.04214847851,42272.4378377616
5076,0,0,408.619017832786,35622.5983889609
5077,0,0,309.740932405142,33333.5647205627
5078,0,0,1392.61937166309,54027.1994679767
5079,0,1,587.044939922978,15939.8195167005
5080,0,0,898.272656314256,48233.875497513
5081,0,0,325.841005644733,37392.6815076359
5082,0,0,896.027135886118,30452.0368389112
5083,0,0,803.764577734824,48013.6101491714
5084,0,0,509.19563340924,46368.3940729584
5085,0,1,1031.01773195342,16568.6330047445
5086,0,0,782.413394401972,34830.626285528
5087,0,0,1168.37748585252,42388.1210151283
5088,0,0,561.623001826995,36266.8058793083
5089,0,0,850.518457429395,35683.8322872262
5090,0,0,752.510218476463,18960.365575285
5091,0,0,245.505961457985,31307.2436442818
5092,1,0,1733.82467870178,26330.5117293113
5093,0,0,590.6660320013,59574.217720019
5094,0,1,711.58282259562,17780.7598281386
5095,0,1,831.845343849951,19797.3565884763
5096,0,0,1344.71128149313,26215.3918353377
5097,0,0,224.691145051763,55040.6127338996
5098,0,0,361.742665529608,54071.3405585766
5099,0,0,1322.81096388371,48016.6173357397
5100,0,0,1043.37439662006,28079.2626836385
5101,0,0,1475.5184852365,48653.6837529257
5102,0,0,812.083886904557,41821.2997786732
5103,0,1,287.792362307827,13060.0085705572
5104,0,0,775.309789469854,38721.2458944943
5105,0,0,344.624077138956,43246.577989562
5106,0,1,372.430810388496,17243.0493024185
5107,0,1,2088.52910874915,18078.329167844
5108,0,0,946.398166907214,30770.06673018
5109,0,0,675.376726291362,36921.5759561219
5110,0,0,1012.7684538166,36406.2410883707
5111,0,1,1011.93720941387,18509.2971336598
5112,0,0,452.372650854573,59429.1231408102
5113,0,0,1092.49125891643,30654.6852565509
5114,0,0,71.5776897613993,61588.2545022497
5115,0,0,1319.04171817483,57768.8999848109
5116,0,0,266.277758688326,41204.2949910119
5117,0,0,370.963648959728,25321.3528225483
5118,0,0,848.724426358956,41585.9525525882
5119,0,0,507.396131594456,35353.4055306308
5120,0,1,267.327829096529,19698.7138804734
5121,0,0,420.899331867238,39764.7024313117
5122,0,0,129.596448519056,52169.2315710791
5123,0,0,327.240437287515,40061.6245140303
5124,0,0,678.07110557078,63791.8242046779
5125,0,1,199.127092682205,19913.6025024459
5126,0,0,1215.6982445086,33598.9707553906
5127,0,0,460.681505823092,37129.2708182323
5128,0,1,1300.72043313612,9266.52973132815
5129,0,0,534.568707980077,37281.0402106883
5130,0,0,1308.52917152033,57190.8748728432
5131,0,0,507.065032012891,42753.191915581
5132,0,0,197.327265397347,24562.1196558629
5133,0,1,819.834292040018,16412.9970215884
5134,0,0,0.0,57003.5937659081
5135,0,0,1489.78033181431,30296.6104370112
5136,0,0,581.520818602128,53100.5724783833
5137,0,1,286.291564637705,19553.6356059804
5138,0,0,371.865220141343,45949.9142067639
5139,0,1,992.780221091888,16585.3242820471
5140,0,1,758.138523557969,23758.5776345544
5141,0,0,1174.19490858525,35533.484518999
5142,0,1,1196.09826443677,23851.2213915256
5143,0,0,613.231402434956,34664.5713252984
5144,0,0,968.972340284543,33763.1902797405
5145,0,1,1151.29871640682,14384.7670811015
5146,0,0,848.702739852829,35192.8388667608
5147,0,1,989.090770148172,20262.0219405693
5148,0,0,92.7406629973355,40722.5906489061
5149,0,0,1654.93417536156,33179.7839229243
5150,0,0,212.497928709851,53619.4757063793
5151,0,0,73.8932348303483,44308.9054028973
5152,0,0,692.155233993309,37592.2608516003
5153,0,0,957.583962212342,40315.7728375367
5154,0,0,69.0238775412759,41566.5820708201
5155,0,0,1394.12544339822,42921.017077944
5156,0,0,1317.86646809988,36610.8861107082
5157,0,0,602.096395581271,53553.7224709536
5158,0,0,430.118221188009,41105.2876346528
5159,0,0,211.983028197665,33448.2447835816
5160,0,0,544.143145637753,33861.5539040238
5161,0,1,943.843064280149,16701.783093276
5162,1,0,1412.19244842733,37283.0081014142
5163,0,0,1416.44476989919,33099.4968843457
5164,0,0,193.283164669804,37376.6497130654
5165,0,0,857.236448414279,67124.0570892683
5166,0,0,1132.07848219227,29715.3049435999
5167,0,0,1489.35702735969,37758.4128863958
5168,0,0,1527.35932473709,33923.5287652523
5169,0,1,1427.04938367717,18268.5268315543
5170,0,0,964.863037287274,43744.9833544682
5171,0,0,326.15092990097,32919.9710526922
5172,0,0,866.299668540652,65931.951109459
5173,0,0,626.160154224476,34007.9083467235
5174,0,0,836.192864603416,43275.1452255696
5175,0,0,826.558020541498,44371.7473405659
5176,0,0,102.122522558305,33300.1875216945
5177,0,0,1609.2970309356,52752.9684251831
5178,0,1,140.455621890314,11179.4978592831
5179,0,0,1147.98069460388,20766.3950725174
5180,0,0,855.292565736026,35749.0327861946
5181,0,0,1682.20185616142,36366.9912912394
5182,0,0,689.820773571356,30304.7803009091
5183,0,0,1706.04630524721,32900.7114384091
5184,0,0,479.521909132234,43743.6223126641
5185,0,1,765.363356845998,11976.4084945249
5186,0,0,894.329102865568,45250.7303099136
5187,0,0,993.647092771748,26768.9566762713
5188,0,1,378.492519673549,18659.7721270351
5189,0,1,576.065007536311,13536.6090365198
5190,1,1,2113.62976138136,21100.7217870678
5191,0,0,542.696206119799,40996.2123286466
5192,0,1,493.629546126545,20500.2126317105
5193,0,0,0.0,29322.631394458
5194,0,0,1185.58125264069,47782.4971306183
5195,0,1,1719.87111940057,22431.8580010025
5196,0,0,495.75006907172,44361.3911905097
5197,0,0,533.894154434263,33785.7461367447
5198,0,0,150.142705477657,38610.3773141684
5199,0,1,1298.90149315481,14975.2649269789
5200,0,0,957.23895991391,57698.4082232021
5201,0,0,836.933291572557,51031.9398320695
5202,0,1,1400.70282406811,23083.2601589174
5203,0,0,857.329141983596,25742.1737665285
5204,0,0,876.765555277727,49291.1665644759
5205,0,0,979.316714853782,27534.9121409755
5206,0,1,491.70432081442,8352.20898846706
5207,0,0,1621.71164283879,37970.4740221371
5208,0,0,643.61550941031,44251.0158829684
5209,0,1,343.798638052776,19971.7762095044
5210,1,0,1711.16909322992,18579.1024704064
5211,0,0,1170.02740630312,33332.62578308
5212,0,1,638.204399721592,14641.383733897
5213,0,1,1457.83941086875,18496.9320583648
5214,0,0,383.860154972825,31749.6784240199
5215,0,0,618.031682935868,44419.5476702594
5216,0,0,565.218299871113,29015.7240563929
5217,0,0,290.145958733313,32862.5552897116
5218,0,1,576.944278840371,22800.8670501163
5219,0,0,633.127115560167,54034.3550059018
5220,0,1,1350.62900231003,11854.9844393708
5221,0,1,893.558271644587,23033.8122137051
5222,0,1,895.318965804225,20869.3559390839
5223,0,0,1470.57249106756,44490.3210732759
5224,0,0,789.256511246828,43835.3402744718
5225,0,0,218.769004560376,52074.6627185221
5226,0,1,531.693802744842,15794.5816061376
5227,0,1,1268.53785480676,21336.8901013062
5228,0,0,0.0,34040.3129149757
5229,0,0,1046.56286488318,26555.4889385252
5230,0,0,389.992175159101,29032.1126978626
5231,0,0,642.234627903716,35800.0838167836
5232,0,0,391.989952172087,35012.8696092424
5233,0,0,1483.68901084984,58310.5123479193
5234,0,1,438.574770885019,17439.1149542307
5235,0,0,897.861693678463,47557.5240974682
5236,0,0,0.0,41693.3858354333
5237,0,1,776.639070176991,15338.8886029457
5238,0,0,112.470708913448,34320.0261502942
5239,0,0,634.477775997833,56726.1200096328
5240,0,0,791.947496101649,47886.523268027
5241,0,0,1088.28530583845,43134.5314123792
5242,0,1,2018.35853570805,15472.8495805739
5243,0,0,1470.6352731309,40080.2147465839
5244,0,1,611.208896633182,19733.2518009616
5245,0,0,1117.08002839592,42388.4155540622
5246,0,0,1589.99091896711,42268.2798533657
5247,0,0,0.0,57898.4151586562
5248,0,0,636.238668216172,39172.3633653161
5249,0,1,714.397171134248,17412.7179760366
5250,0,1,946.779603881376,12881.4021094055
5251,0,0,108.056775837302,41840.3258124129
5252,0,0,816.888352751252,52492.3459447917
5253,0,0,5.88381627957153,45840.4724566521
5254,0,0,761.75063431318,13889.1325349332
5255,0,1,1173.7813429519,15823.8054768027
5256,0,0,1418.47537255722,38034.1444323705
5257,0,1,864.357126766229,10484.7705038946
5258,0,1,1101.16009199421,14307.0010845492
5259,0,0,0.0,46615.6980277052
5260,0,0,0.0,43782.2558593837
5261,0,0,582.317221802385,29239.8460732044
5262,0,0,369.050487595411,38418.8665205536
5263,0,0,966.051877458136,10174.7298015834
5264,0,0,399.445615081294,54329.9229320772
5265,0,0,51.8884865930951,41839.1733870635
5266,0,0,460.879415522297,40046.0293272784
5267,0,0,1139.0127276922,36958.5780108845
5268,0,0,707.573102936183,48790.4022479433
5269,0,1,1034.60315139142,18614.0374963359
5270,0,0,118.869800099736,42823.5719634176
5271,0,1,461.004340791416,15554.0297650626
5272,0,0,1057.27499998475,42731.876409648
5273,0,0,1035.48588062781,41714.3737690575
5274,0,0,1010.27951299617,34188.9846488205
5275,0,0,0.0,41199.7993550431
5276,0,0,656.023725381919,36349.4369887069
5277,0,0,539.137500807564,23561.4305215042
5278,0,0,1377.46206134276,49406.0727015749
5279,0,1,1322.14599591033,21272.5759430237
5280,0,1,1393.58949068025,23261.8632426465
5281,0,0,1324.0139835537,45114.7403111169
5282,0,0,1020.52955729319,35652.6634579727
5283,0,0,2033.54023491605,41629.2372883968
5284,0,0,888.642912599117,19942.602870394
5285,0,0,1350.11626748169,39555.962310795
5286,1,1,1936.06186248878,13377.8288411615
5287,0,1,1406.91736397006,16427.1007755423
5288,0,0,282.838124549012,29478.1380100908
5289,0,0,601.082571361274,25319.3660998709
5290,0,1,1639.42660841751,14682.7766583761
5291,0,1,48.528095875895,16647.3061614762
5292,0,0,324.504531784576,51139.8768545561
5293,0,1,886.401507936786,13995.8895892462
5294,0,0,967.441573778467,51674.4193685904
5295,0,0,711.737607680277,45419.881942107
5296,0,0,1547.8807897846,50638.3395897592
5297,0,1,1200.59444464953,13772.9891155443
5298,0,0,0.0,45201.1287123811
5299,0,0,1454.98158871843,43821.2213471972
5300,0,0,355.442338612803,46147.517874115
5301,0,0,0.0,46927.7844526087
5302,0,0,0.0,49784.3363547474
5303,0,0,282.865313074855,39961.0398249
5304,0,0,303.7151176961,29048.0352380343
5305,0,0,157.763001571445,36206.2856905702
5306,0,0,300.000466508023,41189.452201056
5307,0,0,463.982072534495,43330.5524368375
5308,0,0,1654.23495626913,39580.1297092868
5309,0,0,762.57449743267,45526.894785978
5310,0,1,1887.88171576879,21901.1824969382
5311,0,0,1206.2634918013,34621.7733090616
5312,0,1,247.653103614015,20444.7524326314
5313,0,0,576.796119948855,39209.8328678459
5314,0,1,1214.40830614039,18055.2384673481
5315,0,0,987.745528266879,40243.6200175723
5316,0,1,1257.01612997428,19247.9006122535
5317,0,0,524.08561886939,40319.1181371202
5318,0,1,1236.20709180902,23364.0486787434
5319,0,0,1008.67500060108,68610.4120555314
5320,0,1,1474.77960459731,17382.4673857922
5321,0,0,772.375314624076,36997.3367352004
5322,0,0,701.552593711793,39526.5771906575
5323,0,0,0.0,28798.0399729688
5324,0,1,1165.89551137884,14969.2872479009
5325,0,0,0.0,28226.557953656
5326,0,0,1429.22104820794,40564.8863059473
5327,0,1,806.669235669924,17359.6747587047
5328,0,0,528.089315636181,46389.3406847376
5329,0,0,963.428148153574,60084.1264776154
5330,0,1,764.527166698458,22578.6356703964
5331,0,0,573.699136954666,49465.7548491151
5332,0,0,1410.36924005265,62395.0381452745
5333,0,0,816.74102705322,47272.3336067607
5334,0,1,1220.52491385296,12195.3619458104
5335,0,0,245.438753254706,54133.0383062381
5336,0,1,1083.91128186265,8584.07757718565
5337,0,0,485.34880653997,14676.2955127898
5338,0,0,677.758794018199,50309.0647156314
5339,0,0,286.660874697687,34499.532630599
5340,0,1,843.920206689304,20754.0241650762
5341,0,0,831.836619855653,41247.6422019852
5342,0,0,1024.32637691556,33832.4896292671
5343,0,0,1277.12309805961,42472.9082664883
5344,0,1,1221.94391099058,19127.3502338687
5345,0,0,967.24928173355,27663.1340686837
5346,0,1,1556.9044182868,19272.2364832437
5347,0,1,419.729554950423,24679.7314674035
5348,0,0,276.164884319753,53625.7140947421
5349,0,1,1407.49727226473,14688.3889037994
5350,0,0,1041.08802327574,39515.843021084
5351,0,0,182.325444181601,39703.2688512737
5352,0,0,162.218486671005,41381.2707079487
5353,0,0,405.27398057965,52571.1841278695
5354,0,0,887.158361413145,51519.1264793758
5355,1,0,1844.88383884582,35508.6754221795
5356,0,0,792.981525937216,37549.9499998241
5357,0,1,942.140104921354,23835.3854718109
5358,0,0,938.785896813177,14524.3576239936
5359,0,0,18.9042026877129,35590.2325848994
5360,0,1,599.470983151447,18575.4084167931
5361,0,1,679.809546964661,19263.1233225776
5362,0,0,601.26329258483,24400.0962522342
5363,0,0,132.081039256955,51694.739559532
5364,0,0,743.032968860053,25186.4259047664
5365,0,0,728.186897542765,52515.0675486159
5366,0,0,467.247563714739,33644.2578423145
5367,0,1,1104.93334843928,17377.4981465423
5368,0,1,310.198181760547,14672.9256971296
5369,0,0,1575.71270470809,45957.2447176986
5370,0,1,1370.24893741272,13358.27420233
5371,0,0,1593.43280272515,73554.2334951972
5372,0,0,463.002217743353,42297.4577977629
5373,0,1,786.106023872724,20954.4515707623
5374,0,1,731.511801077056,26505.3445248464
5375,0,1,468.273219312503,27054.8938154626
5376,0,0,219.145709509396,37993.0436785142
5377,0,1,846.959069993446,20659.8532659399
5378,0,0,702.15926284292,57468.4044412075
5379,0,1,1381.64443433898,11059.5680660885
5380,0,0,1455.50583675848,33455.0496944581
5381,0,0,1357.90971764828,43377.1121805758
5382,0,0,1032.62707913177,23349.8301266316
5383,0,0,798.85963667668,48336.129308326
5384,0,1,117.90308176916,14649.8580553618
5385,0,0,234.743603957667,27499.9536219837
5386,0,0,890.266872175802,36631.498422027
5387,0,1,518.478839254004,18635.5097072673
5388,0,0,1124.49595976431,31739.563746405
5389,0,0,1468.7880553516,38521.8701999954
5390,0,0,938.106178830586,13405.2109419602
5391,0,0,722.029162469718,26984.2562874375
5392,0,0,610.641708045753,42899.8481269582
5393,0,0,407.771300691402,18555.3235405547
5394,0,0,1057.22881723348,58133.5278357481
5395,0,0,1262.40451593839,57158.7550202352
5396,0,1,1082.67454484204,22417.5561475326
5397,1,0,1969.94292393429,29415.753292071
5398,0,0,760.099642771661,45921.3431313597
5399,0,0,929.39625430867,23133.6598112204
5400,0,0,1177.2495984995,35419.6103097621
5401,0,0,309.270680818039,42226.65131333
5402,0,0,981.943933832087,38483.5318863505
5403,0,0,200.162803965694,24280.1301574473
5404,0,0,1630.48300985987,54323.4228868628
5405,0,0,947.235416304316,28310.4937788444
5406,0,0,537.396354192918,40828.140116245
5407,0,1,1292.56878393393,14859.2400849317
5408,0,0,356.827645393508,39444.82534882
5409,0,0,500.155117007217,34437.7068935173
5410,0,0,1345.70698005886,40802.8865154652
5411,0,1,1091.13975599585,19990.8353295958
5412,0,0,1025.52762476694,22741.3913036462
5413,0,0,403.240024857581,42993.4364142112
5414,0,0,699.342672690461,36957.6805692933
5415,0,0,1445.80516373713,15666.0574301554
5416,0,1,963.899257788195,16561.2556354689
5417,0,0,542.765601644382,52625.4157104305
5418,0,0,766.929094869356,25376.1037623838
5419,0,0,808.429127594511,29212.9047289716
5420,0,0,736.536729918891,46416.1829197087
5421,0,0,1076.13982317578,31845.9515280531
5422,0,1,731.314859465698,11510.1514733816
5423,0,0,236.003705939958,38202.5138392405
5424,0,0,1382.4549524961,40394.3086001964
5425,0,1,915.571546852198,22586.3382776512
5426,0,0,176.596945808557,48957.7563824848
5427,0,1,639.999626302389,19900.0064038998
5428,0,1,950.678008585236,20435.8178098611
5429,0,0,1320.71111520738,29105.4424418385
5430,0,1,1203.02939896645,15952.4520239732
5431,0,0,1335.93525388814,19482.2062817826
5432,1,1,1647.28224769539,16154.4622803728
5433,0,1,1434.38646448511,15761.6996158335
5434,0,0,307.476238460686,36120.9685897979
5435,0,1,1277.89489991076,20649.9299868452
5436,0,0,998.393069937923,46051.9228596917
5437,0,0,561.343258988322,44403.9942871378
5438,0,1,1577.08358059243,15230.8206004836
5439,0,1,412.071444309261,12588.9711331097
5440,1,1,1758.40657080374,14272.2737755857
5441,0,1,251.468193783358,19373.8880179322
5442,0,0,1353.13173451443,40164.0485885542
5443,0,0,10.1944566929946,32641.9325638431
5444,0,0,933.554734219052,33633.1486889292
5445,0,1,1692.75253804708,23743.8419510997
5446,0,0,663.250479154119,36276.8639525224
5447,0,0,51.5304014162657,36851.9128724154
5448,0,0,797.742647053304,53398.928587191
5449,0,0,0.0,50243.9311704645
5450,0,0,1217.07276191294,62764.0976635432
5451,0,0,0.0,44980.2930390374
5452,0,0,741.844666024469,45808.5402807401
5453,0,0,455.184490479098,43513.3506271492
5454,0,1,1788.14082161796,26228.7104423056
5455,0,0,1253.7734120063,28153.0140567459
5456,0,0,918.093373718989,44112.810165249
5457,0,0,0.0,30241.9485766869
5458,0,1,699.173401299604,17572.8310644687
5459,0,0,171.996376988762,33505.4934304585
5460,0,0,1326.34885429975,46587.0802885257
5461,0,0,1275.49530305434,40026.2859538126
5462,1,1,2247.42188932705,17926.7230141292
5463,0,0,993.772119102689,52645.6630948018
5464,0,0,997.379504092705,34824.8480619269
5465,0,1,652.37266913578,12139.0571198896
5466,0,0,1124.88618865227,41989.0341969488
5467,0,0,1608.81844748477,36721.1034831341
5468,0,1,776.60647297721,4755.25219033558
5469,0,0,845.020724913514,33895.2378498713
5470,0,0,570.054698668475,42157.8077120892
5471,0,0,186.438134380558,13325.1213335375
5472,0,0,0.0,48672.9560136099
5473,0,0,1429.48871595733,31995.4879988515
5474,0,0,295.056674121521,39479.7516839201
5475,0,0,896.581276619334,54840.0578653018
5476,0,1,1562.53232379506,13754.3340702828
5477,0,0,889.308741715181,33036.2447896186
5478,0,1,1805.68295452896,20727.6402234922
5479,0,0,1334.1059277835,43704.4308597778
5480,0,0,527.940223666282,56820.8207444953
5481,0,0,1282.07694622826,52753.0765682445
5482,0,0,932.828729648173,48165.1802367936
5483,0,1,1850.88824722219,21575.7633259386
5484,0,0,455.190784198114,36488.1578499807
5485,0,0,748.286644782208,45626.9945465568
5486,0,0,874.478742268914,33485.5205119318
5487,0,1,538.706536221086,16350.3601824157
5488,0,0,841.85172718326,48615.0145715462
5489,0,0,1814.16819486658,28322.8391895753
5490,0,1,365.704408735641,15953.9756084282
5491,0,0,401.180757478873,39686.6759484967
5492,0,0,2096.13639137233,49992.5298141708
5493,0,0,1429.87855917135,33452.5875602965
5494,0,1,1737.34771498223,19202.7101911287
5495,0,0,1043.39033839845,45309.9489669252
5496,0,1,1155.45654811421,22194.477875848
5497,0,1,931.649113036332,19179.4467878977
5498,0,0,146.755460850544,49925.0693858343
5499,0,0,1406.9476517096,27667.8360308734
5500,0,1,705.896825598943,18447.8760934385
5501,0,0,641.80394074038,32628.6412619614
5502,0,0,379.603563484232,42862.4888881861
5503,0,0,706.226791933179,33920.4569663211
5504,0,0,577.131996919527,43616.0962322881
5505,0,0,90.99981606327,52387.5919916349
5506,0,0,549.39904175625,48424.4043821237
5507,1,1,1102.43498209896,17391.779646823
5508,0,1,1228.33879593451,18129.6940624008
5509,0,1,974.014384870527,20108.1035841497
5510,0,0,263.656061763757,50782.8322029761
5511,0,0,847.06914736942,35581.2901156658
5512,0,0,835.191809113553,39977.1314704096
5513,0,0,757.907711197946,37088.8395732868
5514,0,1,1013.66576572017,13821.0900819588
5515,0,1,643.577000917671,28765.910525223
5516,0,1,757.272763497851,18876.0891573188
5517,0,0,1248.27894291763,41100.6261742014
5518,0,0,699.285850186166,41475.9820952633
5519,0,0,866.402631163085,18586.7271653018
5520,0,0,697.666382564535,35402.2679567815
5521,0,0,899.096892824399,39630.6387900136
5522,0,0,674.204629620179,46481.9526798699
5523,0,0,902.923958560539,33778.4032313443
5524,0,0,1591.75580588686,46259.6599752908
5525,0,0,484.217358639711,30178.575239995
5526,0,0,751.687286555159,51327.3172739106
5527,0,0,604.194947116333,38292.7690977452
5528,0,0,640.633469892213,46075.4150579682
5529,0,1,782.445165134073,23447.2133813525
5530,0,0,1026.95519673516,40307.0110217945
5531,0,1,862.902253834498,16157.8665298407
5532,0,1,780.512125824943,14813.3415822723
5533,0,0,878.009385167248,15262.9351149014
5534,0,0,481.862028269872,32928.2390042737
5535,0,1,1579.99003223015,13274.7315023902
5536,0,0,1.67402590271342,23001.6670760201
5537,0,0,514.849025301181,37656.8478724252
5538,0,0,2087.67874085048,44997.3643500815
5539,0,1,973.514710211861,20770.4840331544
5540,0,0,528.872496895311,45235.4971935421
5541,0,0,1131.41243362462,37663.2268693235
5542,0,0,955.343370548383,40368.5978855312
5543,0,0,759.032260453677,45774.3835405275
5544,0,0,1023.85241371525,31492.9983652979
5545,0,0,1096.07775578352,30374.8347206173
5546,0,0,829.32969070991,48734.1661690428
5547,0,0,792.356871704534,39911.4272279601
5548,0,0,882.264534452782,18379.5148607438
5549,0,1,733.84708993632,16400.1283445279
5550,0,0,553.519436208432,45385.3113268622
5551,0,1,822.959594920215,8918.70253904663
5552,0,0,493.95999044986,34621.7576420745
5553,0,0,88.2540567051821,43927.3158856109
5554,0,0,0.0,45077.5745780792
5555,0,0,611.825734885616,21716.5343596837
5556,0,1,1096.69213583027,20856.5876398187
5557,0,0,191.611070550308,35119.5813835897
5558,0,0,447.958161182747,54044.8231061653
5559,0,0,1149.68918788583,39974.5630184872
5560,0,1,463.300004723582,16416.6127293146
5561,0,0,1347.63559514332,58953.092668465
5562,0,1,0.0,16979.8930728145
5563,0,0,643.010847393226,27735.1582360745
5564,0,1,365.222955835045,15375.1517219432
5565,0,0,289.681569442894,45991.0443210762
5566,0,0,578.290656572117,48044.3844904487
5567,0,0,1186.93272905935,51742.5764367357
5568,0,0,426.007283754862,50874.5651795002
5569,0,0,1115.73877693947,48125.6467552087
5570,0,1,932.695814190911,18743.3137407492
5571,0,1,1048.48759625782,22935.5954509347
5572,0,0,768.372947015315,44405.3087452999
5573,0,0,785.494708435686,50683.1541835067
5574,0,1,865.205866068632,22081.581639253
5575,1,0,1801.80118346805,24152.2648342259
5576,0,0,950.341274781584,64396.1653447148
5577,0,0,787.042934912836,46266.9414512335
5578,0,0,982.839988770985,32419.6650476559
5579,0,0,1175.38957718705,35339.5566718719
5580,0,1,887.28487218098,13132.9013472409
5581,0,0,801.994436947096,46439.0035534273
5582,0,0,1096.24673322037,42685.1072902999
5583,0,0,628.855331566381,40490.42605322
5584,0,1,567.722580913532,14892.3244451468
5585,0,1,843.008786630283,22037.4704117826
5586,0,1,1217.30987516686,10520.0430746812
5587,0,0,0.0,10593.9212460846
5588,0,0,1186.77795118128,38581.9278558539
5589,0,0,439.043893107684,40148.108054317
5590,0,1,778.999353313474,10489.5735268383
5591,0,1,742.549323468977,24505.0193460592
5592,0,1,763.337623826174,15849.8639600086
5593,0,0,408.11602999362,39388.3175611826
5594,0,0,1071.25835436445,36869.0525759518
5595,0,0,1373.57560129774,22182.4165874166
5596,0,0,52.9180891783735,30506.3588536519
5597,0,1,1140.45436292959,18991.886035461
5598,0,0,1162.29922732475,47513.1247712069
5599,0,1,1528.4943700732,22664.349351721
5600,0,0,991.961167212547,49910.0968835837
5601,0,0,592.432321380633,32283.2641204669
5602,0,0,848.327608233813,30472.7179252633
5603,0,0,309.517982126985,35293.1935706218
5604,0,1,425.844645376775,15324.758004218
5605,0,1,1268.48611351102,19862.0444216305
5606,0,1,898.631950753243,15293.8740494593
5607,0,0,274.956946474187,24102.3915140994
5608,0,0,399.443127979132,45360.9322533117
5609,0,1,850.386406238716,6389.07056944882
5610,0,0,92.9000889701402,43955.8813664076
5611,0,0,854.023334564866,32107.3083419182
5612,0,0,0.0,29721.3418700633
5613,0,0,1094.81283301666,32936.0586617393
5614,0,0,680.164459380056,25391.6330751957
5615,0,0,1231.35189432336,29867.8764736882
5616,0,0,0.0,38228.2601678094
5617,0,0,830.046094160683,51847.1229335731
5618,0,0,1267.00144444768,32752.1937409218
5619,0,0,1623.69027195187,36747.9039783265
5620,0,0,302.719017710887,45260.3977308048
5621,0,0,439.961958832399,28215.4788428896
5622,0,1,1016.82547814025,18703.5552303282
5623,0,0,1421.20476385362,47423.7917724388
5624,0,0,479.677151780228,40995.0362099409
5625,0,1,925.896916667238,12384.204229963
5626,0,1,1192.70215939553,21597.7516651387
5627,0,0,1649.91703023618,36091.3847479287
5628,0,0,808.999102581177,26379.8866963464
5629,0,0,752.056294701374,49741.4315184811
5630,0,0,727.190776306581,27282.1983550082
5631,0,0,845.607309992115,31633.087254309
5632,0,0,445.661897901178,46816.1051137249
5633,0,0,1459.04496635785,49753.8049162962
5634,0,1,988.641609584158,22085.4508197691
5635,0,0,796.991208463392,25159.5548558219
5636,0,0,903.459131606741,33640.0996762863
5637,0,0,1163.08390408128,45488.7505586529
5638,0,0,1217.21052749133,33865.050577167
5639,0,1,740.228677226657,23469.3875040856
5640,0,0,1259.45052417311,28881.7252478321
5641,0,0,501.391685956458,42856.1899982353
5642,0,0,808.611888576477,48650.4338778725
5643,0,0,413.888271616934,53142.0239048614
5644,0,1,666.498230169416,11951.8987902487
5645,0,1,412.160788336474,17679.521769779
5646,0,1,372.652495532665,22308.0412831276
5647,0,0,1235.07665431469,48687.5571560364
5648,0,0,853.246221589931,41581.1953362229
5649,0,0,1911.66851672828,52802.0888231585
5650,0,0,357.969460728932,57012.5508813006
5651,0,1,698.157981667433,19582.8161575693
5652,0,0,918.461091220464,32468.4507371825
5653,1,0,1741.91491543247,35067.4251226861
5654,0,0,577.49347668941,39015.4168357707
5655,0,1,1415.68199444299,21856.3209297023
5656,0,1,1524.48683341544,15845.8712481288
5657,0,1,1171.44140128615,19213.385726928
5658,0,1,396.801484079161,26061.7642503506
5659,0,0,1236.15812440682,19682.7109013115
5660,0,0,1053.4054946737,52921.8537919159
5661,0,0,1207.04062486694,42171.988967578
5662,0,0,528.961945199657,27065.7052750893
5663,0,0,662.703254958649,48652.1699429375
5664,0,0,517.228507618776,40248.5860722947
5665,0,0,938.846004261054,40914.2282285304
5666,1,0,1823.63655922363,44260.156374007
5667,0,0,638.721987169512,48085.707914938
5668,0,0,929.022614418525,23889.6800602366
5669,0,1,282.248706317178,19809.0986748884
5670,0,1,1429.60932761342,14827.8945358153
5671,0,1,672.358163240042,24495.0376192772
5672,0,0,752.466763910773,39896.1093744995
5673,0,0,471.346126989888,30337.1411809513
5674,0,0,270.585758872417,44958.6312672761
5675,1,0,2075.32789240118,43817.4994165192
5676,0,0,96.8038990504192,31371.7260760776
5677,0,1,568.294950972513,13286.3504957017
5678,0,1,990.880561930152,21164.6639904912
5679,0,0,284.560972136525,45542.1738019605
5680,0,0,983.837340767147,28980.1020215872
5681,0,0,924.437340522377,40987.4861505338
5682,0,0,857.15319686911,31252.6513536423
5683,0,0,195.022335186117,44222.9787399682
5684,0,0,1046.00899599925,45573.3837714877
5685,0,1,933.350405092986,15557.6325634421
5686,0,0,0.0,43646.9117171666
5687,0,0,691.892090491283,32512.1953897979
5688,0,1,1097.96962125844,16275.6836356714
5689,0,0,0.0,45374.9971794388
5690,0,1,402.90916304792,22752.3269494561
5691,0,0,1230.9031608653,44303.1979964794
5692,0,0,959.48203893764,31357.4463317624
5693,0,0,630.229125536699,46713.6304386071
5694,0,1,1353.49302986961,16727.6637244271
5695,0,1,603.575190027631,15477.3538789754
5696,0,0,830.250090634853,35377.8570634332
5697,0,0,858.179964537274,30892.7357962171
5698,0,0,380.173508308381,37395.718934378
5699,0,1,1005.81173310083,12112.6574158034
5700,0,0,1027.82530711924,33089.4672946504
5701,0,0,456.003327034017,29898.0050635925
5702,0,0,1043.09783017499,30516.2627004716
5703,0,0,586.968885382876,50317.6528901076
5704,0,0,271.942208218099,27790.0692786972
5705,0,0,419.729051721571,37444.5360607249
5706,0,1,597.112380190364,12660.8145668556
5707,0,0,342.957369597552,43688.5348603431
5708,0,0,728.278954840128,30028.180114333
5709,0,1,513.836763185942,9879.11522086725
5710,0,0,795.958609109475,22570.4833957792
5711,0,0,1.97669165657703,51672.360674699
5712,0,0,1355.64121959561,36671.6598743079
5713,0,1,319.262676132239,24881.3856596421
5714,0,0,1719.16924073123,57866.0587647857
5715,0,1,1191.08557367385,20895.4081878779
5716,0,0,984.43916305411,25294.8679947977
5717,0,0,947.795904132801,45284.2059483096
5718,0,0,949.038713528625,47760.4001660739
5719,0,1,219.72861947339,18401.9824159211
5720,0,0,1465.74393129421,25521.2698924879
5721,0,1,645.338826892833,20122.2022949879
5722,0,1,856.564480509726,23199.9770243004
5723,0,1,912.832537265205,19467.9793084482
5724,0,1,774.347691273785,15147.4050875774
5725,0,1,1376.34002229257,17101.4277855387
5726,0,0,699.680386108319,50267.8498703096
5727,0,1,903.458650208612,17254.9607045282
5728,0,1,1150.54718578728,23705.9534246887
5729,0,0,751.338737032109,42736.4281010472
5730,0,0,556.077320959279,25371.2137682282
5731,0,0,751.392240487586,29875.046894388
5732,0,0,425.986919625979,39772.7524115106
5733,0,0,297.680814254857,26586.5338259686
5734,0,0,507.246293687734,46106.2333111185
5735,0,0,865.69700376689,33541.0463795618
5736,0,1,1265.52737698449,14672.2561827333
5737,0,0,564.411306490336,39643.5362934789
5738,0,0,621.041219289815,50804.6753093258
5739,0,0,1205.5906901595,25920.8606204369
5740,0,0,1943.9323001153,24193.6089530073
5741,0,0,415.288751920261,35790.1308927711
5742,0,1,1169.42044435961,19879.2481698692
5743,0,0,685.636883981981,49260.6253734598
5744,0,0,781.919019378319,54925.5077888556
5745,0,0,651.374329491009,44648.6964111729
5746,0,0,490.251032848556,49222.4913819642
5747,0,0,976.289542388024,35909.4382858189
5748,0,0,1476.83812315549,41154.8817495441
5749,0,0,752.948233887714,62329.1213278646
5750,0,0,511.605906978193,29914.1762585761
5751,0,1,1384.3721317795,21059.6048699065
5752,0,1,1031.6704462058,22440.6219784314
5753,0,1,1491.50749266747,23636.1648057493
5754,0,0,672.236354138001,46336.0582746323
5755,0,1,644.413563981559,23319.6491325712
5756,0,0,539.593429120106,9950.22944716286
5757,0,1,0.0,17648.3555520933
5758,0,0,919.812637213681,44316.3583269836
5759,0,0,1249.87279356487,50418.0445177431
5760,0,0,539.805316131411,35924.6100061738
5761,0,0,1162.11326015822,49255.1443250688
5762,0,0,944.450297862102,47463.3335845436
5763,0,0,0.0,29675.0403940131
5764,0,1,1440.52879490447,20882.0173151698
5765,0,1,1558.47191874283,17470.4766997472
5766,0,0,854.140622660477,52239.8002409182
5767,0,0,468.549457486006,53273.9190207263
5768,0,0,902.497409853232,56947.863738876
5769,0,0,897.285608502453,66547.9153478774
5770,0,1,422.189410133187,14366.5690535026
5771,0,0,194.575966814185,44543.7810045914
5772,0,1,487.51140380731,17713.5886677689
5773,0,0,1558.86046743649,42112.3133015423
5774,0,0,630.028950845408,43547.5421743948
5775,0,0,1056.65462971504,30711.861208836
5776,0,0,1712.47003698298,40395.3463717658
5777,0,0,25.6029427284892,35464.2479757401
5778,0,0,1384.85057128335,40131.4938945229
5779,0,0,961.365708967294,42619.0777329366
5780,0,0,229.21497397797,68145.1337293181
5781,0,0,778.791564992488,53219.5273540954
5782,0,0,653.436222212023,41440.928558742
5783,1,0,961.488850067883,27717.6149963237
5784,0,0,1084.4575635668,33080.9653776216
5785,0,1,869.667755818247,20285.251777816
5786,0,0,818.334937015476,27390.8369123046
5787,0,0,416.861181771702,39672.5172956473
5788,0,0,250.835244898776,58139.0215907988
5789,0,0,0.0,48411.0768955359
5790,0,1,481.588375402497,19623.4605356064
5791,0,1,1506.91151259556,23375.6459315861
5792,0,0,1100.00893133462,34358.0746761477
5793,0,0,220.666752812165,64467.7333980933
5794,0,1,789.283587775891,20370.1737142088
5795,0,0,41.3591758437337,47351.8335386885
5796,0,0,382.962697242854,43645.9477878305
5797,0,0,567.91705140977,28875.5218052449
5798,0,0,244.509086414582,33751.245067008
5799,0,1,815.341565034171,26064.365617944
5800,0,0,529.072681274051,43914.6714302251
5801,0,0,736.418557671664,48660.1510831738
5802,0,1,0.0,17744.9299653707
5803,0,1,1260.34116519144,11696.6777627839
5804,0,1,708.213553028619,12092.3144674758
5805,0,1,99.9976112314506,4376.81033732814
5806,0,0,1143.30818005697,48630.0338419904
5807,0,1,892.383860904144,17841.5226997873
5808,0,0,1250.0472445382,50883.7144156979
5809,0,0,415.655366739527,43389.6607477003
5810,0,1,1058.86738423105,16059.8327513805
5811,0,0,857.699664613559,43162.6736510032
5812,0,0,1429.76720500633,37255.9111024429
5813,0,1,322.266857038366,19231.9390865947
5814,0,0,572.186729626895,35926.3762376314
5815,0,0,1438.75847303818,24061.6475966988
5816,0,1,1742.8869379672,20344.4280060509
5817,0,0,325.267593810214,39431.5354092194
5818,0,0,1091.41855088011,43091.1568580348
5819,0,0,1252.40952932278,53237.103541455
5820,0,0,607.431269534735,34541.3020043844
5821,1,0,1258.76479390194,26331.3723972254
5822,0,0,1026.70270669984,33915.0488366578
5823,0,1,590.566232554881,9143.39643269774
5824,0,1,1218.17034647049,18918.377148875
5825,0,0,260.618801935896,42125.1486746999
5826,0,1,1498.07059121614,13274.6305622078
5827,0,0,909.946875783543,53430.8954262706
5828,0,1,1167.11058272521,18676.5697731329
5829,0,0,923.685583086262,38403.0106218174
5830,0,1,1275.1970778934,15793.9091712164
5831,0,0,709.257519701069,23249.9369139182
5832,0,0,682.988012158536,41679.7597909338
5833,0,0,1355.961899173,25208.0488594894
5834,0,1,1815.88929401805,15490.0282669227
5835,0,0,698.291724729686,43876.1618752753
5836,0,0,189.129858226454,28827.2130879045
5837,0,0,1418.70284028208,35619.966731296
5838,0,0,670.422582334202,53666.1923387935
5839,0,0,206.016345165761,38550.3766690572
5840,0,0,1616.96212541135,47504.664497325
5841,0,0,995.529599688077,24126.6103607743
5842,0,0,591.036836257336,30834.7117877025
5843,0,0,1294.90323367952,52338.2214607823
5844,0,1,1259.37281261195,22361.0547379155
5845,0,1,1313.35267047883,17437.6158261673
5846,0,0,0.0,24461.8544604009
5847,0,1,769.47912172384,27515.5709281392
5848,0,1,571.577121800137,15325.0791014607
5849,0,0,756.087910765567,49163.2233042612
5850,0,0,183.428692215826,39020.2288570724
5851,0,0,1054.80558912852,52290.3406700021
5852,0,0,1386.20772607892,44536.4873031942
5853,0,0,596.187984922023,45929.4491787606
5854,0,1,1029.91697478065,16691.803287649
5855,0,0,417.538455374446,31730.866601925
5856,0,0,1218.42139073093,40449.3117121187
5857,0,0,210.78078813108,46326.7611216619
5858,1,0,1178.15885831725,44437.2021385296
5859,0,0,997.625113692672,30670.9471528594
5860,0,0,637.902180966316,48425.72265169
5861,0,0,0.0,54245.1197952075
5862,0,0,350.051851978195,48411.9866835366
5863,0,0,1517.91895836893,49400.1708378772
5864,0,0,190.641105320772,31463.4199838288
5865,0,0,971.583673643436,41278.4190266194
5866,0,1,925.390678152059,16427.5710095755
5867,0,0,1637.83992155682,34107.0805644849
5868,0,0,224.592472478657,27246.0452995501
5869,0,0,255.117030975662,55980.0740425269
5870,0,0,1201.01654772979,41585.8320478655
5871,0,0,1075.57011148839,51370.2097044905
5872,0,0,438.420240631267,29899.8221569396
5873,0,1,1246.4371783918,15756.7182461179
5874,0,1,1655.11286003131,17269.7989092957
5875,0,0,1063.81680159535,38457.2492873683
5876,0,0,1626.56379859686,43592.8405019295
5877,0,0,409.404019995777,48746.4343503695
5878,0,0,1018.67301772637,38421.8109111404
5879,0,1,1090.89188238703,20421.9577177004
5880,0,0,324.885413967638,36555.3997483081
5881,0,1,1085.15296585932,20054.8984973707
5882,0,1,869.7720610464,18724.4036763584
5883,0,1,608.840648304347,24523.8540972795
5884,0,1,1042.97256454134,9595.58757061017
5885,0,1,1276.66776193299,19073.1085231485
5886,0,0,928.094090319006,55894.6620242871
5887,0,0,1592.76390391801,35084.0931718365
5888,0,0,0.0,39653.9232059936
5889,0,0,340.999798019847,48058.3831830102
5890,0,0,81.5318651256417,40847.8113111642
5891,1,1,2145.60767410022,23516.1913448152
5892,0,0,654.416009758666,47244.7041815369
5893,0,1,1155.78057709462,15146.8964638525
5894,0,0,1745.31352843475,49090.1285571158
5895,0,0,534.784891919657,46138.4317949854
5896,0,0,584.837411673331,39553.1714989783
5897,0,0,1365.55685085965,38511.3198025482
5898,0,1,946.36714979165,12532.6575241334
5899,0,0,263.190295009474,34112.4719691253
5900,0,1,1090.92505943976,18935.8182197473
5901,0,0,835.189928006226,44678.8317508059
5902,0,0,1265.53598576055,35133.2172929741
5903,0,0,357.50662154887,66404.6831116792
5904,0,1,564.005440905646,16502.3373713174
5905,0,0,817.927709730839,59431.8391841725
5906,0,0,1366.27862101811,41192.4626503309
5907,0,0,836.343137128427,34559.1584045926
5908,0,0,0.0,27367.7826593374
5909,0,1,780.227918143533,25228.7107258462
5910,0,0,995.877319235738,52860.5849428525
5911,0,0,0.0,22827.184490446
5912,0,0,554.344586281001,31028.9241956698
5913,0,0,1204.57884130053,39583.1205263355
5914,0,0,1053.37587853909,39612.6719417458
5915,0,0,821.498846966474,39318.4893922057
5916,0,1,470.912347174971,24074.3646500835
5917,0,1,1534.85373461481,21678.3509653312
5918,0,0,1177.97686676911,50811.7594557063
5919,0,1,1151.89951661118,15097.5123322886
5920,0,1,906.439069103279,24662.2907204923
5921,0,1,1513.54243669697,13246.3752793562
5922,0,0,740.88518656082,34196.067455362
5923,0,0,1176.4145117071,57318.7019687111
5924,0,0,208.295079052557,37295.801980934
5925,0,1,375.30630481794,19342.158087761
5926,0,1,953.130545313744,18057.7864868778
5927,0,0,280.95590032709,37690.0334766457
5928,0,0,399.129471557992,38004.1049833837
5929,0,0,1229.85812166832,58399.4966673187
5930,0,0,1740.86410659556,46458.6061241291
5931,0,1,795.139553543434,24606.1542900493
5932,0,0,584.816776146095,47449.6242381956
5933,0,0,1140.74820920771,39017.0776173997
5934,0,0,1202.31672214753,49914.5220391355
5935,0,1,476.720465848488,10516.8697175559
5936,0,0,1059.87227059407,38698.6727333414
5937,0,0,1367.10860567106,36427.4297417666
5938,0,1,1604.77765926803,23999.7603391549
5939,0,1,1055.68253715521,25109.5084708156
5940,0,0,367.611687180573,44046.0175141989
5941,0,1,0.0,18032.0737811623
5942,0,0,543.80574142559,31512.6105904963
5943,0,0,192.627462934507,38042.0183883803
5944,0,0,1184.83995305363,34527.6867960493
5945,0,1,1510.77723291864,19491.6940654637
5946,0,0,801.639909419776,37441.792116293
5947,0,0,631.030835762073,44525.8899911047
5948,0,0,279.116875728491,30144.4325045928
5949,0,0,674.032561855889,54832.6657286731
5950,0,1,957.630204213306,15018.9136483864
5951,0,0,274.424220630794,31292.6274526085
5952,0,0,1044.44989668678,43374.0041002429
5953,0,0,319.807606999716,45202.6354001604
5954,0,1,429.222462997544,19442.0290889131
5955,0,0,835.585023630256,41032.3713069297
5956,0,0,2.78892034879288,54838.8055107672
5957,0,1,867.441644756525,16396.6823596117
5958,0,1,271.730925652372,14215.0928835875
5959,0,0,404.194652122229,41668.419578518
5960,0,0,1572.81110764372,18218.4743623389
5961,0,0,730.633559272148,42300.1468678424
5962,0,0,0.0,56610.2364993918
5963,0,0,1046.16855901415,46078.9823084735
5964,0,0,514.871773828456,50339.1917982163
5965,0,1,1181.5860089088,22142.0521488122
5966,0,0,0.0,45235.2908693099
5967,0,0,272.219927772864,47757.8244082396
5968,0,0,1175.12552612741,33284.2060671339
5969,0,0,812.889626440804,48563.7997585162
5970,0,0,571.041501274187,40389.4463334741
5971,0,1,1041.14735129672,12488.7319281208
5972,0,0,334.019494911054,40916.0332464492
5973,0,0,1402.6011940559,37273.5930728469
5974,0,0,1569.8703239927,55938.7662199414
5975,0,1,1035.96610703919,30531.6131073667
5976,0,0,1376.11324068476,63073.4451350521
5977,0,1,668.642228957829,20240.9549635786
5978,0,0,0.0,36249.1749894424
5979,0,0,1112.65568371352,35159.2154610084
5980,0,0,718.579877417863,12571.6893560987
5981,0,0,641.550367704604,45574.4995780144
5982,1,1,2125.79220209823,19539.1486085893
5983,0,1,814.354102787979,17973.5091609266
5984,0,0,904.033628607276,18898.3113286727
5985,0,0,795.49732640836,25336.3268493181
5986,0,1,1753.59814404144,21130.9185850811
5987,0,0,284.395697403294,60840.8098445296
5988,0,1,1300.88969344097,14156.6456712981
5989,0,0,1237.84339138252,31880.1755862105
5990,0,0,563.466595350794,31151.1870860482
5991,0,1,6.72786973540246,21695.7027559026
5992,0,0,661.528186240095,58519.8597929746
5993,0,0,630.714844593192,53546.5706034489
5994,0,0,721.141686063012,40458.9542078904
5995,0,1,360.009160165101,18487.4332542325
5996,0,0,751.030985242178,45581.7188592217
5997,0,0,572.4682971281,52797.4293765821
5998,0,1,242.46298876206,23413.359588797
5999,0,0,199.454789588577,57455.2101645723
6000,0,0,477.56681712415,16978.2711270042
6001,0,1,1184.72503438385,19797.7701544465
6002,0,1,604.758740181076,19369.3492279275
6003,0,0,384.331069368267,34232.0692319686
6004,0,0,1399.57356126492,23577.7645096764
6005,0,0,328.778147645303,48626.3567377459
6006,0,0,271.059866110877,30465.3075728577
6007,0,1,145.00212146902,19927.0920983812
6008,0,1,344.154111624342,20439.6881075384
6009,0,0,985.752739507689,22829.5879790936
6010,0,1,1002.41924969378,17797.3437053801
6011,0,1,1004.84432345119,20249.2074251625
6012,0,0,483.415851611021,53873.512653657
6013,0,0,1034.60116239922,41252.7283291139
6014,0,1,854.626200243518,16322.7225871477
6015,0,0,796.836729677501,29397.8840897719
6016,0,0,535.696856517735,55828.0817743104
6017,0,1,1070.63926115022,14833.0291829763
6018,0,0,0.0,30524.7560124985
6019,0,0,1333.90120569318,23261.8465412134
6020,1,0,1114.83218093411,39776.9989569362
6021,0,1,793.248091585398,24314.6823904749
6022,0,0,433.93529004808,26888.0873419002
6023,0,1,1004.27364640269,17069.5235700115
6024,0,1,1112.70118907868,20901.2137448941
6025,0,0,298.775139374476,33255.838852479
6026,0,0,796.846346195829,20078.7892262371
6027,0,1,969.397162515275,17686.5619959655
6028,0,0,1075.11834569501,47566.7840330557
6029,0,1,0.0,16451.9423947392
6030,0,1,44.6555662288122,26346.8119312975
6031,0,1,1000.74058586801,14689.4946797589
6032,0,0,1311.9993127982,26377.9739545637
6033,1,1,2086.53616450153,17893.7213718312
6034,0,0,697.046859382139,38743.0931764454
6035,0,0,1240.6642503436,30938.5374527359
6036,0,1,726.764145685597,16079.6367519751
6037,0,0,633.504187171869,40571.7665185332
6038,0,1,386.156432013817,22527.6472186349
6039,0,0,0.0,34701.1959628584
6040,0,0,808.59358543021,41222.3516738451
6041,0,0,1384.39245361743,35499.5269317479
6042,0,0,713.067543966655,44413.7513911328
6043,0,0,590.676532830073,26673.8475991813
6044,0,0,294.84465334931,41591.7799629842
6045,0,0,208.00770616314,42399.5295644158
6046,0,0,220.449327881615,33213.3249240332
6047,0,0,773.172691038837,49308.1648913188
6048,0,0,1248.4770583849,37204.0735235058
6049,0,0,634.186610299308,32255.989236893
6050,0,0,678.186893655929,55542.9696290546
6051,0,0,1252.62149720677,27295.5179274613
6052,0,1,1297.26504279549,16864.4348878161
6053,0,0,0.0,38870.4967984092
6054,0,0,1190.76129184854,27257.1225311301
6055,0,0,196.515561979567,44226.6317697563
6056,0,0,619.559206544415,33476.6678580754
6057,0,0,438.625084914628,41454.7212837096
6058,0,0,676.09886006944,38571.4137503099
6059,0,0,589.914146029848,49945.3890058122
6060,0,0,1068.14635014194,27859.8644498138
6061,0,0,1210.41612201718,45113.1625230447
6062,0,1,390.356473829136,9114.27528946381
6063,0,0,1505.70716693071,35786.3271594838
6064,0,0,490.055975362601,35895.3539099007
6065,0,0,123.286068118427,47467.9589538027
6066,0,0,563.286411224408,51720.911526537
6067,0,0,409.160368105622,45055.8974731353
6068,0,1,781.680396250219,21342.4787054191
6069,0,0,870.30272557068,24263.127435793
6070,0,0,509.156011077289,47444.1514545912
6071,0,0,1056.66248436439,39255.7633093809
6072,0,0,394.990214436482,41574.8335065641
6073,0,1,1592.0046465442,19982.2900564444
6074,0,0,0.0,49250.4641066051
6075,0,0,1276.4032775743,52215.1340325795
6076,1,0,2413.31944892365,38540.5727051179
6077,0,0,210.123259392863,58413.1036704192
6078,1,0,2187.2248463119,42205.1230478132
6079,0,0,1159.84194470986,43385.0190429097
6080,0,0,1339.60317733156,46442.3537684526
6081,0,1,793.347450948706,11495.3931419744
6082,0,1,163.503391345991,17545.7266406611
6083,0,0,867.629482747378,43091.9359878414
6084,0,1,1231.02580419572,13363.9780519246
6085,0,0,312.41548868663,47118.9994332503
6086,0,1,758.448011241564,20936.0686445542
6087,0,1,1035.82346778547,13959.4204534083
6088,0,0,763.735279612754,44125.7187251984
6089,0,1,728.543556143867,12475.4607349101
6090,0,0,1066.29655789444,42247.7785501088
6091,0,0,338.725271742495,37017.1014891508
6092,0,0,264.942490599026,39317.5739109734
6093,0,0,1167.32568090039,43337.1300586773
6094,0,0,553.74288617607,39653.9830884821
6095,0,0,485.792841695534,38281.3147946812
6096,0,0,485.944814840485,46447.4052764736
6097,0,0,690.438303078772,66807.9362979988
6098,1,0,1588.52620557924,38014.5688450188
6099,0,0,460.43019079267,56002.2231998379
6100,0,0,275.660214988248,31259.9781998673
6101,0,0,336.907119558385,41907.7161462936
6102,0,0,307.693118992996,42220.8539176739
6103,0,1,1431.07769446686,20576.7799488487
6104,0,1,787.618249414903,11928.555234286
6105,0,1,1660.4040132468199,18861.1546603918
6106,0,0,0.0,41482.7016300727
6107,0,0,1744.93580277786,43978.1123466616
6108,0,1,758.309662741287,12662.1260038181
6109,0,0,1173.46246609366,48396.5048279566
6110,0,0,1335.5414177291,53354.8492094828
6111,0,1,1434.84916401448,17459.0312731554
6112,0,0,591.066666018386,43869.3158967986
6113,0,0,862.776510538199,49444.7846508243
6114,0,1,1233.25001064076,16076.854261266
6115,0,1,911.786777701096,20928.3924409517
6116,0,0,0.0,43066.2675587869
6117,0,0,286.928183997805,50618.7226076451
6118,0,0,377.534491905742,28045.5951152414
6119,0,0,811.792488461645,36874.6186267191
6120,0,1,1856.60559557308,17845.3368472938
6121,0,0,607.837992236716,33737.1754916676
6122,1,1,2182.34895374803,22037.8596945121
6123,0,1,1406.56767107531,23050.8882693755
6124,0,1,662.090603124754,16310.7945058364
6125,0,0,777.016248239209,52797.9390479479
6126,0,0,0.0,47236.9737748412
6127,0,1,769.711499590641,11262.6385471943
6128,0,0,970.184702115234,38784.4591549757
6129,0,0,537.926697481975,45615.1956649841
6130,0,0,768.154883649884,39701.9349136445
6131,0,0,1150.04092324427,19536.1603742206
6132,0,0,902.557289065847,32765.3881295506
6133,0,0,442.827579810391,42004.1967261282
6134,0,0,100.866844377552,31389.4585657071
6135,0,1,904.0563158125,23188.7151417703
6136,0,0,1396.26372250623,24379.0715403844
6137,0,0,1001.33174458437,47640.7370028942
6138,1,0,1631.61561720793,38906.956406913
6139,0,0,790.740517947027,45900.2973580156
6140,0,0,1097.39309399028,46807.0816795954
6141,0,0,0.0,37598.8627860683
6142,0,1,1262.83538473138,12406.9989476437
6143,0,0,738.192928567689,54491.1426665822
6144,0,0,655.267748369062,28642.5825660655
6145,0,0,0.0,32944.9958224265
6146,0,0,638.54033321273,20607.4593037698
6147,0,0,570.930887565477,46840.7212579065
6148,0,0,1056.44366196117,31268.7370023023
6149,0,0,1522.85515471843,35805.2559666712
6150,0,0,977.321555533534,35296.2814099744
6151,0,0,743.565013574709,28893.876006198
6152,0,0,352.033277916785,38259.2240933259
6153,0,0,318.209460807772,48975.3674286854
6154,0,1,674.850939233073,15798.1345957042
6155,0,0,268.954349521987,55892.727105054
6156,0,1,1023.20547852867,17694.9655968052
6157,0,0,718.156916820057,42172.0052137545
6158,0,0,843.290805162946,41692.4222129255
6159,0,0,866.729785017612,36452.7221234765
6160,0,0,449.949321999231,38987.024862335
6161,0,0,459.101423002025,45043.6664005583
6162,0,1,760.219529926461,17657.9855125585
6163,0,0,1160.82763199826,26022.9525905551
6164,0,0,1317.51298657233,49285.5454683771
6165,0,1,561.781867072271,18470.2826118409
6166,0,1,176.533834591691,15175.5860363194
6167,0,1,1059.23634056816,12601.4712132606
6168,0,0,526.798489619542,28491.480502688
6169,0,0,20.9645038465401,62862.7518268173
6170,0,0,528.942463459577,42134.2706302658
6171,0,0,1561.53353016525,54594.8467076871
6172,0,0,963.722811166048,47605.7685862013
6173,0,1,1227.36527335001,12128.1481729045
6174,0,0,1209.37735857199,35071.3166163516
6175,0,1,671.175868767627,17564.9547548174
6176,0,0,275.624646694949,35761.3165021919
6177,0,0,776.188872958699,34140.9803931269
6178,0,1,699.303115031174,19789.5306648713
6179,0,1,606.12513463701,16957.6487635412
6180,0,1,1231.21292303876,20000.0625453759
6181,1,0,1408.43808460248,48012.9135707116
6182,0,0,338.495470669009,34332.8432410069
6183,0,0,1380.48149032194,24856.6430609977
6184,0,0,1316.42181029893,45806.9015129081
6185,0,0,1046.1820449404,48752.131761952
6186,0,1,904.684255009855,17281.1191657024
6187,0,0,1281.52064803729,37665.2939400411
6188,0,0,0.0,46597.4950794084
6189,0,1,501.111644711926,22393.2730800367
6190,0,0,1085.95015026205,36532.718758
6191,0,0,351.945107392988,48726.0476710276
6192,1,0,1803.1702590052,36192.6302248573
6193,0,0,666.622349038193,44931.9397555622
6194,0,0,154.703583999015,33162.1932088175
6195,0,0,360.089179178126,44448.9158031896
6196,0,0,105.44100383857,35291.4633497543
6197,0,0,492.428292481968,25848.9885016534
6198,0,1,1232.42246851404,24093.296437292
6199,0,0,1154.39852948098,20457.2207787253
6200,0,1,1113.32696440837,14579.6569774386
6201,0,1,699.69803744324,22590.6679750257
6202,0,1,1001.78568340883,24771.726937438
6203,0,1,1217.22694663176,16449.9989993373
6204,0,0,1156.93399834045,45325.3409651327
6205,0,1,1637.45071380219,18766.8551780145
6206,0,0,824.241432581919,53320.2829354297
6207,0,0,662.342897180105,49885.0191183303
6208,0,0,617.640764160628,37604.9335638557
6209,0,0,271.451911186231,34863.1041958902
6210,0,1,688.181241721348,18755.953232618
6211,0,0,797.709165567355,39677.6972051306
6212,0,0,464.404331084908,53215.931577276
6213,0,1,976.20221752797,23191.7707041583
6214,0,0,1430.76614709359,45672.5199668785
6215,0,1,1208.14448240102,17721.2936623593
6216,0,0,0.0,41960.174498434
6217,0,1,402.35879945734,15256.4841845408
6218,0,1,824.514377910163,15309.2762101205
6219,0,1,1060.87882369474,11041.3314995672
6220,0,0,310.495919327847,47427.3290910961
6221,0,0,691.418498585979,40232.6566576251
6222,0,0,23.152266694362,42016.8990932485
6223,0,1,913.276157564341,20446.2030006723
6224,0,0,970.816438216423,35835.3550804302
6225,0,0,1148.44753760901,39662.1224082796
6226,0,0,1638.68704646198,38441.1580318723
6227,0,1,0.0,19134.4447504643
6228,0,1,1448.95020726172,28273.8353885732
6229,0,1,1286.83975634999,17464.9935281954
6230,0,0,762.073599588594,48268.5913873023
6231,0,0,977.576527456252,51074.2127413644
6232,0,0,368.768052364587,45647.2976096049
6233,0,0,267.959338826254,46134.6226561867
6234,0,1,503.156388314511,18728.2969360048
6235,0,0,0.0,48523.3355536443
6236,0,0,282.602877141144,56118.322399718
6237,0,0,748.057043338722,47775.1808226915
6238,0,0,999.654013569972,27564.688706363
6239,0,0,494.660496038613,47035.7546779673
6240,0,0,1022.68238813532,22588.5554727515
6241,0,1,1135.21787066303,19062.5968717997
6242,0,0,707.802330263557,40140.8004546232
6243,1,1,1954.32168919689,17137.4737238984
6244,0,1,1282.35040946048,7230.03047089223
6245,0,0,808.616921547396,23519.6725548319
6246,0,1,1219.93375085469,21765.3821156194
6247,0,0,481.880421732302,44137.0795000152
6248,0,0,409.411749149657,53624.4577497651
6249,0,0,1157.27734673627,31369.491940671
6250,1,0,1424.93289000673,27668.9522354729
6251,0,0,0.0,58825.6151260292
6252,0,0,687.069130737925,34434.2182340633
6253,0,0,1435.66293303179,31507.0892769087
6254,0,0,188.544102040965,49697.2317876451
6255,0,0,1084.3874989557,34558.6157778435
6256,0,0,644.618590793448,37452.0672064141
6257,0,0,1345.56313071405,38602.1129816912
6258,0,1,733.71946353347,27165.4799804704
6259,0,1,744.178014844322,20773.6273992719
6260,0,0,0.0,29542.0253992459
6261,0,1,1395.96188164562,23717.8511138611
6262,1,0,1920.24233205635,57242.983406987
6263,0,0,538.413267908729,40773.9414587936
6264,0,1,385.698262314989,18352.4362518162
6265,0,1,1350.75757688509,19692.9187842778
6266,0,0,1567.76385602066,39201.2418579225
6267,0,0,753.686888348247,42230.647772966
6268,0,0,72.371953370087,28717.9406215258
6269,0,1,675.036024406725,21115.7931230146
6270,0,1,980.164350015296,13713.5022348193
6271,0,1,910.383604650027,19163.8069881897
6272,0,1,1262.88429915505,14340.5079413575
6273,0,0,621.312719186294,39372.0771909379
6274,0,0,643.402638638702,50208.8237204256
6275,0,1,728.259291664541,13438.9855560241
6276,0,0,459.260227693732,59731.2887824528
6277,0,0,289.616664242634,49066.8336532823
6278,0,1,784.746614098042,11642.922290429
6279,0,1,712.594773206876,18441.0261223747
6280,0,0,1096.00360127447,52030.9726046462
6281,0,1,435.485531143428,19899.7545673386
6282,0,0,688.022470132903,29019.8178882188
6283,0,0,599.428358613756,36654.6481747662
6284,0,0,68.7562944774306,45811.7429439995
6285,0,1,765.136998638814,14290.2676305605
6286,0,0,1273.12457069576,57688.5680465556
6287,0,0,1078.62106094141,46060.0847661993
6288,0,0,1677.34895638258,44972.7098631219
6289,0,0,531.756183939058,42365.0736708439
6290,0,1,631.172612415914,11075.8940578867
6291,0,0,1081.4785335727,34072.6438141386
6292,0,0,368.515345585693,60953.8247890952
6293,0,0,343.726999112544,38054.5553979042
6294,0,0,1715.28268889019,60137.6336767813
6295,0,0,450.335579768252,20080.1021192824
6296,0,0,740.580773422976,20717.544444772
6297,0,0,0.0,26237.4743420024
6298,0,0,475.869038714081,35621.6911156828
6299,0,1,1383.74505860673,14633.9858800545
6300,0,1,406.482384904556,22708.9010795615
6301,0,0,857.261565698385,34406.6108232183
6302,0,1,1637.23520108736,16751.1697505978
6303,0,0,1094.31587152691,34854.3423889239
6304,0,0,1213.12707351588,47848.0479031211
6305,0,1,1074.74640640822,22729.3086500761
6306,0,1,1010.21263339552,13469.8666480291
6307,0,0,416.128286440286,21960.6245554699
6308,0,1,675.841346528661,17801.474355562
6309,0,0,0.0,36338.848496024
6310,0,0,867.304173246052,29541.0431470903
6311,0,0,843.907303418096,23956.519367605
6312,0,0,766.430430038519,39078.7969995894
6313,0,0,1286.53723250415,46337.1238933081
6314,0,0,1142.93515351665,34401.6671117772
6315,0,1,925.41128761739,15120.3356225576
6316,0,1,1110.45382300899,14965.4373853846
6317,0,1,938.605975477251,24392.1040357113
6318,0,0,321.039742945537,37026.5871638076
6319,0,0,943.387640676354,39415.5956472553
6320,0,0,511.598770167743,54002.5116638966
6321,0,0,743.849598629398,24303.467626573
6322,0,0,1089.57706066054,46890.2154037835
6323,0,0,0.0,46275.3634688309
6324,0,0,0.0,31511.6574646955
6325,0,0,1282.32124736986,37437.7109632329
6326,0,0,1373.79679231879,36888.9284103697
6327,0,0,1228.33429993147,43577.66949173
6328,0,0,1536.78831191052,34734.8638835725
6329,0,0,735.470434133363,53312.5305272225
6330,0,1,1142.42760501704,26114.4031521738
6331,0,0,1490.71507559311,36417.400041399
6332,0,0,880.032832524915,60203.8815636413
6333,0,0,2.84301484022319,39923.81929605
6334,1,1,2066.69560264994,10470.6359999562
6335,1,0,2343.79751269872,51095.2939288164
6336,0,0,929.745481690635,36071.5242639506
6337,0,1,764.627790674236,26188.0694950508
6338,0,0,504.60449522882,31870.0182915051
6339,0,0,685.206941440501,40555.7998847452
6340,0,0,473.02745797478,43016.8607304855
6341,0,0,1302.55349925072,32235.0524502402
6342,0,0,435.004134228777,30828.8603927349
6343,0,0,601.838500949301,37697.3700511627
6344,0,0,456.763657699437,50160.6336955449
6345,0,0,1065.04291804196,37747.1040516635
6346,0,0,1153.3318961114,37936.0870765089
6347,0,0,59.6330014772173,35709.7384629771
6348,0,1,1106.43067393634,16960.6941248388
6349,0,1,1106.45352459194,14840.9381345026
6350,0,1,385.430994048668,21619.6634121321
6351,0,0,0.0,45025.5116482778
6352,0,0,727.957482040349,53606.9731408304
6353,0,0,1028.77760890511,36276.0851393196
6354,0,1,1035.91668862826,10607.9061350407
6355,0,0,974.597718681195,25316.8587476378
6356,0,0,772.809219890656,39944.6072003905
6357,0,0,1014.9739793686,41993.6406134554
6358,0,1,0.0,10276.2561072753
6359,0,1,1403.78934069961,22893.9605150922
6360,0,0,580.423341333844,25926.2350880841
6361,0,0,499.550744378247,45954.6712416404
6362,0,1,748.236205405346,11613.2229514115
6363,0,0,568.093969521188,31392.066948711
6364,0,0,1366.72577354255,35425.51207701
6365,0,0,511.678894076062,32693.8508798088
6366,0,1,678.217875305686,19979.6939940883
6367,0,1,1692.42056037405,7761.34290395256
6368,0,0,631.804597881121,32752.5192557897
6369,0,0,585.050054612906,34297.5652717648
6370,0,0,1173.49079160122,44134.744873303
6371,0,0,544.237427620851,43306.6211365793
6372,1,1,1985.32173867562,22248.4026595648
6373,0,0,1011.06090429806,38001.7121026908
6374,0,0,1231.21451694499,48156.3575590724
6375,0,0,875.84248302776,45524.5321991767
6376,0,0,1516.06538379219,59194.2392055884
6377,0,0,563.121261146761,30226.4827235198
6378,0,1,1244.56692703869,21717.4758713766
6379,0,1,1215.6434680202,16403.6857647769
6380,0,0,1077.74712734379,30133.257628914
6381,0,1,1393.91636806336,16658.483076576
6382,0,0,803.570067410546,45353.9706804119
6383,0,0,916.749237784121,58469.9335612685
6384,0,0,147.049333558096,52074.5106972395
6385,0,0,734.47278062031,46805.5530163824
6386,0,1,996.205915012754,13647.5357449778
6387,0,0,1883.20020660211,47438.2557139198
6388,0,0,1271.11569766438,40578.3161858595
6389,0,0,173.733418051802,32480.5339803495
6390,0,0,1004.18766453741,37132.657213994
6391,0,1,2033.3624960493,18549.7453853583
6392,0,0,269.357861809913,40883.1854707986
6393,0,0,441.701436036662,44227.9102669818
6394,0,0,1471.60862883275,61385.599865602
6395,0,1,1133.82200395796,16602.0280192795
6396,0,0,843.352661071677,51736.9102504953
6397,0,0,250.468332543304,42309.0828207203
6398,0,0,1569.72827330174,30604.286448253
6399,0,1,995.347111840736,11690.741258195
6400,1,0,1572.3455897018,37895.1730685154
6401,0,0,1570.4161790221,49501.8103764281
6402,0,0,645.931623040968,39695.6272589398
6403,0,0,1001.85301122289,32748.6309370085
6404,0,1,905.231295487767,15699.8984589623
6405,0,1,859.379689793498,19287.5036985077
6406,0,0,1670.85028486118,54442.2661966055
6407,0,0,391.256627667898,33651.4055616118
6408,0,0,670.008248424473,35919.7967694236
6409,0,0,1036.05383453276,44869.4601898452
6410,0,0,481.989491304847,19240.3142866129
6411,0,1,542.769255622058,17664.8814338304
6412,0,1,887.288924292299,17409.0311196403
6413,0,1,1465.84955404492,17678.7363065958
6414,0,1,1545.63745986469,13959.9936735773
6415,0,0,262.791336186531,28974.7505490967
6416,0,1,793.796375781413,21172.404122432
6417,0,0,1192.76615832583,45902.5075546803
6418,0,1,1120.3208775908,29045.4067978248
6419,0,1,514.199497794009,21482.0348084396
6420,0,0,710.760427503804,53050.4853756101
6421,0,0,1176.24327053548,27956.7828970298
6422,1,0,1805.559588008,40119.7878293954
6423,0,0,124.828459521634,39478.3000749473
6424,0,0,1056.99323892879,45489.8966758986
6425,0,1,904.994670662575,19108.7423327688
6426,0,0,1402.12013840062,41275.6454675377
6427,0,0,7.06953029158557,48711.6374862113
6428,0,1,733.783390425469,16124.3542488896
6429,0,0,612.960653042669,43392.887089339
6430,0,0,998.704699011464,46697.7777728682
6431,0,0,1078.45700052817,33001.1265148157
6432,0,0,638.476386396818,53034.552332322
6433,0,1,890.048104543381,15156.9191332201
6434,0,0,815.68213247671,53817.2797514383
6435,0,0,1276.98264992428,40611.3486878798
6436,0,0,671.185770842317,44120.6417390267
6437,0,0,818.284346638539,48490.8121880235
6438,0,0,1371.33089893174,35820.629832872
6439,0,0,897.495756050912,47816.4116102515
6440,0,1,699.696422430527,17318.8818697219
6441,0,0,848.94073813662,35534.9838909539
6442,0,0,0.0,27297.9095207253
6443,0,1,1660.86106385367,13694.8564537132
6444,0,0,1475.50384683721,44769.1221419027
6445,0,0,0.0,22431.4535442586
6446,0,0,1186.96435587921,33439.8363961669
6447,0,0,844.403802606625,36854.6363431765
6448,0,1,1540.30882373606,15241.0158797215
6449,0,0,679.707580876161,29534.8214632962
6450,1,0,1650.57800035387,31514.25965205
6451,0,1,614.783859495222,18487.2337118371
6452,0,0,1379.67804381772,31766.2935985596
6453,0,1,770.105538487904,15284.7199259539
6454,0,0,1209.54028191564,40805.7776315861
6455,0,1,1380.96981860135,13633.4334735926
6456,0,0,1349.10644291826,28340.4373630661
6457,0,1,1051.39385283444,23520.4259953959
6458,0,1,428.425822056003,15446.9580283448
6459,0,0,1714.18602954936,52779.0888169048
6460,0,1,1647.80128271055,15392.2129768748
6461,0,0,482.975818834569,47924.676640504
6462,1,0,2124.67131340206,44520.0001026489
6463,0,0,297.838221600524,34549.4626310992
6464,0,0,1201.34804245461,35858.4042876615
6465,0,0,811.241947619258,26448.3284969801
6466,0,0,0.0,36201.5388732692
6467,0,0,585.804176768659,30143.3285117118
6468,0,0,511.32185498375,38510.1609106431
6469,0,0,1249.19417416597,45586.8902165017
6470,0,0,48.9655502639222,27069.7397840305
6471,0,0,863.574709912628,32889.3839613993
6472,0,0,1579.35946543666,50216.5716279253
6473,0,0,800.609332848504,50324.5549267962
6474,0,1,1356.53469066145,19480.5437729764
6475,1,1,1704.5785292834,16887.4051366611
6476,0,1,528.585688721324,19621.6292186253
6477,0,1,1390.50766599778,15885.5107827364
6478,0,1,333.541196216676,27321.5578347645
6479,0,0,1569.556298596,36306.0194414557
6480,0,0,1509.78088703495,43650.4185057625
6481,0,0,961.241554483775,31647.287484501
6482,0,0,1443.50744678496,47205.3486597889
6483,0,0,0.0,37605.379393724
6484,0,0,895.395951814917,48939.7356573301
6485,0,0,1355.86684292749,45537.9549160757
6486,0,1,960.11398559513,24326.0602734819
6487,0,0,1164.47640009829,36997.7189763332
6488,0,0,535.182915811551,37042.7664904696
6489,0,1,1424.77292741312,21852.9298809929
6490,0,0,773.172491507927,50069.2088216444
6491,0,0,685.192569602747,33185.0104378719
6492,0,0,343.768806093232,51626.135693133
6493,0,1,1513.54156843838,23556.6905037061
6494,0,0,415.003634136447,37859.3144579599
6495,0,0,1034.36018039369,25111.2125512162
6496,0,0,1115.89600839309,21646.3059481465
6497,0,1,748.746430922286,17440.6265500839
6498,0,0,291.408728923275,54408.788976338
6499,0,1,453.929798646847,12665.3069954234
6500,0,0,889.565857036578,49941.0886297847
6501,0,0,345.190624410365,48111.4462184114
6502,0,0,393.828577983662,28362.6246287932
6503,0,1,991.093996282783,16842.4361428304
6504,0,0,4.46645782066093,45157.9096157594
6505,0,0,660.058918685369,39163.3272651966
6506,0,1,1168.86840328252,18113.3437663791
6507,0,0,528.867388165435,38881.4762648934
6508,0,0,89.3340476687287,36515.9815919035
6509,0,1,196.77672872482,15858.3533012715
6510,0,0,1637.34775868047,37676.6631174408
6511,0,0,574.955357679401,33517.2110282313
6512,0,0,969.134944037312,29705.0413235056
6513,0,1,1049.24131054599,23332.4838409642
6514,0,0,772.531269674791,23222.7397654428
6515,0,0,1304.06828488441,26219.3231448631
6516,0,0,875.875269355092,37160.9607959084
6517,0,0,587.074529854938,34975.9764731985
6518,0,1,495.136132955297,15519.4851235697
6519,0,0,131.633998250593,42028.0085987332
6520,0,0,1333.18212763678,19396.0318800154
6521,1,0,1819.24909460128,49621.0561715012
6522,0,0,953.816075507602,45281.3698500807
6523,0,0,327.038582491764,51348.9372686678
6524,0,0,989.636309999908,27318.9437058363
6525,0,0,1109.22148329881,56680.1375308278
6526,0,1,0.0,9321.46373431509
6527,0,1,635.394657997528,18344.0754556224
6528,0,0,100.021825035446,48377.6412807731
6529,0,0,264.968054125969,36842.8226614232
6530,0,0,465.845663824603,52714.0888633023
6531,0,0,1227.26180035354,49697.0461841938
6532,0,0,1378.67764270611,30862.9963586513
6533,0,0,715.656721728524,23266.1356879781
6534,0,1,0.0,21719.4548323268
6535,0,0,1335.23028139805,43660.3917144764
6536,0,0,1576.90364668831,35117.8053539427
6537,0,1,1232.59035337314,22108.5803668768
6538,0,0,1613.71411366105,47151.6097573017
6539,0,0,763.743166120877,59856.7966744683
6540,0,0,741.430158989982,32951.1793551856
6541,0,0,325.586549913805,45809.9842404833
6542,1,0,1797.76701894826,47068.724605617
6543,0,0,899.902700389718,47093.7383772399
6544,1,0,1605.21458639037,26149.1482230276
6545,0,0,0.0,42879.3969382104
6546,0,0,886.689023472007,50507.9308095184
6547,0,0,1008.29063504735,30801.0897521693
6548,0,1,1034.50445305921,19105.6282177488
6549,0,1,1125.73450731591,23410.099412035
6550,0,1,1070.95073407283,12707.5804116689
6551,0,0,920.408497828846,40536.6424788207
6552,0,1,734.733164890241,10816.9497658311
6553,0,0,1701.68848691138,38567.2047054256
6554,0,0,1453.31617301335,29830.056740701
6555,0,0,294.024346115684,49988.1473141347
6556,0,0,1302.47913157628,43154.3929272713
6557,0,0,1135.18798440953,47075.032300301
6558,0,0,1123.63313874113,17292.3031718192
6559,0,1,483.109799304421,15067.3137083919
6560,0,0,1669.5026869634,30259.256369494
6561,0,1,1051.37688911755,13271.4646920284
6562,0,1,778.340916811528,23737.2667567406
6563,0,0,37.9908485136481,43787.7818950851
6564,0,0,599.879669777375,51733.8251737168
6565,0,1,1037.64286692044,22889.4889815833
6566,0,0,1187.46360760232,37092.5904084287
6567,0,0,1287.20589549305,37135.3639398797
6568,0,0,599.380380137431,58909.3442631081
6569,0,0,278.078455799143,33811.6692142213
6570,0,0,536.700808563883,35786.5148166
6571,0,0,626.514786193038,55155.0778632325
6572,0,0,0.0,54298.8596097498
6573,0,0,885.510006686116,42683.4797282413
6574,0,1,1314.84172413687,15965.4150053432
6575,0,0,580.164720972545,31879.138933856
6576,0,0,1144.53051107846,40998.9273365532
6577,0,0,0.0,55435.4305474685
6578,0,0,321.308581363966,33136.3364817527
6579,0,0,776.395873647768,49705.8161799168
6580,0,0,519.308691599166,42861.9326596231
6581,0,0,892.281071819881,40492.1005817822
6582,0,1,945.0549544733,21095.5381789028
6583,0,0,840.236847473966,24801.368106669
6584,0,0,660.533671837817,31480.0408165191
6585,0,0,213.010073963224,38950.6000660757
6586,0,0,506.824141742221,50493.0952625075
6587,0,0,884.660671550052,35324.0202172327
6588,0,1,296.462756021594,20138.2469854034
6589,0,1,700.075337653753,14828.5505925092
6590,0,0,927.468684967434,44308.2823244709
6591,0,1,1172.2734976442,22792.6216909738
6592,0,0,841.526249578981,40239.6773987119
6593,0,0,49.6823973017719,47026.0385452056
6594,0,1,903.916652133077,20246.3932304422
6595,0,0,600.18270085246,50578.0542344248
6596,0,1,1749.12218401084,21359.1315466029
6597,1,1,1893.0230043052,16853.3295653838
6598,0,1,1636.51972469253,17533.342200967
6599,0,1,1533.91193640526,16453.8830816311
6600,0,1,1523.72257079709,15708.9577283377
6601,0,1,1156.62020011112,11102.5681462401
6602,1,1,2168.45319610867,24648.9799157641
6603,0,0,456.83073806914,39629.5808401885
6604,0,0,1616.16858639682,39654.6188645202
6605,0,1,1311.86009883368,15565.1976959324
6606,0,1,437.068295607682,21638.9478395241
6607,0,0,683.114615595568,31615.3655535258
6608,0,1,1327.28243902948,15819.3593199174
6609,0,0,797.630942096371,54042.3622475244
6610,0,0,635.707607612643,26084.6960491471
6611,0,1,1312.88531954721,16221.2028921882
6612,0,1,944.832846718599,23323.8227309824
6613,1,0,1838.87136892563,32129.3398189179
6614,0,0,267.372318799335,41183.6574862839
6615,0,1,723.540414655993,28289.2359115582
6616,0,0,610.052170853123,35855.3879303433
6617,0,0,1861.31769729945,46653.5887355559
6618,0,0,0.0,34882.2285462766
6619,0,0,1577.97254360463,50430.2398100675
6620,0,1,954.150390455917,15969.8199667989
6621,0,0,204.39619956638,38979.6238800119
6622,0,1,1109.46821724848,21663.1324734238
6623,0,0,771.22487764924,47146.4395098562
6624,0,0,376.350443987223,32168.4421591768
6625,0,1,1523.88009546054,19342.983519581
6626,0,1,1178.21173671124,12077.0132631663
6627,0,1,1457.57538055378,19668.1577588602
6628,0,1,1292.44731610947,8231.03742327335
6629,0,0,1233.50222154788,23031.600893273
6630,0,0,542.140575136042,22394.191104449
6631,0,0,1381.81926933794,48394.289618696
6632,0,0,1157.76811279802,49960.7652059971
6633,0,0,744.493874512597,24506.6781957733
6634,0,0,1387.49054933013,40993.5953389797
6635,1,0,1434.12771574145,47311.5304210632
6636,0,0,1483.53656327981,34156.374203079
6637,0,0,1340.89319243269,31959.9655971505
6638,0,0,972.094401559996,26231.1459131137
6639,0,0,1511.87938711542,36381.237649774
6640,0,1,1111.99772246376,20549.6203542258
6641,0,1,1555.5633519974,15957.3288311694
6642,0,0,1727.36514642416,41707.4773032751
6643,0,0,25.7358488954937,49089.6040759973
6644,1,1,1895.33493298048,16394.5081086404
6645,0,1,417.478256980257,17787.9478232724
6646,0,0,247.199057193409,37377.3578246636
6647,0,0,91.3876980949714,44091.8760022769
6648,0,1,617.089796003651,22801.6639674736
6649,0,1,793.333785080227,10487.9301783321
6650,0,1,1035.72096574859,20393.2700245789
6651,0,0,826.981750400875,35426.1807962439
6652,0,0,1734.45156392034,31578.0049503927
6653,0,0,1069.6220603923,40299.3199102539
6654,0,0,626.83842823666,41334.1835259784
6655,0,0,932.056966292718,45505.3072242836
6656,0,0,1551.02773138271,31768.0306081717
6657,0,1,315.090268398631,22551.891246075
6658,0,0,1059.35160533058,41179.0100155981
6659,0,0,976.704047909637,59291.7225668652
6660,0,1,562.558936899144,11524.8103500997
6661,0,1,310.020277059121,16382.1529296615
6662,0,0,936.9447650212,40240.4971080424
6663,0,0,0.0,43033.4922461325
6664,0,1,431.197047291066,20301.4936695646
6665,0,0,1411.54871811981,42956.6313940264
6666,0,1,1183.45281522433,16189.2883933785
6667,0,1,1849.60366586346,16966.8859214147
6668,0,0,391.482079303432,45821.6332279706
6669,0,0,10.8849413073991,32866.4452384083
6670,0,1,697.248632586975,25730.9175826238
6671,0,0,175.054336957999,22644.9958781972
6672,0,1,1094.74057904675,19638.265428074
6673,0,1,134.624041122727,19464.2987072675
6674,0,0,1069.74833184278,32441.2819775572
6675,0,0,1165.81259867425,47005.5732858795
6676,0,0,321.218102077606,43257.3534881096
6677,0,0,178.275032128602,35615.9281065657
6678,0,1,953.85848181184,18121.1133574643
6679,0,1,1335.81270700321,12843.4480324123
6680,0,1,853.594325403116,25373.4621853561
6681,0,0,639.62567466641,38660.9232245853
6682,0,0,1051.84774862331,37160.2733032415
6683,0,0,335.107155766791,36374.214382564
6684,0,0,1193.76279235835,34909.3088814725
6685,0,0,915.203083538806,31422.9455472118
6686,0,0,426.087027438672,15498.8694742335
6687,1,1,1805.61835299959,19168.0299741275
6688,0,0,717.478956364503,37810.4721333393
6689,0,0,520.947287347574,41039.2824540712
6690,0,0,1034.89243123866,34539.8457594936
6691,0,1,1022.59833632715,11739.0959841144
6692,0,0,617.591440461858,43871.6979585579
6693,0,1,1322.16229345805,16984.1982641472
6694,0,0,476.591394942605,33760.4583097892
6695,0,0,1101.09122392197,43035.5620761571
6696,0,1,1019.57911236952,15833.790650411
6697,0,0,329.44827264028,43242.8753661793
6698,0,1,949.23382481874,25040.7123388484
6699,0,1,1230.71462791195,18581.2746126331
6700,0,0,1252.65305823313,35382.1403253838
6701,0,0,0.0,47019.6632264432
6702,0,0,642.269304833236,37752.3845900199
6703,0,0,512.513525848739,44178.8405036654
6704,0,0,1114.90155183714,38155.3683870141
6705,0,1,1742.34653491169,10778.1548681165
6706,0,0,763.022312459412,34931.3482868206
6707,0,0,878.444730889729,47722.8103498074
6708,0,1,936.229550899064,14217.401520315
6709,0,0,585.237716368988,40585.7465430587
6710,0,0,347.614099566677,40138.0778024224
6711,0,0,607.898642294942,26117.6651716242
6712,0,1,1251.08575644472,21968.2699917387
6713,0,0,316.53643491889,39995.3188027128
6714,0,0,336.797040313976,42880.4642984449
6715,0,1,871.066795757733,13144.3655839826
6716,0,0,1187.90468623556,43873.9829119949
6717,0,0,86.0127899647047,43467.5026537495
6718,0,0,737.041709018461,27879.6568461805
6719,0,1,1419.87072143754,10401.0466649939
6720,0,1,402.503365602264,12255.8707416564
6721,0,0,191.215000735491,41921.6828541406
6722,0,1,1836.78008641535,15422.2321631998
6723,0,1,1273.18624779339,20429.6213674886
6724,0,0,1037.60063686563,40415.8229822359
6725,0,0,827.542885547743,39655.677008656
6726,0,0,915.913590234859,34934.4823935398
6727,0,1,212.708644106101,13155.6720563754
6728,0,0,941.168179641529,58991.8615093822
6729,0,0,487.416894339607,34439.9033140514
6730,0,0,1889.52477548294,32509.6162569272
6731,0,0,691.202279432214,38948.1053558833
6732,0,1,502.645821222757,14425.0841680531
6733,0,0,140.018575657782,52099.1162994548
6734,0,0,0.0,36484.5941490832
6735,0,0,519.46149421448,44498.0155890909
6736,0,1,1031.86979767224,19322.5523521757
6737,0,0,939.66939011627,47112.7653034596
6738,0,0,0.0,44902.9293469253
6739,0,0,1093.68490238496,39684.4519301439
6740,0,1,1623.33660466742,14338.4087813251
6741,0,0,851.204010639394,44905.3253123762
6742,0,0,1119.7026481001,33510.3571772555
6743,0,0,0.0,32720.571704904
6744,0,1,744.914266466494,15711.716417211
6745,0,1,303.345868403882,15220.5993208039
6746,0,0,1522.75592692079,29165.4431869562
6747,0,0,361.367609935871,36533.7103584246
6748,0,0,1062.72792746379,48041.6493951147
6749,0,1,1344.09467874659,22012.2931469098
6750,0,0,387.731918536029,55163.7969407479
6751,0,0,860.028242922584,56687.1435385628
6752,0,0,1637.35795482487,46629.9469681976
6753,0,0,975.198512299475,30573.2580545739
6754,0,0,487.797479695294,21418.6946785754
6755,0,0,0.0,49626.4156245672
6756,1,0,1562.45458493467,43067.3337360648
6757,0,0,1399.1261630126,26505.0201256996
6758,0,1,542.064065970151,9135.88677403038
6759,0,0,901.075726458657,38613.4266514958
6760,0,0,295.870568858272,19054.0304980425
6761,0,0,90.5614102875276,50939.5211535323
6762,0,0,476.149931465101,58837.7231108605
6763,0,0,382.885062371548,42620.5302295828
6764,0,0,1013.96374594514,49653.797125496
6765,0,1,932.685798904273,15774.7010629533
6766,0,0,360.574948754149,42217.382919442
6767,0,0,727.963608364032,40258.7017158035
6768,0,0,917.952756407792,31380.233170996
6769,0,0,1567.16535665761,38255.0505677174
6770,0,0,1006.68048810668,33348.5753598313
6771,0,0,1278.93266550967,42894.7652950297
6772,0,0,0.0,56493.4860935359
6773,0,0,1107.48786714994,23530.6227254857
6774,0,1,1719.56685067072,18696.2987495255
6775,0,0,1066.17466172764,33911.5648735603
6776,0,0,0.0,30172.8105945502
6777,0,1,1296.10352692952,15709.4557934373
6778,0,0,720.244598512222,38493.4919321851
6779,0,0,574.638223310542,41914.4695159585
6780,0,0,241.430088847648,34507.7759344293
6781,0,0,345.14214305995,41943.7728369267
6782,0,0,1341.70344157685,53122.0689582977
6783,1,0,1847.79137287982,30202.8462381974
6784,0,1,1497.06776735759,9030.40256351934
6785,0,0,503.391240045086,29187.4441155391
6786,0,0,1119.57544932473,42280.8090301402
6787,0,0,1172.41517190972,58067.1298181024
6788,0,1,1594.38458640783,21514.6027977762
6789,0,0,566.44385258326,36039.3940739968
6790,0,0,542.470159190065,39037.8010123155
6791,0,0,1086.42093928534,38656.6631307308
6792,0,1,995.039430109049,8750.55879965906
6793,0,1,1200.87597553929,13833.9821981928
6794,0,0,0.0,56895.9619836108
6795,1,0,1508.64924310287,37111.3089039706
6796,0,0,1170.54794573517,52358.800926425
6797,0,0,1356.74383618413,54489.9387774167
6798,0,0,850.03641056271,31522.2346514117
6799,0,0,1184.14038273806,25196.7617863616
6800,0,0,902.713664465988,23847.3922912816
6801,0,1,1597.89091404171,24006.180390084
6802,0,0,1079.07612251214,36636.2800459142
6803,0,1,1503.57844528678,18776.5338455693
6804,1,1,1570.65877965559,16239.1531737462
6805,0,0,0.0,41655.6822607587
6806,0,1,735.57836482289,13976.6859106159
6807,0,0,923.346231764488,44670.8642404417
6808,0,1,1269.67822272095,13998.3067322622
6809,0,0,706.481931471293,48339.8789934832
6810,0,0,1146.8753977636,64644.9052937777
6811,0,1,1749.54960903014,20078.361875111
6812,0,1,263.491319996353,25363.5952468831
6813,0,0,468.869908473501,44285.3201124121
6814,0,0,443.913087817629,35241.9929724055
6815,0,0,375.720573035677,35564.4102724882
6816,0,0,772.82299766975,25556.7571651335
6817,0,0,750.139537230604,17993.8204877237
6818,0,0,414.804258718942,37825.3721833992
6819,0,0,626.175227742675,33930.9750471621
6820,0,0,645.201209110071,44324.2243635148
6821,0,1,1287.28723524741,13215.9702541318
6822,0,0,1391.26115350663,51169.362207777
6823,0,1,601.804689792232,16266.3025981602
6824,0,0,1061.31087443622,33942.6197454918
6825,0,0,272.750468578767,42646.7048890104
6826,0,1,1421.74012892227,11134.9396021509
6827,0,0,1065.62680637814,36015.687583699
6828,0,0,1167.03505894923,34467.5428636393
6829,0,0,949.129084899618,28411.6564861553
6830,0,1,565.988728443035,18645.9366490187
6831,1,0,1914.10696202771,55573.7017123721
6832,0,0,515.942805113736,50678.3369443292
6833,0,0,1347.46071020221,32720.4457444376
6834,0,0,124.305910805526,44464.6358474661
6835,0,0,1007.220296335,42183.0897289731
6836,0,0,218.337959915024,44179.9465035539
6837,0,0,1344.55595046163,34841.260517708
6838,0,0,1063.21952649285,27887.2505285565
6839,0,1,624.543165674627,14820.4671927586
6840,0,0,559.832011277456,39144.4768374331
6841,0,0,341.386840479662,29326.3392356402
6842,0,0,574.164492504122,44072.0607972807
6843,0,1,734.898256761057,11868.0742124963
6844,0,0,875.295334786834,46041.7562780251
6845,0,0,366.090802610491,47096.378066114
6846,0,1,1009.99387200894,19870.536580502
6847,0,0,221.922490582919,32988.5713577032
6848,1,1,1957.12029492724,18805.9521289077
6849,0,1,1050.4312909571,19246.3330925913
6850,0,0,612.324988948466,55326.412843286
6851,1,0,1456.96393044028,49054.1938883122
6852,0,1,1821.52391746073,15802.3892930249
6853,0,1,770.328029480586,29059.1446947617
6854,0,1,1269.90627395328,771.967729386357
6855,0,1,1923.38194071368,12940.227832425
6856,0,0,890.759497161851,20257.3799905085
6857,0,0,1341.05478800605,33778.1620359403
6858,0,0,888.265039364919,37745.605173638
6859,0,1,1189.31395853398,19545.7271170543
6860,0,0,1820.54049444127,46251.4486884001
6861,0,0,481.840936169969,36377.6474336845
6862,0,0,432.092064833132,56732.7372801468
6863,0,0,683.997177817982,36578.1846500596
6864,0,0,354.701953160097,44412.1939231785
6865,0,1,669.737237276828,17109.630480395
6866,0,1,713.922874378029,26049.9756416507
6867,0,0,597.041608734639,31713.0976939754
6868,0,1,1306.41687939065,18996.3503217393
6869,0,0,1991.13551404058,30809.6745673938
6870,0,1,717.632894780562,19590.9710043964
6871,0,0,390.606676891254,38083.547300373
6872,0,1,1862.53865898232,23839.5725230291
6873,1,0,1143.68050317135,37751.0173411394
6874,0,0,264.372356972424,45778.308946636
6875,0,0,216.846533279373,37160.9410951088
6876,0,0,686.892928589706,51120.8299797228
6877,0,0,1642.19231860975,24444.3121751467
6878,0,1,0.0,15587.9006038081
6879,0,1,1218.64921197661,19206.1334637425
6880,0,0,1970.85976085398,37905.2526333645
6881,0,1,1151.73331728928,23149.5474930787
6882,0,0,539.077720825741,36275.4557232692
6883,1,1,2287.17384201509,18692.1443107781
6884,0,0,1218.24580162308,56816.8089387226
6885,0,0,700.453136926995,54661.1150697388
6886,0,0,1167.23167850084,30648.4287991214
6887,0,0,1492.61502806146,46174.6979911955
6888,0,0,666.394794790436,34912.3367014099
6889,0,1,636.898809515341,23005.575945443
6890,0,0,420.727023022229,37831.5700769464
6891,0,0,879.052649120858,30633.8419389473
6892,0,0,376.2411614249,25821.1610609312
6893,0,0,961.40245406434,25478.8183475055
6894,0,0,500.72854111181,33406.0541135305
6895,0,1,369.679932317277,24834.4175810051
6896,0,0,719.938043975669,31031.2193961696
6897,0,0,1168.34700459466,39275.1935417814
6898,0,0,600.538096885772,39260.3821217756
6899,0,0,0.0,18593.9147350521
6900,0,0,252.944896791094,23443.4164575638
6901,0,0,676.430888753692,53378.9885244964
6902,0,1,1066.82218828696,26348.3036410949
6903,0,1,1004.65057736924,13869.7520966379
6904,0,0,1010.42114145536,46217.8095555542
6905,0,0,1260.93129441239,27697.3382519969
6906,0,0,402.632427287244,58828.7922472825
6907,0,1,919.475484663229,6100.73320179587
6908,0,0,1004.65381639423,42729.1822272494
6909,0,0,614.538566272608,33811.9876207301
6910,0,0,1358.10977879143,50662.8927850888
6911,0,0,160.524878725023,29675.8354904945
6912,0,1,1190.18882924143,15860.3266837986
6913,0,0,262.599260446497,48762.2835507908
6914,0,0,647.918024055962,35494.4852868572
6915,0,0,1574.65128245499,30559.5136956956
6916,0,1,1658.60225711852,14821.0045610975
6917,0,0,4.81490868174682,28714.1353764478
6918,0,0,1220.31228233318,36190.9936096812
6919,0,0,802.857102212521,45806.1991738207
6920,0,0,81.8744894682282,35818.2280012136
6921,0,1,70.7336120060838,17466.1389631532
6922,0,1,962.905796409212,22795.0324982253
6923,0,0,926.694301047721,44233.646166956
6924,1,1,1233.44589515108,12586.4781909623
6925,0,1,644.111717476591,9778.219986444
6926,0,1,1338.659659247,8078.17604672449
6927,0,0,740.386785882644,46877.960742233
6928,0,1,901.186502571388,19204.7016202932
6929,0,0,975.38874177706,45597.9376922718
6930,0,0,298.71961515065,49585.8712690844
6931,0,0,591.498013908176,29507.4870633152
6932,0,0,177.014401129227,37553.8018121916
6933,0,0,292.27197689876,60582.2262136543
6934,0,0,625.191833063067,32826.4096517749
6935,0,0,546.986650105736,37513.7003808368
6936,0,0,727.67533227831,23515.6108852626
6937,0,1,531.976408238036,21357.6321613267
6938,0,0,311.212767452464,51257.8742890846
6939,0,1,703.063069636356,17692.6583930126
6940,0,0,1239.68306767989,52241.4556649146
6941,0,0,810.278839424481,51283.147864078
6942,0,0,303.482691590284,21381.3144868889
6943,0,0,1372.03570594285,36188.2397816099
6944,0,0,1146.3755626233,37053.8284571923
6945,0,1,730.962752416665,20097.4009356217
6946,0,0,807.219216290949,42138.6530736505
6947,0,0,450.405518785829,34206.273647866
6948,0,1,467.912738885715,25424.4100657608
6949,0,1,684.891035475141,17582.9855418271
6950,0,0,1013.46926055684,38280.9170083461
6951,0,0,676.652720204,31741.4310589349
6952,0,0,287.966887449483,37409.9777560406
6953,0,0,816.648909601168,52163.7815488925
6954,0,0,1118.78983433131,39111.7923351539
6955,0,0,532.153609268784,43789.3351854842
6956,0,1,1364.2326842718,18423.0476618707
6957,0,1,1464.69087058546,16542.0450715197
6958,0,1,997.642404039563,27054.7274125397
6959,0,0,335.340082541427,41942.7525113637
6960,0,0,1149.01295796219,35310.1295470809
6961,0,1,905.565799186285,24032.8005473795
6962,0,0,649.673269527654,32276.4291404654
6963,0,0,380.189188166333,40689.920435521
6964,0,0,0.0,48303.8715137401
6965,0,1,485.4343174957,21278.3408079928
6966,0,0,649.841985476221,54693.1517919875
6967,0,0,698.572453391445,44949.2690840763
6968,0,1,1328.95366930755,20666.7028058968
6969,0,0,609.477689904885,41798.2923453602
6970,1,0,1723.18721476172,43143.1644908775
6971,0,0,0.0,36581.8038993461
6972,0,0,594.601261246346,36190.7563884601
6973,0,1,875.712944121738,18696.9535767097
6974,0,0,949.314976716357,50404.2787609121
6975,0,0,252.376727131597,39723.4837311651
6976,0,0,1162.56797548573,21753.5283456455
6977,0,1,1244.35956262629,19232.0474392261
6978,0,0,578.495565421086,46030.8812771014
6979,0,0,443.900952937401,50768.4448744471
6980,0,0,1316.0892527487,41314.1695220835
6981,0,0,904.424080886182,56062.0165312447
6982,0,1,1037.97459467629,15580.7688790303
6983,0,0,842.985664608997,42682.1420130651
6984,0,1,1258.5287351543,10920.964585139
6985,0,1,297.390738058887,19383.7911466926
6986,1,1,1553.34965666218,18091.9437361811
6987,0,1,684.935381218754,21908.5715872975
6988,0,0,1265.50126447532,32910.397437266
6989,0,0,362.611151080773,39296.0779934241
6990,0,0,1532.91620917717,22080.9217712122
6991,0,1,1341.61573879979,26319.0155875505
6992,0,1,1086.16110772543,23576.786729848
6993,0,0,496.001762649658,32818.157065104
6994,0,0,1597.05208352262,50827.8075383476
6995,0,1,2092.4585301161,14514.7699586373
6996,0,1,1019.98429310495,23795.422475789
6997,0,0,765.233878264981,29096.4172613222
6998,0,0,928.964969607818,46709.4802764204
6999,0,1,1787.20193794362,17553.6072489859
7000,0,0,628.136803682395,38436.1914515464
7001,0,0,351.820396022929,30513.5179302546
7002,0,1,265.503922870572,23775.4355664207
7003,0,1,1886.5505699102,6467.14966324311
7004,0,0,57.647049217624,38218.1844732497
7005,0,0,933.827036002856,57377.4327774161
7006,0,1,996.2320726007,10707.9426639872
7007,0,1,1033.05628347807,15453.0337037443
7008,0,1,824.518400683749,20689.7242231994
7009,0,0,358.647641719877,56331.7787681505
7010,0,0,1393.36946267427,43439.6740696834
7011,0,0,332.413825874446,37129.1511776559
7012,0,0,1215.08894988551,39002.4969645976
7013,0,1,1793.78940473659,22740.5485627044
7014,0,0,874.17425497668,33821.9060145171
7015,1,1,1893.94295526224,12399.1247374185
7016,0,0,1119.6134259786,32213.2290285762
7017,0,0,234.699320726284,28098.8932544319
7018,0,1,874.017163849366,24635.3110317565
7019,0,0,1283.22888658199,47514.9933659047
7020,0,1,1326.55808330628,25853.1425435955
7021,0,0,1263.79824190405,47203.8202849677
7022,0,1,1145.27901777596,12906.2041393171
7023,0,0,1118.85173810186,30558.3838568658
7024,0,0,753.832296498779,46957.2818757946
7025,0,0,1039.23790961496,50653.9137882031
7026,0,1,1947.07267886715,13157.9565570619
7027,0,0,864.777442376433,32120.2941224716
7028,0,0,1165.85183799471,48855.5094451628
7029,0,0,1101.43879639112,39045.9939051909
7030,0,0,438.516508307876,36838.8820335318
7031,0,0,750.720008151586,47876.8958940806
7032,0,1,743.415446250591,19610.1799781656
7033,0,0,1371.35101569329,34955.4078971075
7034,0,0,673.384203313401,34891.5427807964
7035,0,0,1208.22057225772,36402.7452329903
7036,0,1,483.420566632934,12596.9340146602
7037,0,0,1394.07975394572,27179.4287768601
7038,0,1,1405.31717376016,17933.237008823
7039,0,0,736.39267285029,32026.963957527
7040,0,1,1167.34909040543,16356.9305659673
7041,0,0,1031.86993245697,46725.3740229681
7042,0,1,0.0,17189.3713959353
7043,0,0,0.0,51226.7616106643
7044,0,0,1334.9507305498,51086.4446460525
7045,0,1,997.936283119464,25788.3631535607
7046,0,0,419.444569831827,47155.6922177728
7047,1,1,1806.92184567204,11506.2177502211
7048,0,0,474.495395966397,43522.4623780293
7049,0,1,531.358419832627,11420.5686950673
7050,0,0,880.581024417901,49547.1760151448
7051,0,1,1491.16610501992,18171.6222280093
7052,0,0,976.902807317222,32837.1655487295
7053,0,1,642.382285890744,13563.4632874
7054,0,1,1670.82999110515,11385.8802715792
7055,0,0,1285.37127902735,39925.203396523
7056,0,0,199.594525689418,27579.3533932147
7057,0,0,66.5131134234801,29670.6988318902
7058,0,0,577.531956379148,22111.8669113285
7059,0,0,1142.61630705206,42053.570473148
7060,0,0,767.139212107637,49171.978177546
7061,0,1,851.338372167527,22829.0247831648
7062,0,0,683.942140800258,35232.8351834229
7063,0,0,485.44043108254,38656.4546259536
7064,0,0,0.0,49772.9747466162
7065,0,1,915.147661540853,21545.7173616191
7066,0,0,1143.52956232013,38663.2286266236
7067,0,0,365.24232976314,27027.4080555126
7068,0,0,661.104187133466,42945.5702924694
7069,0,0,964.766019325237,49646.8065727842
7070,0,0,1044.78688912354,41148.5400571297
7071,0,0,201.807400221989,71878.7726357675
7072,0,0,655.662247318421,54844.2047262558
7073,0,0,10.9057992239271,48181.6891524716
7074,0,0,528.40443472107,41066.731902575
7075,0,0,728.356058470813,32388.6157596306
7076,0,0,938.386763627777,18594.127976644
7077,0,1,359.936375470555,26500.208737633
7078,0,0,1185.14936539559,32467.4177408486
7079,0,1,811.046695390702,21263.0991404914
7080,0,1,1089.83145380546,15056.0778671339
7081,0,1,288.318814270766,18356.5652468837
7082,0,0,351.959107430178,29281.0307109065
7083,0,0,977.19550210948,58658.7501507597
7084,0,0,919.67240486341,40573.179445659
7085,0,0,800.243337878895,19051.3239981764
7086,0,0,771.825496903894,40520.8094002804
7087,0,0,585.869313047933,67100.6852055329
7088,0,0,1077.81237937944,26518.0802779105
7089,0,0,907.306758410301,28461.2937369726
7090,0,0,838.017911018859,42232.9415102543
7091,0,0,1006.93493132388,25733.3478108029
7092,0,0,712.412048874675,42352.0914911586
7093,0,0,508.453244165149,31966.4008793789
7094,1,0,1476.50978220194,42984.4128511994
7095,0,0,1224.47123850968,37088.0532034538
7096,0,0,636.309343984964,50040.4197931458
7097,0,0,1609.69881514507,60123.6273023234
7098,0,1,885.212531955794,11774.4165700228
7099,0,1,137.039372229701,10994.794100075
7100,0,1,988.89562982093,19449.1791846268
7101,0,1,563.290133206153,22323.8335480741
7102,0,0,309.782353880228,33671.5626141522
7103,0,1,821.257288150696,17347.4394608849
7104,0,0,434.189904174905,42205.2648924287
7105,1,1,1321.53537905713,23735.1598892281
7106,0,0,549.853837247715,50084.3895096603
7107,0,0,1170.01902164463,48445.2168744962
7108,0,0,1238.37188710574,42321.5271544434
7109,0,1,0.0,15698.9812337332
7110,0,0,803.94625603265,42286.2878154553
7111,0,1,1456.00596108475,15069.8828890755
7112,0,0,954.330590043764,27180.545964745
7113,0,0,1224.93071142996,44002.654530336
7114,0,0,796.390802627467,47600.4945153564
7115,0,0,461.026219252557,15755.647226184
7116,0,0,468.285776829293,23336.0300056239
7117,0,0,321.012762881255,30275.5418828184
7118,0,0,1653.43470936577,44965.0323623953
7119,0,0,1190.5362188905,41630.2828343242
7120,0,0,178.04734683831,35401.7089664284
7121,0,1,1447.85678228621,24669.8420252258
7122,0,0,0.0,56043.9102166148
7123,0,0,282.30768016583,38099.1433107001
7124,0,0,28.7388025495519,41809.2041766342
7125,0,1,1279.31680609638,17837.0345506092
7126,0,0,0.0,36061.7007635648
7127,0,0,1470.34814886116,49018.8018455176
7128,0,1,405.568290094581,20523.9123131831
7129,0,1,509.172294671135,19962.8178766146
7130,0,0,1207.15084223977,29875.379044572
7131,0,0,546.375059909669,37524.4343166152
7132,0,0,86.9186579694452,34638.903904325
7133,0,0,418.823888877566,56320.6338597973
7134,0,0,0.0,56412.0075265771
7135,0,0,41.6514375126486,47522.0236650278
7136,0,0,906.745807676788,38881.0110720928
7137,0,1,1499.85634865851,25156.7364373755
7138,0,0,1561.63131934766,32952.8407694822
7139,0,1,1615.50480202177,19566.1579588501
7140,0,0,766.096021086796,41435.591897162
7141,1,1,1807.70584411186,21849.4816313092
7142,0,0,594.916782631428,43152.5332365085
7143,0,0,1458.67564680684,57786.3231230033
7144,0,0,901.288508994425,44594.3480307007
7145,0,0,32.9935988985699,31644.7706159164
7146,0,0,1050.26852475739,59401.1956734579
7147,0,0,1329.09676232805,60321.6132109193
7148,0,0,410.935624537375,39076.2728228247
7149,0,0,1591.82828968015,27668.441769237
7150,0,0,561.989745355228,40446.0087799327
7151,0,1,592.170002642001,18684.2356401468
7152,0,0,624.696396360593,30763.4651232862
7153,0,0,1433.74049679501,39445.0840889239
7154,0,1,635.362156102893,13912.2185315796
7155,0,0,982.968718072735,50700.1738622412
7156,0,0,877.415879371153,22997.9450275693
7157,0,0,433.429970678414,49209.2563988887
7158,0,0,951.313044194811,25540.8159627896
7159,0,0,205.006264369155,36554.6265286997
7160,0,1,1214.78334668819,11789.4498427039
7161,0,0,974.897205649927,26921.3658786339
7162,0,1,470.107181330254,16014.1133107149
7163,0,0,0.0,30684.7305500516
7164,0,0,1666.22422994917,34918.4325263469
7165,0,0,798.659894709359,17463.0213544846
7166,0,0,286.267421594116,47960.4382132519
7167,0,0,908.572629442983,48426.9274352118
7168,0,0,78.7464414361228,41335.2624810456
7169,0,1,1051.42596467126,6583.87443801092
7170,0,0,1301.15829550987,28673.6459846632
7171,0,1,1506.69167525026,20680.1826452459
7172,0,0,0.0,29901.3994159426
7173,0,1,0.0,15759.9151700448
7174,0,0,182.890963170823,21286.8499922912
7175,0,1,1468.96935473959,15977.6625508514
7176,0,0,1291.24433825788,42098.4789481662
7177,0,0,608.958315930244,24975.6464069232
7178,0,0,713.720610164183,17753.767315476
7179,0,0,1446.64670417992,28951.7273811312
7180,0,1,889.292843041319,14273.2937150957
7181,0,0,1219.63445995772,47936.3067755469
7182,0,1,533.007580306484,20556.4171504615
7183,0,0,1024.14382177551,45585.9687697656
7184,0,1,510.296040090534,19682.5608310299
7185,0,0,797.347588529401,35177.4099946927
7186,0,1,1686.60887402385,22175.1316000616
7187,0,0,530.547329206816,44627.5626446297
7188,0,0,1332.53107136616,36974.6082048978
7189,0,0,1401.34680959926,31403.0654839952
7190,0,0,586.811387065307,40353.3504780337
7191,0,0,628.419545661226,34756.2476400261
7192,0,1,1193.30792924147,16430.01599162
7193,0,1,666.424383991103,19177.6793706386
7194,0,1,1017.6671197807,13553.09142624
7195,0,0,648.344612821679,18843.6062324309
7196,0,0,952.138822970475,28642.3637962167
7197,0,1,1492.06585380682,11615.9834652311
7198,0,1,171.598895068836,24809.1145254887
7199,0,1,1231.28109427321,15716.5322596171
7200,1,0,1833.64654831253,43539.7843334378
7201,0,1,633.170443606051,23694.3252385598
7202,0,0,655.207727804949,30593.1475751348
7203,0,0,331.407086136963,20588.171871062
7204,0,0,1213.36264204807,33527.4888071951
7205,0,0,881.649854860827,50114.7005356449
7206,0,1,1799.36187587499,14250.199392948
7207,0,0,1165.93650402873,42252.2627098774
7208,0,1,758.673477864191,24166.762302128
7209,0,0,269.290141295065,43778.7328806281
7210,0,1,1043.88098357701,27380.4700856437
7211,0,0,893.114550360714,43511.6521648527
7212,0,1,728.467137692598,15958.7470001168
7213,0,0,413.752193061782,44803.360279258
7214,0,0,97.2648758399585,37468.1802348357
7215,0,0,765.046486164449,44870.6842914765
7216,0,1,1054.4850535992,10997.4040673926
7217,0,1,649.530745027352,13408.6629471631
7218,0,0,742.384099946379,34265.3623052066
7219,0,0,1016.46370192719,49635.1048515898
7220,0,0,636.304309844043,52011.0692162141
7221,0,0,976.428533159154,31897.5660337389
7222,0,0,1197.81805113426,37487.6505399684
7223,0,0,483.454879073622,44281.3465718496
7224,0,0,1239.49238918487,40312.2302286101
7225,0,0,942.387354970361,34685.8679609533
7226,0,0,712.131245668674,48835.9928900325
7227,0,0,214.981790411236,46693.9377394772
7228,0,0,558.338857384781,38284.6755343357
7229,0,1,1134.55973104289,20964.2127023783
7230,0,0,523.647651791954,37590.8199380362
7231,0,0,593.160786354557,46475.03132161
7232,0,1,868.712519648453,13025.5249765278
7233,0,0,607.721136462867,41791.8877368967
7234,0,0,1059.80410067008,64315.0262055868
7235,0,1,0.0,29106.5837352519
7236,0,0,1141.74381678479,45455.1630728872
7237,0,0,1127.25955558425,47545.8468044751
7238,0,0,456.915217880584,42506.8631535505
7239,0,1,385.397521456814,13739.1661351728
7240,0,0,705.996771687682,53423.1498006249
7241,0,0,742.562223947454,48207.6150768853
7242,0,1,1310.39973378749,24267.777757484
7243,0,0,670.982468145979,55003.0913231936
7244,0,0,441.72546556666,39307.5040375215
7245,0,0,1075.71843059287,38020.7235915033
7246,0,1,675.240691942866,18827.781887281
7247,1,0,1377.68001967135,41435.2694991584
7248,0,0,302.399908922779,32048.7421630936
7249,0,0,910.230777507496,46274.3436016861
7250,0,0,812.52823846174,58338.9257793769
7251,0,1,1298.51626554485,18755.7676358519
7252,0,0,679.827666865443,43692.5363856043
7253,0,0,1187.28392841327,56503.5729486472
7254,0,1,813.185316292918,24823.7991709966
7255,0,1,893.708471146774,16399.7785205639
7256,0,1,894.657334725515,23656.8418118625
7257,0,1,0.0,18495.7798208195
7258,0,1,1179.16120481058,16923.402492625
7259,0,0,1067.37903436189,56291.602012056
7260,0,1,1291.60714177538,16114.0242798707
7261,0,0,119.471925879329,47761.1499926395
7262,0,0,343.724284753389,53705.4596253535
7263,0,0,1699.30157218095,29196.0818520409
7264,0,0,1558.59698527098,38880.4448720672
7265,0,1,1455.50462316194,13555.335692227
7266,0,0,1079.37274393436,66134.7178932347
7267,0,0,508.153059619727,52772.2614547636
7268,0,0,965.012755605124,32549.5515102086
7269,0,0,553.649019153504,47021.4918151892
7270,0,1,920.778967083772,14194.8691528619
7271,0,0,637.33810707655,49657.3942823563
7272,0,0,744.44020589283,40280.266997666
7273,0,0,1529.1526518707,43826.2912683101
7274,0,0,755.35699170582,53091.5152898841
7275,0,0,69.5617975429155,49074.2475961956
7276,0,1,1567.21198212063,15877.7864757816
7277,0,0,429.352532991565,17208.7140267254
7278,0,0,1348.30355448988,39165.6591737613
7279,0,0,1068.10797157273,37863.4478466062
7280,0,0,1074.79140055744,25715.1774543535
7281,0,0,395.884601970322,34555.8269729204
7282,0,0,1047.13677049325,46567.9250408871
7283,0,1,1518.62963981646,18925.4900066106
7284,0,0,964.046253454032,46501.9112011748
7285,0,1,1099.54290396258,25314.8449400212
7286,0,0,737.176958218146,54160.8578903793
7287,0,0,587.753816447594,38885.6592059653
7288,0,0,1177.08837749571,29949.497842595
7289,0,1,1182.00008160581,18102.833748716
7290,0,0,351.288800597847,30345.6989047542
7291,0,0,658.023632747905,30391.6317592046
7292,0,1,9.5140328909888,24581.9771065443
7293,0,0,515.580280712519,43509.0439815997
7294,0,0,312.127697020277,37743.5081225187
7295,0,0,820.691852133478,28064.7322000797
7296,0,0,1498.56503628007,39948.9779866268
7297,0,0,1090.54796975797,20027.7563910929
7298,0,1,717.33918962097,18382.1871933649
7299,0,0,631.596908174781,30517.2294190788
7300,0,0,1118.92980278402,49988.0913273554
7301,0,1,496.51631370883,12862.0265626775
7302,0,1,524.173510127698,8272.09032088845
7303,0,0,1021.2200999395,47650.0025308943
7304,0,0,749.883065470362,28580.921921531
7305,0,0,181.724438911984,36858.0586734834
7306,0,0,1555.83618423158,30110.9602923827
7307,0,0,895.746675008824,35531.8370865647
7308,0,1,400.904548807574,20912.2886482641
7309,0,0,540.237503974575,32931.8753767927
7310,0,0,403.810034348587,40535.1661684495
7311,0,1,1218.54316488104,14063.1168892943
7312,0,1,1252.34417144085,17621.5295944567
7313,0,1,384.590932449319,21364.2300923961
7314,0,0,319.030066005898,27401.1167743524
7315,0,1,850.839296206177,19413.2039354365
7316,0,0,1072.82262116597,54527.979284403
7317,0,0,1637.31945384266,43364.9561247751
7318,0,1,600.956313060786,21613.9136094682
7319,0,0,1014.72519283072,40223.9927344649
7320,0,0,1311.45127913014,47805.7978452956
7321,0,1,1084.54298048583,17410.8465778843
7322,0,1,1302.0867477865,21949.2769081235
7323,0,1,329.785853938403,16476.986911581
7324,0,0,625.846305544569,34245.8428734237
7325,0,1,777.64273092137,18190.6452749869
7326,0,1,1161.88110072523,13499.8301473531
7327,0,0,138.588586671782,38437.991887246
7328,0,1,740.057881955935,24710.1190006459
7329,0,0,824.987976975461,42408.8955441621
7330,0,0,1292.16016111275,39387.6882367056
7331,0,0,528.060825176608,34016.8887465416
7332,0,0,708.851823990675,36322.3491334553
7333,0,1,1066.19424074312,16736.4338383771
7334,0,0,1072.5727744748,38483.4617230818
7335,0,1,1315.47627172776,27959.6434664186
7336,1,1,1988.86974718815,17762.8659115925
7337,0,0,416.229309671986,35580.555688753
7338,1,0,1721.43491831519,41999.7033384974
7339,0,1,1706.76043724783,21127.4824181988
7340,0,0,707.443669728332,42656.6491442273
7341,0,0,249.112128350614,46332.3667284741
7342,0,0,446.861677111715,49645.3457108432
7343,0,0,764.806803042123,33127.1559867551
7344,0,1,824.123364807796,25108.7662912811
7345,0,1,786.915038133868,12881.6893294211
7346,0,0,308.006275895232,37361.7751439722
7347,0,0,1733.89536118172,47872.6209803203
7348,0,0,996.852510824786,49954.704079559
7349,0,0,0.0,52632.3298935436
7350,0,1,1070.33209932377,20053.0285334226
7351,0,0,0.0,39329.8081786912
7352,0,0,1250.67965337158,37012.4075750984
7353,0,0,1753.9151462348,43855.833129686
7354,0,1,425.419972827313,18109.3206913529
7355,0,0,1056.8244199283,37994.9695479256
7356,0,1,1546.58183218789,14981.1686681869
7357,0,0,330.324289217388,55734.0457402733
7358,0,0,1080.15556406203,35471.9867773414
7359,0,0,691.168358366467,42342.3506993608
7360,0,0,584.223460529394,38683.3748761287
7361,0,1,681.972289898638,19925.4443917639
7362,0,0,999.485645451798,37919.0212559565
7363,1,0,1757.73849947833,51991.4634941109
7364,0,0,1185.73682691833,24265.4359173425
7365,0,1,1770.52557033015,17447.1269195647
7366,0,0,149.822550028041,33948.8662896245
7367,0,0,0.0,36708.3573405233
7368,0,0,771.016021909898,47614.7381580489
7369,0,0,0.0,56982.5059208913
7370,0,0,607.094632221471,27145.6375410312
7371,0,0,306.658097609939,30135.6287972625
7372,0,1,364.826699712476,22122.5210796026
7373,0,0,814.693521955202,39020.8976875159
7374,0,0,1656.03804743546,29816.0501663426
7375,0,0,125.937700100074,44260.4818181621
7376,0,1,1766.64977358033,15423.4372844809
7377,0,0,1593.83791898813,30570.1610817937
7378,0,0,0.0,30131.9758084807
7379,0,1,210.89792272262,19075.2069630191
7380,0,0,449.141606354351,40992.3027259711
7381,0,0,1125.30209345744,33408.6603429212
7382,0,0,1529.14313952535,43125.1232811978
7383,0,0,483.63752662047,47517.6550035721
7384,0,0,570.9834124182,40580.9091764566
7385,0,1,989.054283529197,17276.4439014947
7386,0,0,896.734422758777,21627.4525178202
7387,0,1,1533.89898571274,10488.4126010725
7388,0,0,1357.69325067259,25389.8307107958
7389,0,0,40.3011123429583,33656.7165255831
7390,0,1,1014.89112912921,15253.3115972713
7391,0,1,594.310593322278,14159.6417849043
7392,0,0,1038.32287099795,45057.6420464299
7393,0,0,1423.38440157414,48315.00730867
7394,0,0,601.777083186907,15298.2131863943
7395,0,0,947.597792145413,34869.1268512488
7396,0,0,296.355437034888,24625.8852207067
7397,0,0,633.850429789731,29213.3758259482
7398,0,1,1154.44636742934,14301.1571179952
7399,0,0,504.615359459886,56623.0102899515
7400,0,1,1176.93452516158,19829.2264598045
7401,0,0,1001.32023805225,41063.1973471398
7402,0,1,1352.29282619522,23660.6548262495
7403,0,1,1060.06007196523,18617.2181382755
7404,0,0,1371.70327519922,48298.5445359829
7405,0,0,1015.96911317644,37952.9642840749
7406,0,0,1171.41159010859,52278.2442048294
7407,0,0,1021.28360782198,50389.6207372374
7408,0,0,1743.09923810044,31438.5919691711
7409,0,0,84.3492471707538,59022.176608549
7410,0,0,879.41715171517,35228.1105632839
7411,0,0,820.945303026582,34064.673677275
7412,0,0,1085.89836833236,29771.0645570651
7413,0,0,648.364868099607,40276.5718280912
7414,0,0,0.0,27614.4992681141
7415,0,1,313.396031622244,18071.688034514
7416,0,0,477.550762096018,24273.4186375882
7417,0,0,403.268308454751,38629.9474215702
7418,0,1,864.947986054747,8624.22071922716
7419,0,0,502.025954193766,31574.7125087496
7420,0,0,971.81488868942,35583.1905392443
7421,0,0,0.0,49606.9952337978
7422,0,1,823.47137320044,12331.9162287797
7423,0,0,969.80630544888,60396.7891910945
7424,0,1,881.265405002496,15275.4205798952
7425,0,0,1315.19148915857,42694.9750671299
7426,0,0,1149.65995633682,34635.1377011897
7427,0,0,943.566247081687,31377.9428154228
7428,0,0,270.072593432951,36833.6451384242
7429,1,0,1392.59975316796,37620.2413146323
7430,0,0,0.0,30836.4405061652
7431,0,0,939.642406135128,38395.6138000299
7432,0,1,838.978435279789,21176.4791726249
7433,0,0,142.614404811541,34695.1158879329
7434,0,0,1493.03389710926,30848.619107257
7435,0,0,1193.40655438005,55017.462587952
7436,0,0,0.0,19572.3001100384
7437,0,1,1078.5142591889,20073.35524041
7438,1,1,2461.50697867784,11878.5570446707
7439,0,0,614.140621191737,17472.9148915625
7440,0,0,872.122709141155,43154.7199595567
7441,0,0,880.047280737316,45092.5924026719
7442,0,0,433.400112593774,25085.070118212
7443,0,0,618.127037783515,29836.2856549674
7444,0,0,1115.15431349235,38623.5482005717
7445,0,1,327.419883103167,14938.9443523853
7446,0,1,888.718674812636,15037.6082952694
7447,0,1,995.915054636554,24897.1732454987
7448,0,0,1219.39010265135,42549.9135790507
7449,0,1,984.3611537241,16577.8319329448
7450,0,0,980.397103132795,41753.0759839079
7451,0,0,422.451641728952,34797.7965440488
7452,0,1,311.32186397139,22648.7634451749
7453,0,1,1019.64775514386,2702.98233149687
7454,0,1,1250.97282891881,19275.2540337784
7455,0,0,1042.69918861583,10693.6215983792
7456,0,0,436.575627385808,22389.4633927745
7457,0,0,698.074827953718,37027.8160711081
7458,0,0,296.881830650884,43136.5616829479
7459,0,1,610.185368803368,19010.1257851595
7460,0,0,0.0,38686.581427562
7461,0,1,1230.9575079814,20573.7863074106
7462,0,1,712.026704476097,17273.1158606978
7463,0,0,772.40563332837,39023.4916397536
7464,0,0,175.167760833609,53019.4230127664
7465,0,1,124.871271082981,20886.4961947607
7466,0,0,423.337696771481,60170.5744657902
7467,0,0,364.773883586176,31857.180734233
7468,0,1,851.975904788836,14170.9223069455
7469,0,1,1619.71415137896,21781.940562491
7470,0,0,1200.9467583526,47636.8596254039
7471,0,0,765.132036910884,39600.4846206277
7472,0,0,1343.95492193687,26365.5262535429
7473,0,1,1669.76311196123,23741.5105983345
7474,0,0,266.759321008081,25864.9390291814
7475,0,1,1039.90941904259,21212.6826814127
7476,0,0,246.756413859953,37138.3862992112
7477,0,0,1282.56757095112,36558.8379206386
7478,0,1,1070.32046448364,12756.7604535199
7479,0,0,766.512524415546,43426.8308000715
7480,0,0,1102.92430902942,57828.1787773858
7481,0,0,924.959329762827,26332.2096245083
7482,0,1,1034.9023911577,15945.1398517741
7483,0,0,1807.68866700157,40731.5164105234
7484,0,0,520.65461279361,39914.9190478219
7485,0,0,1018.76996929854,35813.4207428701
7486,0,0,1281.67517177822,41481.3210021225
7487,1,0,1621.57578487283,36577.8462027348
7488,0,0,0.0,40772.9268631336
7489,0,1,1848.82661771773,18128.5695920068
7490,1,1,2117.12061387646,12143.4748037709
7491,0,0,1002.14412432149,44445.5272721441
7492,0,0,551.185871800837,36603.9753357362
7493,0,1,149.15410001691,22802.8196789175
7494,0,1,1360.86563270173,22310.9295094467
7495,0,0,1136.14843693437,38474.6136937728
7496,0,0,717.667389813139,27956.2735197124
7497,0,1,651.548784488851,23374.832966803
7498,0,1,604.574350110705,16153.4142865338
7499,0,0,759.09040645252,41891.8575903575
7500,0,0,1204.95781100676,24788.7678660893
7501,0,0,796.257260821884,33760.5182633627
7502,0,0,506.462320775494,36596.1267387874
7503,0,0,160.012403610926,48121.1810184216
7504,0,0,339.691180585285,49109.3613833469
7505,0,0,0.0,35288.3350799732
7506,0,1,1344.7093588173,17318.839902875
7507,0,0,368.086167001205,51601.3608445692
7508,0,0,1005.129339452,43501.6964850784
7509,0,0,712.863665600652,47454.7444273651
7510,0,0,384.527884132361,25950.2675640906
7511,0,0,512.656466934724,43846.9797077063
7512,0,0,0.0,37112.5977989419
7513,0,1,721.517319658892,18310.9455223602
7514,0,1,1458.89346152272,21186.5629553544
7515,0,0,388.609229128308,23040.4417429292
7516,0,0,516.109644702662,48303.8010364758
7517,0,0,575.754615672545,26757.5793449716
7518,0,0,0.0,26100.7519107615
7519,0,0,1440.39242035855,46113.2684523111
7520,0,1,1136.40075609125,24962.8490701274
7521,0,0,326.519432025491,20310.452477616
7522,0,0,837.209149819569,38032.9563034441
7523,0,0,1324.84258038352,41590.3351912124
7524,0,0,244.935778985894,27369.010522028
7525,1,1,1875.45889462485,17820.4633288356
7526,0,0,0.0,30287.490340717
7527,0,0,1793.29061177025,45117.3819107051
7528,0,1,1874.49450092901,19592.0698667164
7529,0,0,1036.98559901712,46388.6245271626
7530,0,0,91.4152843471609,46468.7879829994
7531,0,0,438.812399733576,39390.7255279314
7532,0,1,1371.09386785114,16204.7689613383
7533,0,1,950.776787199093,17711.7417569151
7534,0,0,370.000934879272,39286.6136623793
7535,0,0,688.905761536254,43606.9237368142
7536,0,0,1452.32898016853,37691.7701917003
7537,0,0,641.908417067158,45107.4316859664
7538,0,0,618.139164308691,50146.4292488552
7539,0,0,516.449766323607,41922.8884877092
7540,0,1,720.435239898748,24582.880690442
7541,0,1,485.014890723819,23261.3309456866
7542,0,0,929.755400626854,30908.8981998424
7543,0,0,591.787159925884,46381.2372516318
7544,0,1,753.383573607442,12258.6045124657
7545,0,0,1255.42594165202,17917.7947894635
7546,0,0,694.538762632041,42855.5653098463
7547,0,0,431.159893985934,51727.5403221503
7548,0,1,23.2060517124803,22196.6533688783
7549,0,1,584.576232774589,16639.6558412378
7550,0,0,877.029457220267,35054.9488981604
7551,0,0,1300.29692368306,51338.8574052066
7552,0,0,1049.92742742092,25445.9200724682
7553,1,0,1099.0577013018,42590.8944537008
7554,0,0,763.773764326229,60938.6640992445
7555,0,0,506.776514229109,40625.4874731358
7556,0,0,41.279727992759,52066.1473455983
7557,0,0,789.639900431882,44073.2466932269
7558,0,1,867.470764391777,11905.6789549914
7559,0,0,1352.29093031349,33077.0888162942
7560,0,1,0.0,20217.0909125425
7561,0,0,337.874909315449,30090.5305102132
7562,0,0,660.244841965786,40885.8469473715
7563,0,0,1144.4817931064,45548.3803818705
7564,0,1,1075.09276443643,7031.29455616636
7565,0,0,535.897241673312,43917.568696246
7566,0,1,1170.22462428212,8747.47272040442
7567,0,0,922.124106932605,48137.3716728773
7568,0,0,1064.08717221108,34677.9317899043
7569,0,1,1294.28570216638,17444.6035649086
7570,0,0,845.736704633297,34676.2642308224
7571,0,0,212.647740871301,29592.1708509052
7572,0,0,501.286648883935,36154.6526910387
7573,0,0,463.045455797692,35621.0803502897
7574,0,1,722.227333114556,18487.0405647803
7575,0,0,724.205592217336,36489.6905470156
7576,0,0,209.042788867424,40075.9841483955
7577,0,1,1108.62409883894,18761.7671044816
7578,0,0,0.0,60203.5960308716
7579,0,0,960.068059922621,23482.835612708
7580,0,0,685.3419782018,51856.890980685
7581,0,0,1446.60460617166,45552.0098993524
7582,0,0,1187.65668385131,46731.554866363
7583,0,0,1073.02581933369,39553.831261169
7584,0,0,1608.6833496179,40078.2204348078
7585,0,0,1160.13322168939,32978.6595972612
7586,0,0,621.149260807172,15546.7689826685
7587,0,1,1367.42963096757,23617.6123591449
7588,0,1,909.10199369612,7283.76314467766
7589,0,0,524.416793070104,41535.3246554749
7590,0,0,654.493618548727,12696.8032460989
7591,0,1,1010.57612407861,20982.9703055547
7592,0,1,130.147710478837,15174.6729794388
7593,0,0,150.663617880078,42800.6969182602
7594,0,0,584.838347580315,41447.4135332998
7595,0,1,771.295014017138,15594.0118532611
7596,0,0,1363.48166419022,35359.7540473893
7597,0,1,414.80645089261,18832.03421481
7598,0,1,1647.00457279336,16614.8041663473
7599,0,1,562.842591176322,19669.7693367742
7600,0,0,843.700911167162,50891.6733167055
7601,0,0,455.376336005769,36590.5503622635
7602,0,0,459.423921256548,49958.7568004639
7603,0,0,967.72062448087,31641.6763377917
7604,0,0,84.3444663188471,42333.533628084
7605,0,0,530.603502829406,59740.2099741482
7606,0,0,1369.92596745005,49089.8196259943
7607,0,0,692.156208075447,39199.4465014915
7608,0,1,564.638739024053,24342.0307911736
7609,0,1,1251.18680552353,11229.6412228285
7610,0,0,378.445644033206,30562.0955174959
7611,0,1,0.0,24000.3302320209
7612,0,0,0.0,37361.5408049441
7613,0,0,820.485017226129,35951.1199800878
7614,0,1,246.867027277152,16209.5366803904
7615,0,0,1490.13748475783,35882.7586735583
7616,0,0,421.038871967721,17137.1681277715
7617,0,0,1147.57189675941,32012.7653479457
7618,0,1,1087.91774442623,18053.0838952553
7619,0,0,295.150455976312,48387.4724479823
7620,0,0,543.794274359591,51964.7512239708
7621,0,1,1002.44392127105,14152.6694871326
7622,0,0,809.478458031614,51608.5424596492
7623,0,0,659.75081505078,50536.9009715525
7624,0,1,1627.77461253757,23516.6390314813
7625,0,0,751.631732836332,50562.4986069293
7626,0,1,625.772022490437,23122.6110304003
7627,0,1,486.224823282763,20289.6747200261
7628,0,0,1302.13421827805,64016.7603980852
7629,0,1,1233.73552347868,15480.2077785453
7630,0,1,1220.27693189675,11573.8484490093
7631,0,0,982.514587249151,62140.9254615139
7632,0,1,306.041314131214,13190.8322602958
7633,0,1,806.699910999562,19269.6816815998
7634,0,0,789.326869307376,36183.6566367512
7635,0,1,1481.57398076177,23170.5647926283
7636,0,0,1228.78852913203,59100.8511498722
7637,0,0,464.939182500399,58247.1215740082
7638,0,0,958.047432763855,15052.4457238652
7639,0,1,0.0,21294.1484759846
7640,0,0,1523.9302766086,58551.3595877966
7641,0,0,0.0,50633.7925605148
7642,0,0,387.755271932349,34086.3870439287
7643,0,0,1194.20572499594,45588.180687979
7644,0,1,1430.82481135903,10766.9377730224
7645,0,1,1251.99489098261,18922.0343634547
7646,0,1,207.925970320052,19078.8919047644
7647,0,0,1596.38595214976,34190.1897212475
7648,0,0,0.0,33769.6048655454
7649,0,0,1213.35295480261,39344.1240263279
7650,0,0,407.263424219924,40524.3386075399
7651,0,0,786.585649124404,43014.2207503651
7652,0,1,695.476439342877,14030.3605474387
7653,0,1,1113.23688519267,19139.2664321704
7654,0,1,717.205265524902,20627.8189153678
7655,0,0,374.926190630488,39167.9726848543
7656,0,1,270.599297436056,15728.9107072973
7657,0,1,1334.78080792518,20468.4408385118
7658,0,0,280.614830515579,35494.5978623224
7659,0,0,143.917847054434,41626.6876952005
7660,0,0,1027.05457933546,44268.9587280937
7661,0,0,127.54538940606,33070.4990606836
7662,1,0,1809.40986352205,33453.4065382859
7663,0,0,1626.39108717515,61438.0944057846
7664,0,0,628.875536207339,48380.5108388691
7665,0,1,385.350358534472,22395.8823581038
7666,0,0,753.999942823527,29020.7290572193
7667,0,0,650.2493011075,33475.7442375697
7668,0,0,232.763666039281,58488.7902999066
7669,0,0,1005.62300888314,43471.7803207004
7670,0,0,82.4275698236084,29761.5445256896
7671,0,1,41.3855163829771,18664.9010060066
7672,0,0,510.657513331155,25855.9170229869
7673,0,0,1588.91625121915,54043.0062999102
7674,0,1,1127.43595508475,23495.5655168774
7675,0,1,1242.72294339113,23037.4137184068
7676,0,0,1730.11045772473,48766.8009059002
7677,0,0,915.462438962573,33887.763638343
7678,0,0,65.3329838593118,31992.2422205878
7679,0,0,180.171498916996,21403.0777065766
7680,0,0,989.262577822306,48055.4122370631
7681,0,0,314.985176814066,51112.9378660257
7682,0,0,607.277060104569,36487.990989239
7683,0,1,724.437846238016,15835.6275220603
7684,0,0,832.217401259712,44053.2560569607
7685,0,1,794.146806723789,12519.7683906824
7686,0,0,1806.7148770839,39082.7860963992
7687,0,0,394.501839643007,29642.9102659474
7688,0,0,108.003864382254,44764.2888968549
7689,0,0,806.550181313342,27622.9041506617
7690,0,0,845.077745416633,38410.8435707643
7691,0,0,659.808946789516,39712.958918746
7692,0,0,1248.83064907827,39317.9041803876
7693,0,0,852.522041028705,34237.6456678606
7694,0,0,878.927937083076,47228.3409313743
7695,0,1,819.912190542396,16585.0280991299
7696,0,0,0.0,34213.4915205813
7697,0,0,620.681596802363,34549.0864666961
7698,0,0,917.856226992841,49353.9506343612
7699,0,0,539.441908788563,26164.8446811128
7700,0,0,747.139341956807,42318.9332825577
7701,0,0,864.460772629318,44429.0667539873
7702,0,1,391.998226720824,9995.04163332248
7703,0,0,151.260770326673,57657.2822222499
7704,0,0,873.125525094057,34352.7003173698
7705,0,0,28.789776019142,55369.201386131
7706,0,0,228.511851114921,57232.2685587695
7707,0,0,1190.13932322517,27734.7389829589
7708,0,1,1845.97643893727,12107.7418248053
7709,0,0,107.154768462625,42776.3018691307
7710,0,0,2058.78478074305,55021.5518021544
7711,0,0,914.637312628131,46492.6488301171
7712,0,0,799.732704582569,45702.4016718804
7713,0,0,890.248108001647,34679.4827616344
7714,0,0,1184.49229812903,43228.8058978192
7715,0,0,1143.12286444744,42672.1291496779
7716,0,0,718.743118187293,31371.7810801085
7717,0,0,847.654914338946,43515.3022044232
7718,0,0,1067.27320063911,50647.8724040193
7719,0,0,791.542583674003,32574.3412705244
7720,0,0,826.355312408359,37241.440631236
7721,0,1,652.755692307818,23492.3232419236
7722,0,0,827.634736669454,36439.6609398738
7723,0,1,704.095463378673,16509.5229344982
7724,0,0,773.593731357214,29661.4635320763
7725,0,0,402.12901468223,42978.3936060898
7726,0,0,411.537626865253,30065.4443474788
7727,0,0,340.964399114302,27262.0579810414
7728,0,1,1021.56825009016,14500.6291712536
7729,0,0,1323.64068113701,30517.2082497801
7730,0,1,1362.6444485929,18205.2317816041
7731,0,0,347.46091652246,24735.5506928775
7732,1,0,1610.48401491748,35589.7338305398
7733,0,0,1313.83680422269,40843.0997786338
7734,0,1,705.390544240797,19125.6849820594
7735,0,0,705.735232894334,45280.8192290912
7736,0,0,0.0,38968.4157913305
7737,0,1,0.0,23735.4085420558
7738,0,0,1562.66985789502,52422.7802153993
7739,0,1,655.611221042021,19039.1682730003
7740,0,1,780.254075842618,20758.4712409247
7741,0,0,946.137573571246,40038.683105794
7742,0,0,1402.51244469243,46207.7798397668
7743,0,0,321.588332058415,52711.6173635883
7744,0,0,1824.2937477011,22471.4457240321
7745,0,0,0.0,23562.2906124825
7746,0,0,602.195012175499,26768.9174174436
7747,0,0,314.45919529541,40016.4759256171
7748,0,0,1223.71401172323,64440.2175262069
7749,0,0,487.11688827906,55459.4529950442
7750,0,0,324.851543385128,52838.8493294787
7751,0,0,98.2290556803614,48070.1593162269
7752,0,0,0.0,18063.8883588351
7753,0,1,345.799607124423,15967.9908471267
7754,0,0,869.308119274179,32571.1692558153
7755,0,0,437.555256719357,37212.269360243
7756,0,0,323.59505411449,34129.6560741734
7757,0,0,1286.9055574347,45569.0675184161
7758,0,1,940.479354282569,20578.8072250756
7759,0,0,1385.30347695259,35045.438734077
7760,0,0,765.818663634114,33216.3531980412
7761,0,0,599.009724958459,53004.5854640233
7762,0,0,1153.32925077739,17598.4340274502
7763,0,0,352.278325535014,34359.8412383948
7764,0,0,226.217345575457,59680.0022588774
7765,0,1,754.968696018072,30340.1204042549
7766,0,0,1713.53785147755,43899.0842902538
7767,0,0,969.538309805488,33293.7947247849
7768,0,0,1024.61298649141,34401.017743276
7769,0,0,838.653016857442,25272.4860672588
7770,0,0,1072.03377011872,47029.260367657
7771,0,1,686.694378860883,18551.5300581173
7772,0,0,715.544075669576,50127.9556316689
7773,0,0,1130.77214546715,40314.2715443768
7774,0,0,1286.63632041227,44825.8658404379
7775,0,0,937.501193105071,33266.5194383876
7776,0,1,1881.25652109686,14992.3867271916
7777,0,0,135.953345751201,49372.8359844108
7778,0,1,1471.92392898895,19774.9238785274
7779,0,0,773.171566359335,37877.6045199555
7780,0,0,552.672566101431,50688.4963275297
7781,0,0,1074.08765319171,35873.2286380914
7782,0,1,137.431468636565,22783.4209710542
7783,0,1,523.831492714495,12062.3943636302
7784,0,0,724.537790180161,33254.5284949545
7785,1,0,2040.59017105596,50930.9107859245
7786,0,1,1415.89080238048,22823.6278584033
7787,0,0,174.483634673712,54992.9893047716
7788,0,0,805.314488077273,36864.6892862884
7789,0,1,1008.0331295612,13547.0785381476
7790,0,1,0.0,21665.5268097878
7791,0,0,1078.41038955071,44474.4202944119
7792,0,0,768.694006876274,32373.771051203
7793,0,0,391.189784489764,42212.0303371114
7794,0,0,0.0,46910.7978946537
7795,0,1,1318.57773531947,18042.0176142665
7796,0,0,955.449340796982,40698.9761263581
7797,0,0,1425.53485976141,33666.10425661
7798,0,1,1196.49194120137,14916.4446906476
7799,1,0,2038.89185057887,58606.4862432055
7800,0,1,1047.99823953347,15846.655228066
7801,0,0,995.346099927344,46702.239073216
7802,0,0,1657.25590018683,29945.5660173299
7803,0,1,396.582633428736,18244.1660188539
7804,0,1,594.558985346466,13180.5021134281
7805,0,0,931.710876495276,50210.0694668725
7806,0,0,1318.80706574654,44778.0460012765
7807,0,0,24.2635999898018,36070.138850872
7808,0,0,713.673397858288,48914.5602035216
7809,0,0,891.751685184563,53044.8356060182
7810,0,0,1794.41157502235,44037.8475163971
7811,0,1,1412.08996685441,17049.6600099038
7812,1,0,2024.82021156466,64135.4310819166
7813,0,0,399.597296046437,42578.0459414763
7814,1,0,1598.02083082886,39163.3610556875
7815,0,0,1045.3113517812899,31754.023779871
7816,1,1,2578.46902158917,25706.6477744655
7817,0,0,1113.2891420998,42292.4901451926
7818,0,1,645.118687643083,16097.2170185444
7819,0,1,861.104127009331,15873.6128609255
7820,0,1,408.218352153679,21432.7264338213
7821,0,1,794.973101379144,21590.9618652423
7822,0,0,1477.63795612056,36546.8231488484
7823,0,0,634.399979828231,33377.360386157
7824,0,0,798.082090735914,38080.9623405106
7825,0,1,0.0,19919.5634409026
7826,0,1,980.101705745881,16381.2031300222
7827,0,0,831.245423092704,27706.9538518972
7828,1,1,2083.22837647615,20103.602739227
7829,0,1,1436.07482635181,21511.4578059897
7830,0,0,1467.22519103062,28845.0222016801
7831,0,0,469.438477180174,37879.2565232605
7832,0,0,1166.71587666917,31032.3859736363
7833,0,0,844.041292318579,32089.6246466695
7834,0,1,1538.97375070282,15757.9335417675
7835,0,0,562.701116936926,39067.7515107504
7836,0,0,1112.11088540741,29229.5316824489
7837,0,0,246.39376404033,33647.993225282
7838,0,0,562.723868379586,60196.1826087633
7839,0,0,916.569239827394,42486.3989116241
7840,0,0,618.5663093699,28477.2795325714
7841,0,1,1604.61373828869,15467.2189070394
7842,0,0,847.614963857932,42308.052316687
7843,0,0,304.482793486526,52543.8282903445
7844,0,0,778.819743345405,31986.5712070235
7845,0,1,1464.39479015493,13968.5080055771
7846,0,0,221.47998570854,37782.9970839142
7847,0,0,592.045181611353,39064.9944802069
7848,0,0,1010.61245522492,34055.5715925025
7849,0,0,1194.45646352906,49316.997758463
7850,0,0,844.312566858413,52237.7254846561
7851,0,1,179.503977524428,19020.2959614411
7852,0,0,355.930112598892,32120.3172410798
7853,0,1,1776.72897362065,21280.8766053933
7854,0,0,27.3018826937545,25050.827087992
7855,0,1,631.019886409912,20753.5181088166
7856,0,0,187.977684707438,49989.3074311213
7857,0,1,1511.43409836329,11793.1617767047
7858,0,0,1008.4782314807,22094.7480844483
7859,0,0,820.493047331981,43829.6950758027
7860,0,0,112.033309975347,40057.0774440998
7861,0,1,1675.6587643261,20773.1332965924
7862,0,1,592.893197700486,14833.2896677549
7863,0,0,492.39892684554,36004.3787656855
7864,0,0,364.746192677667,46096.1601457535
7865,0,0,1025.32734772888,44194.5137131782
7866,0,0,612.657277408041,38635.3644372859
7867,0,0,1456.63098450781,38676.5456644415
7868,0,1,1762.59824620553,13099.5888853227
7869,0,1,180.095142403637,27351.4288203371
7870,1,1,1721.97302703925,15179.7493287096
7871,0,0,0.0,30822.4541864889
7872,0,0,1029.78686137898,69547.4369460224
7873,0,0,268.443287008072,55294.951103076
7874,0,0,1711.43208391271,39019.6896454184
7875,0,0,0.0,36886.9862572698
7876,0,1,1295.81806531379,22241.7034671194
7877,0,0,1722.12591993846,21623.0364539985
7878,0,1,560.381753116869,23546.3963352204
7879,0,0,676.572023475436,41328.4276238236
7880,0,0,518.93699412848,28231.0120735046
7881,0,0,626.404687195669,18130.3220987571
7882,0,0,524.380176840498,38020.6399233985
7883,0,0,0.0,33932.8527518264
7884,0,0,517.499185500046,60790.9083158423
7885,0,0,563.369693580381,22083.9085966863
7886,0,0,865.886543679468,59740.7325304861
7887,0,1,618.119217335141,24698.8272377675
7888,0,0,1428.8128296682,41417.0536914817
7889,0,0,1195.62870012121,34701.8024887857
7890,0,0,218.014100689461,29211.398463684
7891,0,0,1434.13804791172,38038.603891165
7892,0,0,506.267392227236,48843.0018072784
7893,0,0,1322.36785444532,34622.6862457067
7894,0,0,584.818827844496,49317.834846331
7895,0,0,815.072837026634,35017.8533639567
7896,0,0,0.0,50956.6756053099
7897,0,1,489.927554476048,21445.530043268802
7898,0,0,644.889830109049,42211.359801212
7899,0,0,1151.20364449995,36468.7244958993
7900,0,0,1440.43396156724,27532.6535733937
7901,0,1,858.215383079938,12588.1081220329
7902,0,0,0.0,29021.7452781286
7903,0,0,0.0,54053.903924382
7904,1,1,1402.20572671052,15964.209182195
7905,0,1,1171.72471207819,23505.1976209285
7906,0,0,662.302632070321,44664.005908681
7907,0,1,1142.73479164867,12893.9590863901
7908,0,0,785.430997498406,37465.3600970997
7909,0,0,705.548610503538,32899.6067177724
7910,0,1,1713.31247126828,17432.273589003
7911,0,0,861.642116047731,38982.3915157175
7912,0,0,398.427319929336,37094.5678677175
7913,0,1,703.685970450978,16617.5700884556
7914,0,0,366.260111383431,52360.9128805627
7915,0,0,1054.11596306879,41781.7285800242
7916,0,0,189.732742353512,53266.3383188017
7917,0,0,944.204246156795,41883.4142988308
7918,0,0,0.0,36969.1717526428
7919,0,0,499.913435722247,28352.553392115
7920,0,0,866.31097695602,59647.4402882697
7921,0,0,761.988490630495,39172.9452351635
7922,0,0,1150.99981758188,50099.2936231522
7923,0,0,53.4370529548791,51027.0683584043
7924,0,0,319.767426854797,36057.4011097469
7925,0,0,0.0,35116.5909600077
7926,0,0,222.105456229842,41217.3493585232
7927,0,1,1336.99863968121,21309.2510819392
7928,0,1,1397.50486310496,26604.5570945361
7929,0,0,794.584066954045,37520.2533303121
7930,0,1,883.157341326025,18213.0759618371
7931,0,0,1168.1673080252,17198.9835593493
7932,0,0,257.447025110164,38275.9533677335
7933,0,1,1273.48851311202,17105.8670470047
7934,0,1,1934.51114219071,17084.0485771909
7935,0,1,1704.01419282431,17986.763579088
7936,0,1,220.891418767172,25667.8659407236
7937,0,0,323.305124093072,51306.2686232584
7938,0,0,969.404142604547,31476.5166150492
7939,0,0,385.185120450238,50316.8015163965
7940,0,0,995.40840887124,40907.4969532705
7941,0,0,758.392131608197,40751.4074796686
7942,0,1,652.867587670393,23515.1313179575
7943,0,1,903.176837327324,15810.5741940783
7944,0,0,533.429586263045,24857.9065324464
7945,0,1,1151.8563083628,23250.384513708
7946,0,0,1271.32854424032,43878.8133733465
7947,0,0,136.118440276157,44757.6928027109
7948,0,1,1171.95044240375,15850.7772560772
7949,0,0,512.660945594457,49989.5995789838
7950,0,0,172.157592295484,28370.8659088461
7951,0,0,1256.22265846487,42125.9373293964
7952,0,0,835.837183227152,57505.9653004256
7953,0,0,1026.63361568077,61064.387576955
7954,0,1,1144.27482876515,16002.3554700591
7955,0,1,682.954298780229,15728.0479104477
7956,0,0,797.672816440293,45377.7233416885
7957,0,0,97.3269353362984,62335.1968533621
7958,0,1,1436.32931848388,7761.31894307371
7959,0,1,1325.62492559899,15880.4471490977
7960,0,0,1462.69493022106,50508.7464409683
7961,0,0,191.913012578999,55659.4732930998
7962,0,0,854.884279854546,44173.8277325457
7963,0,0,864.343796306282,34598.4343942246
7964,0,0,476.567195634252,46953.4182817587
7965,0,0,1155.68038885258,50955.106534611
7966,0,0,1127.7001931467,32068.1465386873
7967,0,0,0.0,62192.9956472796
7968,0,0,312.916985128483,31328.0435013797
7969,0,1,467.894660421884,16371.6977475364
7970,0,1,1055.5977732137,16810.5595800265
7971,0,1,989.235474989736,13609.631284009
7972,0,0,245.706723701819,40462.5538115373
7973,0,0,585.752613204564,43627.3279236821
7974,0,0,610.854306313866,39175.0805291355
7975,0,0,258.036510671323,40138.8417326327
7976,0,0,1092.99815937251,37351.3396590004
7977,0,0,1387.87328681611,27145.7032793198
7978,0,0,833.084193233188,49704.5119584713
7979,0,0,1184.87086972762,41802.944332633
7980,0,1,916.794393751044,17152.1579637038
7981,0,1,1427.33757806663,22909.430467279
7982,0,1,1413.27442745588,19064.6221920762
7983,0,1,1592.54963490252,18024.2817202795
7984,0,0,0.0,26941.7977424553
7985,0,0,1050.20409704365,34803.5337637529
7986,0,0,1511.17770618892,35899.2558430201
7987,0,0,894.681739327321,37232.293745958
7988,0,1,781.613729542007,12195.9699546127
7989,0,0,0.0,43311.6406962292
7990,0,0,1094.88661521625,38342.7150053159
7991,0,0,0.0,59266.9608687075
7992,0,1,875.670060915038,18687.0451725028
7993,0,0,81.9180917096781,40936.906439517
7994,0,0,371.181858124563,34679.9607338813
7995,0,1,1438.05549698093,19200.5018262535
7996,0,0,674.598956464598,67278.9484413768
7997,0,0,1097.7625478144,42228.9704754292
7998,0,0,593.060286904382,47787.5959226367
7999,0,0,1167.10118913466,35952.1936607057
8000,0,0,1114.82692589599,33729.3898552217
8001,0,0,304.146597789836,23866.9358580165
8002,0,0,353.63113130111,40686.7601478226
8003,0,0,1269.42033524182,39010.1481869141
8004,0,1,397.54248845196,22710.865740132
8005,0,0,607.166270936521,49547.4658155602
8006,0,0,1667.48036480454,47991.5850452852
8007,0,0,956.311350604851,42971.9011126689
8008,0,0,668.398028637799,38637.4338847191
8009,0,0,290.679874013809,37603.9721703407
8010,0,1,826.727455791862,18776.3012421981
8011,0,0,1102.11145915496,48079.1253033663
8012,0,0,348.658867896976,36519.0901860126
8013,0,1,991.232829247187,8926.79945193299
8014,0,0,1224.23578236206,32751.6969190413
8015,0,0,146.365856827095,44666.9323010869
8016,0,1,697.135579980936,18377.1497139721
8017,0,0,956.446909552778,40740.32911179
8018,0,1,1184.90943155282,13276.2211162249
8019,0,0,1702.23668300414,36530.473621436
8020,0,0,0.0,36850.9711754767
8021,0,0,965.459761747827,25045.7255420054
8022,0,0,331.164338742848,25922.4167354017
8023,0,0,1307.0936686724,35425.6099922774
8024,0,0,1637.03755674049,45027.538161563
8025,0,1,1091.93210326853,11703.3805642245
8026,0,1,1499.19013015969,17560.3718351051
8027,0,1,770.290543708965,22114.7182592627
8028,0,1,1147.35490966558,19188.9082733679
8029,0,0,1037.27416271053,28437.7724528546
8030,0,0,626.973938404489,50447.7741503172
8031,0,0,847.720792941678,55260.3498094267
8032,0,1,1199.59268578389,16454.7498420059
8033,0,0,1288.28509541536,54666.3774464645
8034,0,0,675.225387145285,33700.2126144862
8035,0,0,541.44096207966,32502.696838809
8036,0,1,1165.00739121577,18389.0790407725
8037,0,0,1042.79193502536,26141.0059458738
8038,0,0,989.217092749213,42813.3751100459
8039,0,0,586.602608270933,27798.168323773
8040,0,0,931.591055383966,33302.2400195419
8041,0,1,978.53856684773,16514.3249498653
8042,0,0,958.936828886891,47468.6697094555
8043,0,0,384.532041382923,36019.4103983882
8044,0,0,645.075136365722,43244.5237618794
8045,0,0,424.760272309022,29502.4035832783
8046,0,0,612.551875753765,33036.2413164311
8047,0,0,1381.44222217693,47470.0187655353
8048,0,0,0.0,45560.9128917674
8049,0,0,1096.02610874364,23954.2179245426
8050,0,0,945.685449516157,38714.5182938666
8051,0,0,722.768006648192,20962.1064483563
8052,0,1,887.880819486513,20563.1471269037
8053,0,1,1049.95328779118,19724.8326135229
8054,0,0,728.041685121267,29188.9427360121
8055,0,0,1114.90403246295,40084.0014692392
8056,0,1,1451.30354178895,14185.1379196465
8057,0,1,629.213189509353,16007.6929485013
8058,0,0,630.230741457688,49059.2627644256
8059,0,1,1372.97803245666,10776.4442846822
8060,0,1,746.8638361087,13904.4276434158
8061,0,1,1400.54583563652,16519.0832437926
8062,0,0,971.351435115769,46533.8564831326
8063,0,0,637.082386355173,49097.9006748914
8064,0,0,1778.42910924858,34591.2382681188
8065,0,1,678.205083642296,12787.0905671846
8066,0,0,1094.77298187377,46617.8825725774
8067,0,1,879.852004959113,23996.7401964864
8068,0,0,1449.32434566806,38720.3815836494
8069,0,0,322.00162519978,43774.4421094367
8070,0,0,1430.57687000072,44104.958915554
8071,0,1,1199.3855860032,18884.1274708906
8072,0,0,168.367517347414,47684.5262213005
8073,0,1,1143.3982045504,15997.1711895632
8074,0,0,416.906490149379,38104.7732254315
8075,0,0,1352.61366887416,42194.3866996432
8076,0,0,1431.74197311519,37793.2873225101
8077,0,0,481.305040751321,35747.7451040985
8078,0,0,774.07317655792,46082.0432177328
8079,0,0,0.0,34749.7935898833
8080,0,1,1186.8910018627,14256.7295542742
8081,0,1,978.359335975961,16679.8939738249
8082,0,0,1409.11216032402,30626.2239874825
8083,0,0,1491.47928224385,54835.7700509163
8084,0,1,1228.48496561983,18937.2069449314
8085,0,0,1553.47898510567,44425.890616496
8086,0,0,1200.04162184687,56081.0802320514
8087,0,0,984.860839214177,45435.4971157382
8088,0,0,558.320540180268,38014.7600990968
8089,0,1,778.853871913262,16007.4569754173
8090,0,0,163.353170816825,45183.1451245658
8091,0,1,574.818229191727,16479.5388337621
8092,0,0,1149.93685609785,39231.6504810631
8093,0,0,774.538074064039,22691.8824439653
8094,0,0,866.77249963428,30400.5605118558
8095,0,0,325.859608024347,36682.2825686062
8096,0,1,879.627008263597,14898.3114661047
8097,0,0,160.503060783119,19132.6948604592
8098,0,0,905.719002527263,38210.7337742895
8099,0,1,649.931060017559,13475.0195145781
8100,0,0,196.912925664955,35737.6036276591
8101,0,0,488.566318858869,25407.2159165707
8102,0,0,449.274316089441,13124.5631922753
8103,0,0,824.802432209204,40957.5222660037
8104,0,1,600.602171819776,18630.3791308477
8105,0,0,912.065530843446,62142.0610606174
8106,0,0,619.139261665316,41281.9809640348
8107,0,0,225.364695124737,60275.8833588615
8108,0,0,369.430953350466,63536.7751705255
8109,0,0,745.666146610357,54891.4339618085
8110,0,1,782.352280928641,22692.6699880664
8111,0,1,1051.24716182541,23200.9709928678
8112,0,1,613.601284003546,9506.46030537806
8113,0,0,863.618400665701,30397.1872633216
8114,0,0,943.086028421648,29622.6077434668
8115,0,1,1102.63126154414,10671.9235752487
8116,0,1,1175.13333149014,15444.9269201033
8117,0,0,491.449369823871,51484.2454891429
8118,0,1,1131.08556788632,21829.0823944909
8119,0,1,717.371845383156,16319.1169756244
8120,0,1,517.300565516776,17068.3388808094
8121,1,1,2038.54315996181,12181.9025843169
8122,0,0,868.494476319031,22176.2762497006
8123,0,0,111.416890994626,33328.2458835672
8124,0,1,1587.56439786646,13080.6887489065
8125,0,1,640.998430228532,21680.097686865
8126,0,1,1928.59211959304,17570.1950770633
8127,0,1,759.678794164083,18871.4017881629
8128,0,0,1306.35396408392,35652.7619798141
8129,0,0,908.174289735733,46791.0363559916
8130,0,0,871.67741216338,28182.1163024459
8131,0,0,0.0,38878.1745666487
8132,0,0,0.0,53302.2130321841
8133,0,1,947.52515456984,24073.0909458375
8134,0,0,222.880275629056,40849.9209013435
8135,0,0,1237.53437819225,30967.5887589273
8136,0,0,1318.71911205765,36822.9249600433
8137,0,1,1030.05211219445,9760.39956109942
8138,0,0,925.706239813761,62764.8842873843
8139,0,0,425.779790910006,42131.5359555793
8140,0,1,1901.65375505789,21323.1632661849
8141,1,0,1940.3716198907,41162.9336560564
8142,0,1,227.317231993119,24282.2285628356
8143,0,0,836.574229518365,51238.5809287878
8144,0,1,981.997998407384,20147.5118507633
8145,0,0,1186.79623136732,52689.2501384526
8146,0,1,315.978748024358,13186.1176938327
8147,0,1,768.447241174727,21497.5288874548
8148,0,1,969.909465338189,13962.3324283703
8149,0,0,1175.19147310582,50921.2562794577
8150,0,1,1684.27534110129,20344.1782031722
8151,0,0,1120.62319369578,48571.2600711802
8152,0,0,784.47005346805,52617.207089956
8153,0,0,604.980002579675,38885.3103196378
8154,0,0,517.97890146477,41755.3439780177
8155,0,0,270.264088797442,41978.0478846199
8156,0,0,825.600966046991,33986.6973244398
8157,0,0,623.517380541497,51677.3454162215
8158,0,0,529.50836052644,38328.6126282345
8159,0,1,1014.76966176827,12239.8838074693
8160,0,0,288.534653798734,44081.0348138192
8161,0,0,500.252723813449,17104.0542524537
8162,0,0,565.675982283623,37299.0792940605
8163,0,0,1005.33716823961,34297.8977552662
8164,0,0,852.393368457822,46320.8548881979
8165,0,0,613.150113768003,34286.112453527
8166,0,0,905.565725913232,52997.7310413533
8167,0,0,1086.18172881882,52507.5972870699
8168,0,0,1057.17812713189,35807.0248552157
8169,0,0,252.899460581593,27454.6189545124
8170,0,1,1401.28270335387,16683.053002069
8171,0,0,1529.13125892735,36572.025673579
8172,0,1,947.45371101013,21945.7930360235
8173,0,0,0.0,33917.5941246225
8174,0,1,1312.90720253481,15495.0265880782
8175,0,0,1269.2905749073,43581.1988403354
8176,0,1,20.2580938434144,21530.3315137875
8177,0,0,0.0,30818.5119478012
8178,0,0,35.3229997480004,53407.2696317298
8179,0,0,897.312690752822,31465.9647696668
8180,0,0,1043.55235783124,38393.6118953887
8181,0,0,1165.32396595771,33433.8289153912
8182,0,0,1299.47321012076,55165.4729773301
8183,0,0,675.776528968364,21758.0228077015
8184,0,1,1202.38503020908,20550.6377000893
8185,0,0,1190.15983100713,30746.3769711559
8186,0,1,535.010596224683,13909.3915908112
8187,0,0,194.193554789384,43150.5017266009
8188,0,0,430.620319374712,46182.6649755999
8189,0,0,1047.92709078908,59765.5996686006
8190,0,0,220.791699313197,26453.2892952264
8191,1,1,1493.96853901776,24126.029785681
8192,0,1,856.655399246758,15523.1029435473
8193,0,1,1635.50002360542,10596.5268944022
8194,0,0,666.613888740093,49215.0245344022
8195,1,0,1562.83791774789,49303.0094684327
8196,0,0,255.888371780844,48833.2287713087
8197,0,0,602.361701994454,53800.5472092154
8198,0,0,1599.31469461934,28825.4745687683
8199,0,0,150.949510815719,36923.5521943078
8200,0,0,1388.81659047311,35460.8012411955
8201,0,0,87.9486517918007,47924.6979109095
8202,0,1,1935.82770125723,17969.7985313908
8203,0,1,1289.3159628111,7677.89639750202
8204,0,0,871.987212227636,45496.9481609841
8205,0,0,1333.69998094297,44361.6208714046
8206,0,0,181.179344587581,37380.1443180605
8207,0,0,791.182225188319,48206.7317509839
8208,0,0,69.1770236537339,24556.0217815517
8209,0,0,940.894483512081,54839.1236462734
8210,0,1,346.215577878244,17866.5280381283
8211,0,0,214.846234952289,39629.2001796428
8212,0,1,676.831307875608,16998.651715396
8213,0,0,595.996994273606,37417.1378233549
8214,0,1,999.391696394236,23688.6489687945
8215,0,0,1447.04307363,22433.6367726481
8216,0,0,464.098477616815,44769.8648263186
8217,0,0,872.639907750559,29749.170678731
8218,0,0,381.704099186757,25011.1033931994
8219,0,1,866.49676067859,24262.6938973924
8220,0,1,1243.34410193846,23634.7485750949
8221,0,0,1184.30802110082,37600.0753409498
8222,0,1,757.407102750295,25309.77323254
8223,0,0,939.258489668573,56225.8207299037
8224,0,0,560.770233567651,61472.8586941427
8225,0,0,971.278833313912,26853.3009009738
8226,0,0,518.680792277914,30151.3304613229
8227,0,0,834.263678916677,28022.8368210328
8228,0,1,545.585579909597,19454.3257965573
8229,0,0,1057.35087177407,39651.1235077219
8230,0,1,720.516450875564,20222.9489909686
8231,0,0,1285.51797563904,37442.6425889869
8232,0,1,406.339769411729,30088.4425077181
8233,0,0,1023.89203173754,33392.7097834514
8234,0,0,356.244118146921,21319.0859608546
8235,0,0,657.088818826133,31724.628550037
8236,0,1,1168.54641431587,25802.276476676
8237,0,0,344.88224152182,26227.3292753007
8238,0,1,535.335989397997,24268.8284962212
8239,0,1,1222.96658709079,21373.3500951251
8240,0,1,663.60272809706,21436.5216376398
8241,0,1,591.537144690116,20961.4652602437
8242,0,1,941.718008883301,23362.9771743543
8243,0,0,434.544943739373,35620.0652976999
8244,1,0,1804.19050453848,23096.0843640886
8245,0,0,0.0,34227.947139365
8246,0,0,0.0,28356.2519409007
8247,0,0,586.470977472846,52203.8589273578
8248,0,0,707.436149189999,42407.7542299088
8249,0,0,1491.64058706789,61096.4921750445
8250,0,1,556.182234259285,21650.8299183564
8251,0,0,683.147541966249,44439.5287386403
8252,0,1,671.131730723303,11857.4776351158
8253,0,0,1020.19775584996,43592.8341359861
8254,0,1,1183.06770190887,13210.8776348588
8255,0,1,1127.53613107086,19322.9696557329
8256,0,0,1545.98280486837,32691.923825165
8257,0,0,1114.3977298144,44195.5445481969
8258,0,0,843.497244001001,41917.3197651029
8259,0,0,1047.67337025524,34413.195913002
8260,0,1,810.540945659107,17252.2542514057
8261,0,1,501.110562487268,26425.6980101532
8262,0,1,1031.63836091527,21432.1470526729
8263,0,0,360.21503149077,44082.1871282945
8264,0,0,1234.83167806921,40155.4514111613
8265,1,0,2236.76421456131,37113.8830697644
8266,0,0,750.840531468744,32034.7121252063
8267,0,0,231.968340323911,42465.9608187879
8268,0,0,1616.50019408523,41825.4039844617
8269,0,0,981.799329814042,49644.9187081981
8270,0,0,538.019925084371,27284.5108594155
8271,0,0,136.30734254125,48799.6549055703
8272,0,0,614.940983622696,30905.4798174339
8273,0,1,824.040741788241,11659.1932751953
8274,0,0,393.061267139273,44149.388311577
8275,0,1,759.397130569605,18693.1879014694
8276,0,1,1743.79883736231,17541.0028662016
8277,0,1,621.170106310102,17503.6899747361
8278,0,0,1360.54717336406,54705.1269778723
8279,0,0,253.521881501857,37506.2067343011
8280,0,0,1392.33267765748,48709.5292601184
8281,0,0,1508.25085941897,43525.0527725641
8282,0,1,1823.86706045805,19447.9665572513
8283,0,0,0.0,39423.5125227997
8284,0,0,728.673461012882,36557.2348355275
8285,0,0,1471.19873782547,56477.1308610148
8286,0,0,967.256762447017,32201.6340844054
8287,0,0,640.705982383149,38792.3571871444
8288,0,1,559.566410763485,15720.3824613912
8289,0,1,1258.1145331717,20010.576269278
8290,0,0,1126.88769620056,32770.5790184122
8291,0,0,1341.26314052854,46263.8850122051
8292,0,0,751.101930768505,50290.1441115538
8293,0,0,325.927636632493,57313.2824969146
8294,0,1,905.901945054863,20285.225128328
8295,0,0,699.604275562254,49035.2474604604
8296,0,0,996.445905646336,51393.7887153379
8297,0,1,1034.17021343129,23825.0285135993
8298,0,1,1464.63624150704,14763.5626843164
8299,0,0,280.724169013609,40382.5992622225
8300,0,0,725.867685728056,41792.6729233945
8301,0,1,1162.59092159726,15419.1105209588
8302,0,1,193.719762500207,18002.5476487279
8303,0,0,743.181827016539,50250.9190142536
8304,0,0,1403.83983418344,43225.0418957429
8305,0,0,460.139804417708,52708.5598496177
8306,0,0,1218.21988712888,36290.16200667
8307,0,0,903.98702015695,51705.2716003957
8308,0,1,1473.69593100509,19759.5018682478
8309,0,0,525.51568202225,50763.9840052728
8310,1,1,1874.82261243745,14957.8163342872
8311,0,0,700.622387844543,42023.8887828786
8312,0,1,1164.66696609579,23297.1578875709
8313,0,1,1803.76634928101,23201.8269824719
8314,0,1,451.711523066803,22483.0958101843
8315,0,0,1101.98446046957,36231.8538227436
8316,0,1,1343.77712401475,28198.0053534629
8317,0,0,606.435876464573,38897.0794077547
8318,0,0,0.0,45380.6567630618
8319,0,1,0.0,20963.3831145759
8320,0,0,1140.82015178858,36495.0553896058
8321,0,0,1597.64740187317,42515.0888693793
8322,0,1,521.841479256211,10316.3367412717
8323,0,1,837.521493456653,13215.7858131515
8324,0,0,390.310315291062,42322.246697405
8325,0,1,806.481972726929,22127.081787843
8326,0,0,890.266646268633,38376.0906470452
8327,0,1,237.383029626621,21376.6832351471
8328,0,1,808.396167027043,11804.0344760529
8329,0,0,694.390945705502,46128.8647070701
8330,0,0,492.253945454889,42143.1984404938
8331,0,1,460.595414827765,12939.009089927
8332,0,1,838.459954530528,19805.8752348908
8333,0,0,675.842504719531,38173.9257538527
8334,0,0,625.419874645032,47406.2407650345
8335,0,0,45.476281781757,27599.0723332858
8336,0,0,474.769235479092,30799.9493851589
8337,0,0,1024.82365673273,46113.6471170703
8338,0,0,696.107576993412,40325.38480824
8339,0,1,953.533658439997,25820.5874829041
8340,0,0,1143.85523050669,50690.2576998116
8341,0,1,683.441300405234,22595.4539568036
8342,0,0,644.604409116028,30276.5707302591
8343,1,1,2034.67471782133,17133.9659619013
8344,0,1,1345.49162351815,12235.3876699232
8345,0,1,1307.0870915147,18082.5548896088
8346,0,0,705.500524263981,52559.0312585916
8347,0,0,0.0,47725.5215295292
8348,0,0,501.169619687986,35664.8053896805
8349,0,0,991.520923604117,30775.5207643451
8350,0,1,956.692234248302,19594.5490428607
8351,0,0,353.649992387444,30726.2856927118
8352,0,0,838.924060067204,47864.4189213508
8353,0,1,353.652760924621,20531.4965369274
8354,0,1,751.24314018597,16475.0275586338
8355,0,0,991.158408318519,42767.6902792806
8356,0,1,1096.4896471406,17856.2650315939
8357,1,0,1655.77559694702,25639.7935387016
8358,0,0,0.0,35577.425283317
8359,0,1,485.653177783495,16099.9179399102
8360,0,0,850.46659371923,34367.6765291128
8361,0,1,0.0,17695.8401686948
8362,0,1,766.635537082227,21718.8136181928
8363,0,0,309.179162515638,31232.0708902559
8364,0,0,244.662374521966,29275.1154190929
8365,1,1,1013.21688638161,19651.2617936432
8366,0,0,357.592156699681,48565.0177083165
8367,0,1,1908.24200791737,17642.6266276482
8368,0,0,1449.13570769994,40495.4721803857
8369,0,0,464.416301196769,38236.740022089
8370,0,0,1491.70754528024,40637.4479829065
8371,0,0,256.894186847109,39019.8757441999
8372,0,0,0.0,35025.971394615
8373,0,0,0.0,23910.1396582202
8374,0,0,817.62108910332,43705.822710524
8375,0,1,888.306320762449,22901.6339371219
8376,0,0,1240.75460457603,51511.2975985727
8377,0,0,828.644161650737,10948.504497517
8378,0,1,959.854227591363,18481.7526600941
8379,0,0,1281.44884880956,48837.3787603345
8380,0,1,1577.67543060735,11951.4786137936
8381,0,1,1444.11426844796,21441.0121279952
8382,0,1,647.67028792914,13618.3477949365
8383,0,0,720.164918693872,43654.2303440958
8384,0,0,64.1547933628274,47969.0051087278
8385,0,1,546.028664099577,21615.2690793227
8386,0,1,1102.12727684037,14009.9429940502
8387,0,0,1294.52356958021,28001.0490731826
8388,0,0,341.322290452252,33808.3361791773
8389,0,0,399.390381379441,17348.7842322496
8390,0,0,710.394633535281,31483.3472045776
8391,0,0,1467.57338371778,26697.7858985393
8392,0,1,282.831518827633,13371.0550210889
8393,0,0,544.22518162658,46149.5102207516
8394,0,0,1585.86037254851,42709.4918931997
8395,0,0,0.0,28784.4692369344
8396,0,0,1033.42627176237,43594.7623211524
8397,0,0,1131.0536460322,38834.2362457054
8398,0,0,544.287295321034,24477.4719149196
8399,0,0,1116.72035656284,33716.1775223315
8400,1,0,2155.28898610335,34787.2526819072
8401,0,0,732.056646560392,39433.480636045
8402,0,0,591.636269770793,33852.3096699305
8403,0,0,0.0,63251.307626935
8404,0,0,453.849958087348,27865.2847981077
8405,0,0,170.070917002393,27005.577118545
8406,0,0,916.729177155088,37212.8085297821
8407,0,0,611.337290220736,38389.2825323233
8408,0,0,258.629672515951,33327.9377775435
8409,0,1,357.595665269024,18141.0028164558
8410,0,0,813.173887123882,49274.3828394647
8411,1,0,1743.06470981776,22308.1257490575
8412,0,0,801.8027115159,46182.2570982408
8413,0,0,674.736614723597,26060.4860985103
8414,0,0,430.490648307719,39921.1369084698
8415,0,0,1352.99553198551,34089.0331773621
8416,0,1,1040.88021196312,19427.8142430555
8417,0,0,1305.77469775411,34412.1163739669
8418,0,0,1294.76170642516,37712.3868971498
8419,0,1,583.295482029806,23694.3673679543
8420,0,1,1409.2991781164,21508.5015068054
8421,0,0,886.216628786158,40486.8594433597
8422,0,0,515.619799710375,39638.6396270428
8423,0,0,1866.30465255815,58710.8876485058
8424,0,0,657.705720718074,41224.796878451
8425,0,0,270.224332861831,49128.0371444138
8426,0,0,953.391788924619,20749.338158676
8427,0,0,630.220778875386,24919.1838767955
8428,1,1,2024.66016984007,9663.7881589584
8429,0,1,497.056988344805,23119.1350274858
8430,0,0,48.7255629593074,37957.9021382577
8431,0,0,440.024542832313,49358.4257857337
8432,0,0,1217.9486598006,43996.0139956854
8433,0,1,1203.98225964262,21524.3184206079
8434,0,1,1493.87356174053,15626.6594167928
8435,0,0,0.0,48025.6168546343
8436,0,0,1204.95434803363,47167.9384961006
8437,0,0,945.669717469501,39928.2438966954
8438,0,1,807.595571807103,16926.3733350783
8439,0,0,514.381527331563,20632.2681224494
8440,0,0,1493.3574345851,51510.1480660086
8441,0,0,738.221429789568,25184.4673054809
8442,0,1,451.912461468809,22316.2613245871
8443,0,0,997.027882271093,35591.3872732176
8444,0,0,1082.07439363355,30627.4616912528
8445,0,1,1001.34888620141,19314.9223285454
8446,0,0,1058.62751384413,49380.0784348945
8447,0,0,245.346492518079,42703.0186661608
8448,0,0,579.381824881827,32296.2634047503
8449,0,0,1180.93571396495,35352.1517992282
8450,0,0,969.083028484441,45192.338963931
8451,0,0,0.0,44561.3254511423
8452,0,1,714.175499668215,19995.8563982326
8453,0,0,0.0,36379.5188526604
8454,0,1,100.850759138746,17315.1301918905
8455,0,0,1856.53087551348,33498.8345204156
8456,0,0,620.45730931752,41059.0965018735
8457,1,0,1815.79252000645,31632.5838611298
8458,0,0,1508.14501433938,31101.0812174785
8459,0,0,1170.91697571401,38712.4200991916
8460,1,0,2063.57193445013,37372.7584928128
8461,0,1,284.841577198801,20477.837227372
8462,0,0,878.446109878266,29561.7830760682
8463,1,1,1740.76830587971,18161.2440790232
8464,1,0,1994.39506620032,44794.3375042287
8465,0,0,1290.17921206669,42813.9751708509
8466,0,0,441.336983219759,55970.9233586643
8467,0,1,1790.41372522762,22953.4310754148
8468,0,0,821.250479687843,68721.9744687401
8469,0,0,341.040378604856,40255.4675973271
8470,0,0,216.961691805064,31742.9944511373
8471,0,0,48.237989993603,37536.3614328607
8472,0,0,501.360657821035,49897.300730356
8473,0,0,267.416624954797,24154.5097950921
8474,0,0,623.618428429323,54008.1958257333
8475,0,0,752.739378189562,38671.7859860491
8476,0,0,0.0,38665.8702365133
8477,0,0,413.114594729777,63793.5576339872
8478,0,0,895.439223193743,26138.1012162754
8479,0,1,127.663375125104,13942.2441190944
8480,1,0,1361.73579057917,50322.3553201379
8481,0,0,592.61151762149,55124.8644992905
8482,0,1,947.850996952402,22047.9205558962
8483,0,0,784.171574845198,47322.6891083565
8484,0,0,952.311152143375,21990.091473372
8485,0,0,448.263531441352,26350.871022339
8486,0,0,316.124008088575,37322.9315631556
8487,0,1,1246.11719840855,9846.70264448697
8488,0,0,680.706468644221,42316.4031121769
8489,0,0,1208.30437571946,38461.046535032
8490,1,0,1292.43021067816,50990.5771675202
8491,0,0,663.610198685482,48089.520547403
8492,0,0,435.592200214182,38830.5180173373
8493,0,0,579.193281037697,36181.8127643826
8494,0,1,819.031064689631,22092.7223037395
8495,0,0,603.020399834637,51229.7884696056
8496,1,1,2654.32257628018,21930.3888786977
8497,0,1,0.0,23274.9761587336
8498,0,1,1487.04354464177,21412.351551410102
8499,0,0,1466.77219186984,46875.0835420013
8500,0,0,1168.48856680019,40615.5666922786
8501,0,1,592.296945792534,19744.9783929468
8502,0,1,1255.97389096593,21757.6763903522
8503,0,0,389.792381033256,53685.4731538121
8504,0,0,604.304327008842,38758.5455337611
8505,0,0,940.392399703689,33874.8145278686
8506,0,0,329.518976607022,38150.6349302135
8507,0,0,1465.02703244963,18600.2135039367
8508,0,1,1817.2800718791,20751.4324171627
8509,0,1,1055.06379764618,16174.2063787242
8510,0,1,536.010217846913,23587.4940781989
8511,0,0,817.474328116272,41994.9253402325
8512,0,0,1244.56356571126,36157.8184658576
8513,0,0,983.127571332576,19985.6014307873
8514,0,0,644.80025533007,32298.3085674303
8515,0,0,896.981467925665,35755.7484517946
8516,0,0,527.271574424434,41573.9819083321
8517,0,0,0.0,51122.5156157188
8518,0,1,1427.94053080774,12666.2607692499
8519,0,1,1262.48076570285,15636.257361759
8520,0,0,1283.27848260298,46335.8360623501
8521,0,0,489.51991369456,22750.6921764142
8522,0,0,887.201436107651,41641.4535720122
8523,0,0,328.013011130291,38500.3995970506
8524,0,1,1521.49494912153,18018.9043408893
8525,0,0,326.038112595005,25498.0135270893
8526,0,0,1816.9735015648,29897.1818126619
8527,0,0,1534.00700450546,35566.2670692778
8528,0,1,1657.11385858027,10852.2931297992
8529,0,0,1270.45697586939,36092.5870995612
8530,0,0,560.514619197811,25254.0416554865
8531,0,0,0.0,28490.7714643949
8532,0,0,697.932758212991,35706.6613545056
8533,0,0,1420.50748026313,37437.7379047098
8534,0,0,695.669009847766,36977.6401878796
8535,0,1,212.821368527708,24515.975465054
8536,0,1,929.411129986556,23236.7517512912
8537,0,0,1676.11479875846,25317.1713937274
8538,0,0,571.95994177744,24932.0059234332
8539,0,0,355.016331184177,36327.8770094895
8540,0,1,1315.42144462588,21650.4151619057
8541,0,1,1006.99410894368,17834.0641906451
8542,0,0,332.674169599933,22938.5931481232
8543,1,0,1622.4990392531,39228.5414258989
8544,0,0,0.0,26394.5453626774
8545,0,0,1131.60205423585,19893.7723062071
8546,0,0,0.0,44981.1502895159
8547,0,0,1493.74224806876,32742.8582115942
8548,0,0,47.4234792771126,29567.857431916
8549,0,0,153.712633619584,54331.5297705246
8550,0,0,458.997386968815,21165.866479197
8551,0,1,1260.82817647004,22372.287502262
8552,0,1,1080.47766220473,18741.3168628508
8553,0,0,1814.10564871295,32977.9086247261
8554,0,1,1739.83781216117,21593.0128492377
8555,0,0,0.0,50496.4737233152
8556,0,0,983.49067918184,20828.5306523572
8557,0,0,0.0,28176.1188629536
8558,0,1,138.906309174776,13005.8951509307
8559,0,0,870.347965939695,42397.0998165846
8560,0,1,584.486401116586,14017.390549426
8561,0,1,1508.70177606081,25338.2646859801
8562,0,1,1282.4749516367,25304.5864378798
8563,0,0,521.736727978672,28401.4974561068
8564,0,0,1150.67771161837,38342.2890564804
8565,0,1,1010.8485909517,16428.7545549193
8566,0,1,1746.297371909,24536.5538729104
8567,0,0,1382.26899258444,19023.9962118209
8568,0,0,499.81860194085,31335.9607609843
8569,0,0,339.676804208343,43308.9658975729
8570,0,0,253.630102218173,50236.5051828946
8571,0,0,690.18573126338,32761.2272146714
8572,0,0,743.05255342823,33556.0164881628
8573,0,0,736.49552163315,49119.3478190345
8574,0,1,584.518096158551,19624.5886598667
8575,1,1,1276.68508261978,19282.4359237479
8576,0,0,399.877160707317,47291.0158892892
8577,0,0,182.238720004123,45937.9768756614
8578,0,0,743.666169687605,37542.580339016
8579,0,0,731.101627213472,26655.4147068459
8580,0,0,615.726657355145,38687.1152204681
8581,0,0,499.149148884078,56343.6104353604
8582,0,0,785.033516931214,45598.9153979292
8583,0,1,969.25234104125,16864.04348854
8584,0,0,841.490063864523,43371.9244400237
8585,0,0,181.171482584217,35175.9035445688
8586,0,0,811.596366615228,38323.7238673523
8587,0,0,1625.63987632473,65026.7389252459
8588,0,0,962.223837965554,43974.0568690248
8589,0,0,617.025054245826,33369.0893641112
8590,0,1,478.923674934818,19730.1851629865
8591,0,0,1017.74972070304,30227.8632254641
8592,0,0,708.500161609795,35086.9049249202
8593,0,0,423.407947289886,40844.341509687
8594,0,0,0.0,29775.1588729275
8595,0,1,935.693635042885,25362.3218840663
8596,0,0,0.0,51719.3748711348
8597,0,1,1757.84545885824,17426.5197120224
8598,0,0,733.5453865337,30638.2161878522
8599,0,1,1050.4093860366,16746.0628214842
8600,0,0,25.8003766684074,44091.6879108659
8601,0,0,646.081240203632,36686.9594469988
8602,0,0,695.471767186167,25544.8920404562
8603,0,0,536.517494230315,28629.4636706793
8604,0,0,542.277143335524,52447.2193378772
8605,0,0,811.769946136173,46076.3022364222
8606,0,1,911.760824480021,21082.552794827
8607,0,0,621.303498905369,50474.9790084357
8608,0,0,549.393127695549,39131.4948805194
8609,0,0,929.297154195484,42503.4097188356
8610,0,0,154.663920437735,44714.3716756576
8611,0,0,36.2350412345537,49075.9815581156
8612,0,0,718.595253590074,39157.7899326726
8613,0,0,379.100360643883,31350.9286329779
8614,0,0,904.335711193637,30890.7455498569
8615,0,0,1028.9643423919,18701.4095944643
8616,0,0,343.493829781313,67930.3436152597
8617,0,0,375.799319174309,21297.5846156923
8618,0,1,502.261086940031,13572.748909077
8619,0,1,1231.55882465423,15727.6696283886
8620,0,0,456.871512841705,54894.1644540351
8621,0,1,1112.12991899494,22709.4334546068
8622,0,0,1063.71286098607,36475.0979894526
8623,0,1,895.823244916991,19825.6298997184
8624,0,0,1407.09214245668,43677.9764174712
8625,0,0,418.498344050517,29856.471677401
8626,0,0,684.906297215159,14756.9983525477
8627,0,0,650.04611001589,46137.9329673965
8628,0,0,495.421154240143,26740.7690090815
8629,0,0,698.905129961078,27001.5538993091
8630,0,0,847.772967201651,42193.5975640784
8631,0,0,1185.15973428524,35793.3485205462
8632,0,0,1315.609131464,54833.0555196067
8633,0,0,0.0,32809.33478523
8634,0,0,629.087770988305,32296.9316451164
8635,0,0,326.670018453137,50562.490333996
8636,0,0,0.0,35775.3169310198
8637,0,0,949.282372434898,26960.7427591372
8638,0,0,1077.73308347226,50334.8541187514
8639,0,0,1256.18672994804,31706.1785617478
8640,0,0,1356.72983609052,37664.0373894486
8641,0,0,564.128292140862,37695.7753708913
8642,0,0,793.970969480621,41931.585345531
8643,0,1,412.38863617453,9892.1275493933
8644,0,1,810.668587280614,19925.7437697108
8645,0,1,1273.83577633192,15593.6416810446
8646,0,0,1386.66847806246,56325.4493583427
8647,0,1,574.673144256393,22814.3464399735
8648,0,1,1614.14163797243,11334.2924739846
8649,0,0,0.0,45642.7619356525
8650,0,0,949.996706817807,32676.2307500825
8651,0,1,618.756752341743,18297.32777053
8652,0,0,1408.17611903653,47496.1643104349
8653,0,0,465.919878364342,41133.9485633097
8654,0,0,952.927819302996,44894.4429254272
8655,0,1,17.6095775951026,13739.7546026196
8656,0,1,989.884597421334,23416.5004655853
8657,0,1,1817.17117640168,24601.0374851681
8658,0,0,746.836510472921,41294.4522465601
8659,0,0,549.064929534269,58539.4142705507
8660,0,1,993.049538227269,20538.5457418213
8661,0,1,1447.4181082241,16658.4240877414
8662,0,1,598.218194371973,19794.5764098749
8663,0,1,79.9899964022964,14390.8131164385
8664,0,0,641.254587415806,31306.5348373144
8665,0,1,562.837698264136,25068.0464477888
8666,0,1,448.243210690723,23540.8910274387
8667,0,1,1134.69657246643,20068.0185456426
8668,0,0,1649.21160693666,42148.7438795367
8669,0,1,817.676646707752,22339.8854145466
8670,0,1,948.151302609926,18107.3571528727
8671,0,1,1180.01808623234,19871.2067440711
8672,0,0,761.187658836634,54681.8283898568
8673,0,0,420.495831855675,58264.2058168669
8674,0,1,1841.40853381387,18000.7046803395
8675,0,0,102.721441131554,13719.3568745031
8676,0,0,265.592845889327,24833.3415942315
8677,0,0,1558.86107533,45255.9671130598
8678,0,1,220.659533399654,20148.579758496
8679,0,0,325.870131459589,35015.2689694775
8680,0,0,1272.47738589833,42671.3185857912
8681,0,0,906.231097084323,46715.2346835251
8682,0,0,1070.8100481704,35979.4701445553
8683,0,1,0.0,15572.0212631124
8684,0,0,722.133486767882,22669.2398040671
8685,0,0,1453.29287212606,43370.7578850905
8686,0,0,1207.2878520836,33671.4595004888
8687,0,0,1118.2199230073,32632.9130726688
8688,0,0,1281.92157268812,56778.4153893201
8689,0,1,878.99839355235,12054.8590388342
8690,0,0,735.103337670525,51403.7159698485
8691,0,0,914.341082341985,43460.1663790825
8692,0,0,4.15111164507675,22722.2220379253
8693,0,0,1063.59232923721,38057.3335707839
8694,0,0,331.842827689507,37264.6948218815
8695,0,0,838.578904753818,43501.2575307341
8696,0,0,418.299642765706,49670.0219815299
8697,0,0,538.942731686187,23289.2804604069
8698,0,1,2133.74548094099,19675.5075861462
8699,0,0,1651.32255274412,34024.6636828513
8700,0,1,1152.97327187599,13036.066709153
8701,0,1,1065.25635541796,16658.9472446304
8702,0,0,486.652639922064,30838.6296970339
8703,0,1,770.826666509718,18896.728996789
8704,0,0,1202.46348882286,42818.643107349
8705,0,0,323.800101436117,34576.4920335218
8706,1,0,2062.87062844915,30839.1806730601
8707,0,0,1058.28433162141,39314.5134702092
8708,0,0,796.025053310521,38443.8964134579
8709,0,1,1379.7700166326,15509.4093982645
8710,0,0,1201.33248910429,23969.451819827
8711,0,0,1114.11600743863,40359.9672061568
8712,0,0,821.607102285366,50689.1932164428
8713,0,0,1079.96576515198,43215.8058047755
8714,0,1,662.99536303253,12008.3357418696
8715,0,1,1343.70154908718,27168.4082179624
8716,0,1,553.455736792548,21358.4206646296
8717,0,0,472.95405502977,63759.787033535
8718,0,1,1806.55167228603,17648.1976000877
8719,0,1,855.226995923741,15348.706660703
8720,0,1,790.55432859871,20568.8272424665
8721,0,0,1380.14403201419,48087.825053096
8722,0,0,1522.53080154875,30765.5637963114
8723,0,1,967.349047281039,14725.1409118617
8724,0,1,886.221140404152,12796.0589938102
8725,1,0,1323.62814220734,18820.7949690602
8726,0,0,1351.32542269802,46663.3922059485
8727,0,0,294.01879031285,59128.5034044913
8728,0,0,1756.05071636762,52497.5856036505
8729,0,0,439.496364012162,46784.9448129273
8730,0,0,725.783291904659,35503.6442079734
8731,0,0,1049.94676843874,43172.3271897794
8732,0,0,1138.62885942419,36978.4593789248
8733,0,0,568.224254556574,39873.2428466328
8734,0,0,0.0,43160.324200842
8735,0,0,572.665857566113,42285.2852956932
8736,0,0,1270.3931781166,43032.2715865563
8737,0,0,1444.43210450128,19153.3427287451
8738,1,0,1926.59908212713,59224.4527589954
8739,0,0,101.993455724981,27909.6310390187
8740,0,0,547.174974932957,36969.0032256196
8741,0,0,907.633103990479,28577.0965501992
8742,0,0,282.889217701564,42132.0738127016
8743,0,1,811.965045172706,12853.1756072589
8744,0,1,1305.10445258064,20573.5538687731
8745,0,1,533.916542918411,21390.6866179289
8746,0,1,1420.59613950384,20197.8115347313
8747,0,0,89.3129240969443,39915.4535908417
8748,0,0,839.040920045442,36665.7014593259
8749,0,0,522.153457637949,40717.1625219394
8750,0,0,488.721126253655,46503.1661460333
8751,0,1,983.268502993471,24554.2715630512
8752,0,0,442.665900584842,43991.8123694379
8753,0,1,977.589372049767,17637.7341978841
8754,0,1,317.267999810113,17801.5372223518
8755,0,0,1033.75665823612,21837.2428327307
8756,0,0,629.320183234782,52089.633050086
8757,0,0,1328.33410346743,39877.6124571624
8758,0,1,1486.37729960117,19164.3503996305
8759,0,0,760.553293490479,19957.8391361009
8760,0,1,1204.24147023261,19302.90147641
8761,0,1,1367.78651452726,12449.27903567
8762,0,0,226.299225371107,34305.2560781236
8763,0,0,902.416395242313,37905.6314758056
8764,0,0,462.004289552744,33157.362197619
8765,0,0,1072.37936473568,19958.54399237
8766,0,0,424.048189994702,25081.8430061799
8767,0,0,846.131294772517,29812.0877039202
8768,0,1,951.58853631512,12163.1848463547
8769,0,0,1079.82329871977,44390.7160538532
8770,0,1,1395.66898658782,21374.5921195464
8771,0,0,828.889545195886,52560.9073519649
8772,0,0,829.884262065395,40749.7874334027
8773,0,0,1626.16941874389,32827.7028585804
8774,0,0,1057.63317363302,37229.8073120708
8775,0,0,729.225990859972,35633.5029167277
8776,0,1,154.875531554761,20685.4574218412
8777,0,0,1583.09610074499,15350.4560462833
8778,0,0,0.0,40766.6953402928
8779,0,0,528.569204946604,42249.3569999467
8780,0,0,809.104673981282,24820.5255893773
8781,0,1,132.104558748116,20065.7224788149
8782,0,1,2149.33681165387,15093.827527253
8783,0,0,497.725785169605,26591.113170886
8784,0,0,489.165560680407,26875.7237397547
8785,0,1,596.539256038559,9518.83233207234
8786,0,1,1883.06545604736,23989.8924556862
8787,0,1,748.059228265943,17362.8074609483
8788,0,0,1046.91812133871,42376.5021708491
8789,0,0,310.130223883325,37697.2201903282
8790,0,1,1065.52107615043,21129.2344637769
8791,0,1,1097.06748078784,20564.1257982162
8792,0,0,1154.85867839603,57640.9169618088
8793,1,0,2049.0298451449,52568.9088071494
8794,0,0,1398.65246735207,34194.082402249
8795,0,0,130.346822483144,53852.7550865079
8796,0,0,1400.16318688457,52343.4771775422
8797,0,0,0.0,51740.4215992711
8798,0,1,552.334239559569,21262.5663587934
8799,0,0,0.0,58233.0209605329
8800,0,0,246.636545293022,18953.6719373259
8801,0,0,0.0,38249.9823756967
8802,0,1,655.510126293905,15771.4924298363
8803,0,1,100.355432954223,13940.6026640981
8804,0,1,1103.00356549213,25385.6019398335
8805,0,1,928.233411504668,20932.6920591532
8806,0,0,509.317798586811,18221.1465584724
8807,0,1,420.257063909016,24703.9980491055
8808,0,0,307.730562590317,48123.5510489484
8809,0,0,733.076086748384,40056.1003653384
8810,0,0,851.56465993138,33211.1755013218
8811,0,0,1300.33718168884,47580.5438257052
8812,0,1,203.966127021897,16433.6742949771
8813,0,1,1557.52557142796,17132.312357933
8814,0,0,0.0,41359.8916092437
8815,0,0,1136.45503135114,47721.2737069071
8816,0,0,986.181543809417,34780.9543914093
8817,0,0,452.827107725657,62912.4443393412
8818,0,0,775.493559468193,46025.8708003111
8819,0,1,926.078163581303,17660.8072407267
8820,0,0,1074.99126730894,27834.7900360085
8821,0,0,844.465479105881,44518.3952707398
8822,0,0,391.558358025563,45822.5243565917
8823,0,1,1283.02855570716,15638.0065909407
8824,0,1,1343.24351654883,7032.06000893064
8825,0,1,1049.42003607627,15815.3439749117
8826,0,1,728.985838205655,17360.5229950271
8827,0,1,1203.10325643308,19967.863098697
8828,0,0,221.334856461026,31764.2029103441
8829,0,0,149.223218755774,36550.3334635728
8830,0,0,474.628374825755,28182.9755685504
8831,0,1,962.466536438663,14606.09005928
8832,0,0,1166.21318553677,36324.6788608865
8833,1,1,2207.59905386637,19780.7635185798
8834,0,1,1244.92351098596,24291.4079834424
8835,0,0,913.453599210553,52793.1802484307
8836,1,0,1315.55876543897,35456.6960512827
8837,0,0,80.7149257730499,37651.567826129
8838,0,1,745.221141236584,24689.5184815316
8839,0,0,1505.0940829015,43036.1211524722
8840,0,1,903.438811968713,13028.1508626045
8841,0,0,250.988820359623,33568.5315548661
8842,0,0,857.150742319288,34691.3221784725
8843,0,0,92.9756885589491,49608.5864392816
8844,0,0,1363.31037880418,35387.6989212415
8845,0,0,146.897152742157,41872.1725190737
8846,0,1,2014.4976475738,15728.93807223
8847,0,0,1112.46852397583,43201.5204912198
8848,0,1,237.163586366622,25219.9830590923
8849,0,0,1018.3667900265,47723.3267841424
8850,0,0,150.302385684606,39730.1650335798
8851,0,0,1074.12404031907,47517.8669242321
8852,0,0,0.0,30098.4215418434
8853,0,1,1205.94504053624,12950.8164299099
8854,0,1,713.246393380936,20549.8518999349
8855,0,0,1351.85296584555,40177.9589622299
8856,0,0,254.728057897548,53696.8322001959
8857,0,1,842.255987408821,23310.2288610289
8858,0,0,390.980823542815,47083.4314972952
8859,0,1,639.468303620749,12323.3498411587
8860,0,1,514.334987256277,27443.9752498741
8861,0,0,791.663341774578,48127.6261396151
8862,0,1,1204.91790442104,11339.1567691282
8863,0,0,1000.52543821308,53680.9837392222
8864,0,1,810.308012417556,16248.4555455671
8865,0,0,797.865393271632,43717.0684112058
8866,0,0,0.0,46461.3201193471
8867,0,0,990.144772287607,48040.6018919919
8868,0,1,284.050551961391,15352.3597814414
8869,0,0,1080.32128118414,48226.7297027404
8870,0,0,1433.99232687816,19864.975375759
8871,0,0,792.974067741036,28674.670626009
8872,0,0,1351.95743719203,24136.0719476856
8873,0,0,528.676844819959,39925.1847361412
8874,0,0,692.052822388672,39586.8490171987
8875,0,0,1085.52023487308,36746.3203519002
8876,0,0,567.704178336161,50643.3162179575
8877,0,0,1190.06130329303,41965.8799496593
8878,0,1,289.356947353925,15715.5006522283
8879,0,0,1440.1329269194,28370.1043239688
8880,0,0,373.178886417864,30826.0750245478
8881,0,0,733.200569078909,38592.042022293
8882,0,1,1095.61200214885,10450.7448786066
8883,0,0,1117.62970369796,61940.0157774647
8884,0,0,505.015128111593,43658.813144044
8885,0,1,230.159168685849,24776.6931484107
8886,0,0,586.775650400868,32622.3761384088
8887,0,1,513.797677681162,15540.4543835634
8888,0,1,1212.75666202828,13722.900826077
8889,0,0,578.483646602543,45066.2073302757
8890,0,0,1229.52030155885,59755.030124389
8891,0,1,1829.90994129369,21018.9601164827
8892,0,1,973.264479997202,16984.6107557204
8893,0,0,690.640342447774,26989.3943527932
8894,0,0,781.667785915405,49427.5177211641
8895,0,0,652.202761375539,36348.2962358232
8896,0,0,762.923197677571,50293.8722536696
8897,0,1,843.642431501666,17992.3171675151
8898,0,1,1316.21098311729,16327.6259820021
8899,0,1,559.903182577809,9357.75924827898
8900,0,0,355.030065741944,52926.7777630445
8901,0,0,1635.20290200126,31541.094039298
8902,0,0,696.895693166016,63952.313493506
8903,0,0,444.042702686403,47857.7146122207
8904,0,0,1585.52508909153,49011.4156672029
8905,0,0,1322.0809830351,48906.5183241643
8906,0,0,941.741632288605,34559.6465423568
8907,0,1,1426.01417736484,20779.6789340972
8908,1,1,1359.21394743247,25548.4874099867
8909,0,0,1504.5693858915,36697.4019859209
8910,0,0,48.2656403155554,32081.0922978198
8911,0,0,0.0,47393.328688244
8912,0,1,802.369267071566,18999.5252923259
8913,0,0,600.93909025164,43846.2088931824
8914,0,0,1440.02571265889,41814.8038417079
8915,0,1,1184.20444313768,23235.6567863855
8916,0,0,31.8620653736333,33702.6511297977
8917,0,0,580.379056126581,55724.2712260262
8918,0,1,591.986469895436,8815.1763760225
8919,0,0,915.592009370861,37720.1872737065
8920,1,0,2006.98617301263,50033.533152948
8921,0,1,1216.58625032905,18140.6239934368
8922,0,0,970.92555219897,46051.8683748365
8923,0,0,664.71894351335,36998.5660140661
8924,0,0,873.879608564925,46203.909550244
8925,0,0,444.281400129866,56881.2065664972
8926,0,0,641.760448114411,44857.7012299345
8927,0,1,1106.32369416818,21202.0300750189
8928,0,0,616.554649797187,46107.2079296282
8929,0,0,1164.36214026538,38759.7305513767
8930,0,0,828.662811758189,28427.6702930321
8931,0,0,23.2983318114218,37975.5389792909
8932,0,0,717.434420182684,45267.819845936
8933,0,0,167.584156691883,49087.2556946301
8934,0,0,821.853292644843,35358.3927357629
8935,0,0,769.666701899911,39401.4750601506
8936,0,0,0.0,37343.4168074675
8937,0,0,1038.70026585785,33783.7142156398
8938,0,1,1050.15133269261,16963.812691089
8939,0,1,927.632100647308,20640.7741049258
8940,0,0,1014.72262870562,38780.7897165122
8941,0,1,1391.44159716279,11685.6454285003
8942,0,0,290.483067019993,47724.2397601074
8943,0,0,656.434943665867,26551.6009022426
8944,0,0,1456.64293691917,24089.0953411858
8945,0,1,1240.72401222539,19702.7994991217
8946,0,0,636.606045459297,31870.5514728832
8947,0,0,1665.03697302704,48295.5251505377
8948,0,0,825.955944652207,31661.6259861064
8949,0,0,0.0,61608.5320455831
8950,0,1,1152.12441898793,18644.4000439625
8951,0,1,711.039875304138,22000.1065648767
8952,0,0,1221.08312267419,29370.5849131353
8953,0,0,781.291702589044,36744.5682634055
8954,0,0,0.0,41671.2094610295
8955,0,0,919.300136080993,33866.3633768088
8956,0,0,155.989916940971,50135.8501709004
8957,0,0,0.0,42616.6015727837
8958,0,1,1520.85164475355,20044.0814993756
8959,0,0,407.321538164031,38285.4149141094
8960,0,0,555.229951189369,22788.9680825097
8961,0,0,705.197176762044,35864.0117216155
8962,0,1,916.128970639539,28839.5837329101
8963,0,0,1083.28118704441,45260.416679958
8964,0,1,771.133261396282,20655.0710742504
8965,0,0,1700.29497614814,53844.5789864386
8966,0,0,679.266804773665,36694.750262629
8967,0,0,762.991490694281,44162.3628946132
8968,0,1,1196.53699597575,25651.5363814897
8969,0,0,627.383759585526,47489.2830811426
8970,0,1,1175.79905681463,18178.0819336875
8971,0,0,660.200571229793,33598.0891375249
8972,0,1,822.625324265157,10923.3816767271
8973,0,0,842.407539122613,38161.7386616171
8974,0,0,1248.39968478017,41555.8109876491
8975,0,1,1405.87665380559,27071.322496909
8976,0,0,419.7020001307,44989.7628489878
8977,0,1,91.7339465034219,19153.7284337776
8978,0,0,157.003453234473,50131.8788806077
8979,0,0,666.529950650783,51876.4896525719
8980,0,0,806.78124107941,55735.5491959436
8981,0,0,0.0,44754.2488808885
8982,0,0,1378.2664361038,40228.9341678732
8983,0,0,354.216390971718,25427.0544326248
8984,0,0,596.182688889079,55591.0589187561
8985,0,0,102.469862910735,44600.4319739208
8986,0,0,637.216999432894,48461.9094371498
8987,0,0,1274.79655026367,18044.8231222898
8988,0,0,403.041481443931,29200.9837620226
8989,0,0,619.515173902886,53747.5491352022
8990,0,0,1111.69076640993,31059.4626439165
8991,0,0,1235.48576796347,29992.1859506779
8992,0,0,850.385568380252,45530.3770572616
8993,1,1,2352.05494931522,24067.548104057
8994,0,0,1518.35251457509,53971.7305926683
8995,0,0,0.0,47935.2831977329
8996,0,0,541.944001798071,37640.3002604157
8997,0,1,1401.19360905061,17688.8564659358
8998,0,0,329.465684346918,46028.0154528353
8999,0,0,530.093820522838,21736.8098186961
9000,0,0,0.0,27455.9089977047
9001,0,0,1112.06413995964,27694.7212677386
9002,0,0,291.076141258524,23479.6134347451
9003,0,0,1133.4149388708,36456.9490261565
9004,0,1,488.957012076425,15912.3045797469
9005,0,0,926.547899439047,25363.0146355544
9006,0,0,783.797563315913,33151.5672432225
9007,0,1,246.081818997005,20046.7724578197
9008,0,1,860.917730636065,11575.7021870812
9009,0,0,1838.19486106973,32308.024036755
9010,0,1,918.828888145091,16110.9904627922
9011,0,0,1040.10566508529,16905.4579370982
9012,0,0,951.620225963667,41689.5683729733
9013,0,0,749.114739643678,46478.1051575446
9014,0,0,70.185477656607,36216.9635264651
9015,0,0,1002.3512182151,43048.1699151942
9016,0,0,948.705393027503,14095.809610144
9017,0,0,983.619015796229,24666.6828328997
9018,0,1,0.0,16156.0291216806
9019,0,1,1209.3841983712,12830.8328351056
9020,0,0,527.172784913709,28931.1282763333
9021,0,0,671.765480006204,40907.8081017102
9022,0,0,807.29453070076,49367.7759269551
9023,0,1,1189.4647404608,17287.6392061415
9024,0,0,612.107921576679,31367.7130801547
9025,0,0,1.98073444076283,42380.8748504793
9026,0,0,507.907526435418,45727.7685288899
9027,0,0,1678.11846572951,41813.8923436117
9028,0,0,0.0,51054.5690234529
9029,0,1,378.672174850813,14328.3118855114
9030,0,1,1202.76071083541,20973.2596532462
9031,0,1,1038.54099708928,21839.7200289919
9032,0,0,333.180057472427,29400.4778472657
9033,0,0,1322.2517605997,43802.6272391062
9034,0,1,1579.21699595418,15111.9144799437
9035,0,0,852.530776892317,46662.7679457831
9036,0,0,1407.86920793966,43033.9359309394
9037,0,1,0.0,17791.4332277217
9038,0,0,350.196085511402,46893.7319861285
9039,0,1,1276.35083901532,27732.2688220081
9040,0,0,17.0316800105642,24492.2134816102
9041,1,0,1288.4069965544,44253.3087353925
9042,0,0,861.36386043585,47969.6772642797
9043,0,0,1209.75664132666,40605.8134050359
9044,0,0,1067.77922869906,28077.2546815944
9045,0,0,831.587329996422,32203.2718441374
9046,1,0,1747.98366856951,18966.10957371
9047,0,0,0.0,58211.5360729805
9048,0,1,1177.32765461107,13737.0503356651
9049,0,0,0.0,50559.470747056
9050,0,0,943.467289283768,26388.6171578781
9051,0,0,61.183344619618,37604.2178046416
9052,0,0,1436.64766913975,38571.3280595237
9053,0,0,343.643178302344,43483.7379647757
9054,0,0,1018.38287102807,30846.8209363715
9055,0,1,1173.09812006684,23811.000301551
9056,0,0,979.851049135932,44869.0469120209
9057,0,0,444.604796363456,51584.3363563541
9058,0,0,282.042433702885,50501.0772381175
9059,0,1,1420.02298162134,26424.5390754184
9060,0,0,654.661360097169,32400.4814786392
9061,0,0,1388.56348925402,21151.2631286476
9062,0,1,0.0,13621.8111912883
9063,0,0,0.0238162970920257,37981.7806257266
9064,0,1,1132.08405700114,15675.5344367768
9065,0,0,1330.48109685152,50459.0468967412
9066,0,0,815.174023270193,37946.9813996174
9067,0,0,1163.32404039927,38323.0844014907
9068,0,0,769.230636542264,49590.0665811938
9069,0,0,698.078872879414,38960.2671895005
9070,0,0,0.0,41239.0205103957
9071,1,1,1789.47747479375,17667.7822202712
9072,0,0,1124.96652678199,50701.7275367749
9073,0,0,1012.28620807043,60697.6336154775
9074,0,0,0.0,31722.3296748606
9075,0,0,481.77780560423,34478.9529015915
9076,0,1,1383.56982356532,17245.0286854431
9077,0,0,856.770451438768,42662.8019755054
9078,0,0,994.011888922971,52188.7752690301
9079,0,0,203.328123506147,40490.1449892228
9080,1,0,1856.91471650834,33445.6168691596
9081,0,0,566.872719168325,67018.4196136115
9082,0,0,1428.72525803425,51633.4328536076
9083,0,0,1339.19996299738,44257.9352999585
9084,0,1,215.633897763759,23221.6193715472
9085,1,0,1125.6565618153,34758.1237796202
9086,0,0,514.859436188812,57241.7030807118
9087,0,1,564.802762069896,21314.779443434
9088,0,1,705.883064516133,11121.6993090858
9089,0,0,390.02172430027,39029.8570729439
9090,0,0,690.601097770566,43511.3372747161
9091,0,1,1596.70105479511,21581.2722593089
9092,0,0,1578.46371134842,51413.8402653719
9093,0,1,1363.99295684132,18140.3610309984
9094,0,0,819.326374631826,22406.0549367066
9095,0,0,0.0,44712.2316847197
9096,0,0,870.020567920587,40535.3101192342
9097,0,0,629.271891437047,35695.0886113162
9098,0,0,217.51241222814,39616.2602452714
9099,0,1,1702.98170171568,25203.4567626208
9100,0,0,86.5788882292029,31893.2233621956
9101,0,1,967.1689244161,27077.6267654492
9102,0,1,329.764331286904,17762.7738754145
9103,0,0,594.364428159125,24273.562482086
9104,0,0,51.0723020671673,38764.3946808285
9105,0,0,345.393868141835,27012.7538813089
9106,0,1,740.577850671659,17700.0720673342
9107,0,0,1128.83347504188,45043.9356174808
9108,0,0,1549.26330613459,43240.459025584
9109,0,1,472.024537068753,13685.4701306953
9110,0,0,466.109768644456,26598.1213495461
9111,0,0,633.783160279199,37672.1580967362
9112,0,0,959.021460172677,46133.1342729851
9113,0,0,1634.99668519231,36995.7511638981
9114,0,0,155.993061347121,37599.767966885
9115,0,0,1060.97292028917,37410.3763831821
9116,0,0,862.150195723777,59240.8450311379
9117,0,1,380.905106627479,22042.5700144762
9118,0,0,184.530473857987,35058.3406548568
9119,0,0,1690.3873495135,46228.3200574542
9120,0,0,406.998521872771,41505.406051413
9121,0,0,626.168125274639,35196.0782332706
9122,0,0,1915.33206600636,21361.048134107
9123,0,1,1017.36096639883,21702.1831030868
9124,0,0,669.36147892363,46007.0052657782
9125,0,0,574.46987763389,46696.1863447367
9126,0,1,256.325670466206,15627.6627887089
9127,0,1,1365.79119035915,22301.7060630286
9128,0,0,1194.64523564299,35622.3282129261
9129,0,0,286.301054522556,30026.0707568401
9130,0,1,1260.49400898861,8549.2531756823
9131,0,0,659.783085264805,42054.9149889584
9132,0,1,583.774223240857,12240.6605181134
9133,0,0,1024.81947679617,40380.2979636242
9134,0,0,1045.42688593122,50639.0600933807
9135,0,0,522.77440890578,37481.6821850974
9136,0,0,212.931782511169,46843.9124938964
9137,0,0,0.0,54609.7285567789
9138,0,0,316.563872224229,30293.9633320725
9139,0,0,625.017328733067,58911.6086513796
9140,0,1,789.377266158371,21140.5088670154
9141,0,0,454.488146311926,39608.3228717815
9142,0,0,1293.29760636785,65128.4045281208
9143,0,0,964.090413444914,48405.8431092384
9144,0,0,316.017511904726,39959.9300030972
9145,0,0,826.022722200688,53874.3719444382
9146,0,0,667.492041321912,24613.6755190922
9147,0,1,950.477292877918,17932.1250861819
9148,0,0,0.0,54659.1631878341
9149,0,0,650.290138457367,44358.6516229275
9150,0,0,448.881996836721,38426.2593436876
9151,0,0,1326.41236983709,35158.1903317435
9152,0,0,1322.09397673285,51845.1803956487
9153,0,0,575.137656473334,25669.6971678928
9154,0,0,392.477181915129,20674.6728093574
9155,0,1,716.048096702279,15149.8757737644
9156,0,0,358.923951537741,50989.7441954935
9157,0,0,946.892055516686,9364.8497810299
9158,0,0,184.887298302053,49716.0204052985
9159,0,0,600.820085751326,49727.4899119464
9160,0,0,965.150483568005,34783.0068782469
9161,0,0,937.037055360113,42169.0433987106
9162,0,0,1225.92264757412,43718.6949293441
9163,0,0,581.313104571568,32454.1101531922
9164,0,0,62.1109338524257,51206.2925195463
9165,0,0,1653.5518763532,23137.5612152665
9166,0,1,994.090738839954,17401.847237902
9167,0,1,1080.75973269095,16900.3906039522
9168,0,0,663.663792792778,51135.0862626239
9169,0,0,0.0,44464.2972936873
9170,0,0,11.1380700574388,52195.9205188667
9171,0,1,1403.16352557549,28207.9316716434
9172,0,0,1005.52542938778,34587.2436322169
9173,0,1,831.304495716088,17572.3179345351
9174,0,0,154.212463380724,29153.4515783616
9175,0,0,497.881905243542,55543.6246875475
9176,0,1,601.891220583822,16948.613229062
9177,0,0,832.344535599559,51737.3710475639
9178,0,0,1557.55901598546,36742.1885265389
9179,0,0,705.338209861415,23952.5445114993
9180,1,0,1234.10202131483,43764.8686376451
9181,0,1,816.443608151587,19141.7302065139
9182,0,0,768.378584811359,43325.9703901598
9183,0,1,1725.33924356462,18268.195366536
9184,0,0,1004.12540732619,53397.3919952222
9185,0,1,952.88713144138,15082.6771111651
9186,0,0,1965.32935816705,31804.6342196168
9187,0,0,930.081301597558,21575.4238472605
9188,0,0,499.646323784874,69342.6724803793
9189,0,0,1140.14011409999,41775.5181102699
9190,0,0,518.369905831185,27527.2348024601
9191,0,0,1167.88915820961,35969.0235564662
9192,0,0,1402.24271716909,32742.2706120642
9193,0,0,0.0,31363.6495017098
9194,0,0,42.1499932320341,31812.8915318739
9195,0,0,989.017791693055,35129.0917367816
9196,0,0,10.2314853105521,27237.3807737476
9197,0,1,1298.51180862112,20491.7703437282
9198,0,0,987.250044908775,50045.7631787153
9199,0,0,920.574314458369,40527.9870563082
9200,0,0,534.055544790252,30948.8067491839
9201,0,1,1249.7664735139,16251.2847001413
9202,0,1,732.429941772303,26433.105443857
9203,0,0,655.199872371663,38192.5303918194
9204,0,0,224.209109065901,51199.6416695461
9205,0,0,635.808710980531,40497.3816214593
9206,0,1,1384.41537314232,13707.0415964142
9207,0,0,979.105937917121,46319.9119942633
9208,0,1,1463.82811093999,15657.4344832513
9209,0,0,1302.7837778175,50709.5086274927
9210,0,1,50.951486258891,16251.6110559006
9211,0,0,1235.18768402375,50865.5240702799
9212,0,1,1047.22562427262,18069.2523486806
9213,0,1,1032.62578929059,21122.9570145721
9214,0,1,1285.95639658624,24106.5802664104
9215,0,0,1265.12773929921,49385.5218570693
9216,0,0,1032.51300052367,42495.4626119105
9217,0,0,566.367097183945,39033.3249938756
9218,0,0,521.800206899137,22209.0552074691
9219,0,1,313.213361441899,28399.3508567594
9220,0,1,0.0,18251.7256240426
9221,0,1,982.800355690071,20312.210964034
9222,0,0,430.469060274272,47462.070985798
9223,0,1,1255.84888805629,22022.5765757422
9224,0,0,1082.16949611929,54099.9195245638
9225,0,0,450.327485622248,52446.4100002697
9226,0,0,814.65504244455,42520.0936476942
9227,0,1,1068.45464067537,13638.7026931267
9228,0,0,549.168989264142,64952.6126393417
9229,0,0,928.409668215283,41482.4435346173
9230,0,0,1476.76264263875,54844.519341711
9231,0,1,785.854959727702,19188.9142292578
9232,0,0,1493.61037995993,38744.2282579575
9233,0,0,1074.01591044855,50491.260512707
9234,0,0,693.358479926231,46466.2993893935
9235,0,0,848.605387082034,22749.6476762885
9236,0,0,1233.71187441206,72461.301392021
9237,0,0,1264.13238499978,35385.1168046383
9238,0,0,1474.63803590208,39872.2277658541
9239,0,0,700.24484818418,25919.0393463935
9240,0,0,803.975566261737,41429.2482535756
9241,0,0,120.843053016424,36205.8777610819
9242,0,0,1032.40348383143,38691.7939259647
9243,0,0,563.992089929204,60222.3676486085
9244,0,0,377.363641801591,37442.8426514134
9245,0,0,0.0,26493.2426781174
9246,0,1,688.697976264174,18794.4897248301
9247,0,1,583.248474622868,17353.8385772635
9248,0,0,1509.87113078023,41246.5870119825
9249,0,0,43.1435004219102,34316.8901483245
9250,0,0,860.751294274713,36605.2317750939
9251,0,0,204.030246673872,51108.04496366
9252,0,0,1059.24438703765,59865.0282342773
9253,0,0,1207.74122415822,33416.6065697537
9254,0,0,615.821849382943,34590.6835797158
9255,0,0,1018.56812990717,34103.8795198848
9256,0,0,1436.67072419003,46755.2808284924
9257,1,0,1800.64173306342,48708.959934888
9258,0,0,0.0,56943.909437874
9259,0,1,1006.9691579167,10364.8185337407
9260,0,0,868.729891691559,40902.4296102798
9261,0,0,1068.57703503957,26315.0470909899
9262,0,0,838.849150459366,34358.8666722965
9263,0,0,1278.42997211825,25590.6565248631
9264,0,0,264.016096356061,45987.473909461
9265,0,0,1168.57073487805,47561.098095644
9266,0,1,1600.62553366906,24223.251408765
9267,0,0,456.138752190196,43943.4958888917
9268,0,1,1578.28955492315,12778.5984954933
9269,0,1,1205.31003148042,19889.5707482555
9270,0,1,1115.54335974594,22552.7130871241
9271,0,1,950.488155976941,13299.4869550647
9272,1,0,1547.99544475031,37524.2535271978
9273,0,0,256.43898479629,40227.3820841248
9274,0,1,1367.85595504108,12489.8142479119
9275,0,0,400.888873152191,53900.664457035
9276,0,1,1020.58903292673,13094.9457323397
9277,0,0,596.429706719567,12135.5415583732
9278,0,0,289.531496978857,36841.9981735889
9279,0,0,775.733982696868,37022.003238302
9280,0,0,895.323834867128,43554.0743998905
9281,0,0,1798.77891710501,57191.6322372634
9282,0,0,1112.45500095932,40576.1902203326
9283,0,1,1225.34597052573,5524.3747895647
9284,0,0,927.615950846858,40618.1106498672
9285,0,0,252.106953682048,38494.654686523
9286,0,1,1128.35620851187,15669.096533398
9287,0,0,424.49593381751,23983.7731637878
9288,0,1,1084.44653079612,26713.7971950017
9289,0,0,1360.39857054014,29868.3111925025
9290,0,1,1009.10925113012,8868.65674492431
9291,0,0,0.0,29097.5448355387
9292,0,0,336.503548704534,40626.994174489
9293,0,0,537.140426047159,52513.6672206072
9294,0,0,600.134860988896,39395.978399334
9295,0,0,938.090134362437,46370.8212570407
9296,1,0,2095.11481689194,44647.5864831921
9297,0,0,1176.79150530219,30579.2492243848
9298,0,0,1099.624909713,48202.2148811926
9299,0,0,417.646983046743,54009.4508784743
9300,0,0,1175.59495320807,19030.1394436242
9301,0,0,1245.08629467937,40290.5038943138
9302,0,1,1381.27451157698,23903.8545527794
9303,0,0,1068.9868881856,37171.6514118965
9304,0,0,635.761848193517,49414.7265627533
9305,0,0,347.601510839327,49332.9942041318
9306,0,0,1579.90936267243,45406.5115513116
9307,0,0,288.178064347862,36514.6759218011
9308,0,1,1626.90142107237,11702.2834962135
9309,0,1,846.171959465112,19577.4271953577
9310,0,0,1395.60265575127,54148.8485683706
9311,0,1,339.695098161915,27387.2624791806
9312,0,1,1634.26972580171,18036.6305852338
9313,0,0,75.3986906473086,50551.0364578898
9314,0,1,375.918849493334,20740.0761917877
9315,0,1,770.408789116406,1498.22727449612
9316,0,0,347.371078226378,18488.1473162034
9317,0,0,771.173706094358,45956.7873065642
9318,0,0,1272.07680514995,21503.1953515832
9319,0,1,985.240889672316,17263.7565081289
9320,0,0,751.354391933644,27179.7616531195
9321,0,0,829.689664731405,35594.2239070406
9322,0,0,910.087841290054,25183.7682534075
9323,0,0,712.936992421474,20810.3189465256
9324,0,0,977.515331107566,33690.6493109395
9325,0,0,1379.28702192603,57843.8867791593
9326,0,0,1322.96904167251,51956.2918282557
9327,0,0,460.234439419049,47305.2160400712
9328,0,1,596.05624736674,16084.9077085452
9329,1,1,1538.01560308629,21356.9371123678
9330,0,0,471.918842996091,60656.0507877414
9331,0,0,1186.88519892897,27494.329371648
9332,0,1,541.33470653612,21245.3206345669
9333,0,1,1286.355522567,20029.8912328087
9334,0,1,1723.21605596597,23278.9957793958
9335,0,0,288.807949617576,30470.7070130486
9336,0,1,1595.90680015677,23308.1362848463
9337,0,0,1064.97510630952,45737.7812288087
9338,0,1,1941.0540620836,14756.211475399
9339,0,1,889.642251418016,16701.3693468808
9340,0,0,604.839524336024,27419.4252219694
9341,0,0,1003.6014265304,24978.084721436
9342,0,1,1464.35589747508,21826.4414843115
9343,0,0,322.288698122369,19420.3997838147
9344,0,0,639.867034351065,34879.5585105014
9345,0,0,687.156829276006,26902.7025896596
9346,0,1,978.236903521763,15073.7878502656
9347,0,0,337.175668241883,35040.9416198665
9348,0,0,880.750851725119,34604.6793905291
9349,0,0,1285.5280380977,39530.7596773893
9350,0,0,939.69867396675,52383.2752163082
9351,0,1,729.812198863064,9871.92421926215
9352,0,0,0.0,62160.2862201971
9353,0,1,1471.03353995011,12665.2418905554
9354,0,1,816.965766002804,13932.2099389237
9355,0,1,1323.39565781291,23072.5499188748
9356,0,1,383.823400970597,11777.5376921697
9357,0,0,1634.73155470245,40868.3321227273
9358,0,0,846.393292818548,38352.5651402481
9359,0,0,364.663051203467,10239.9724854423
9360,0,1,833.614495245054,11078.3902844208
9361,0,1,1867.55226831936,16650.0417627662
9362,0,0,823.609775829111,34856.5260704174
9363,0,0,1255.34997743235,23297.4749578768
9364,0,0,1024.40830507469,45202.2655386311
9365,0,0,0.0,36922.8679525624
9366,0,1,1447.97079301048,16421.455495776
9367,0,1,1057.59936601372,21570.7527878445
9368,0,1,1027.13290130047,16259.380550917
9369,0,1,1212.73704115467,18090.4779152969
9370,1,0,1815.17411191986,23648.4135102394
9371,0,1,167.63791478178,16771.5670281056
9372,0,0,272.526141718933,32687.1095927351
9373,0,0,0.0,39462.6882917634
9374,0,0,1387.28864569868,29712.77242597
9375,0,0,624.547832745273,48345.3366279686
9376,0,0,262.995114778804,17822.6133515974
9377,0,0,986.760089723136,44605.4451140348
9378,0,0,0.0,43930.9036889936
9379,0,1,884.311899856718,17542.9196731793
9380,0,0,929.830153708421,45178.053048192
9381,0,0,751.843861266577,52663.2929945443
9382,0,1,0.0,18875.7716745481
9383,0,1,879.710515261612,17863.8422294102
9384,0,1,1313.97624829786,20030.4287054934
9385,0,0,319.131596884487,34296.7741208314
9386,0,0,996.181984627573,57972.5044444708
9387,0,0,1123.43472291481,45366.811408952
9388,0,0,110.555931121184,32419.1507927822
9389,0,0,581.960758402303,31654.5589159892
9390,0,0,982.226465463732,38152.6966116717
9391,0,0,874.617420386964,37143.6448678681
9392,0,0,650.007041287637,41427.8773217528
9393,0,0,1452.6844278876,43418.8290856032
9394,0,1,1443.86042588629,19146.2914155915
9395,0,1,0.0,13911.4412816929
9396,0,0,737.348779490127,50264.7601726517
9397,0,0,106.191037697253,41514.7584689917
9398,0,1,1273.75233922208,19635.6615017972
9399,0,0,863.046051003096,50667.8767561549
9400,0,0,1504.6825683206,38223.2459784659
9401,0,1,1182.67904454397,17287.7484677075
9402,0,0,853.060422763735,39553.3656783292
9403,0,1,160.887137472448,19686.7441982351
9404,0,0,1118.56597660815,46578.4655109693
9405,0,1,271.669900090936,14080.754073087
9406,0,0,584.090255400821,24580.8568389694
9407,0,0,911.931544151434,40503.003979245
9408,0,0,745.866618176739,54677.6833488425
9409,0,1,1291.07585166573,17136.5133355865
9410,0,0,572.889500654979,43381.9152726881
9411,0,0,445.829287617145,42343.8006824259
9412,0,0,865.400213478165,53798.8192148106
9413,0,0,886.777432995005,43410.381538287
9414,0,1,451.695309013677,11460.4346982733
9415,0,0,558.321406990805,42767.324758827
9416,0,0,1602.00389348607,41827.7012514992
9417,0,0,503.499285174721,36521.4325133662
9418,0,0,521.902827120109,47032.5993473813
9419,0,0,1214.54965376974,21630.0378315175
9420,0,1,596.205213621811,22324.4684122297
9421,0,0,926.166134018374,41501.7233827868
9422,0,0,522.644337059267,35893.2877978631
9423,0,0,986.264752865454,38664.7898161625
9424,0,1,885.923577632711,22365.8549815302
9425,0,0,562.314178399933,63794.5420691951
9426,0,0,503.301857053805,37749.520777408
9427,0,0,1375.38495384182,47099.2068738093
9428,0,1,1089.40525917146,19053.5890648439
9429,0,0,770.486334076717,25445.8776820274
9430,0,0,797.316656880085,35034.8069148208
9431,0,1,389.213241765338,22907.7674644876
9432,0,0,589.391036933054,38255.5370311758
9433,1,0,2073.78284644319,52335.5505993235
9434,0,0,1128.41146297843,51778.1798537094
9435,0,0,1142.66970009878,40823.379708552
9436,0,1,1007.53782731167,16814.2955002651
9437,0,1,789.099153486285,18653.6328463855
9438,1,0,961.732661954925,27600.4162967222
9439,0,1,1264.64988701794,23852.642260934
9440,0,1,1627.45984040874,19630.1613011151
9441,0,1,979.065326799836,17666.3870981161
9442,0,0,768.810302366348,47003.4405822046
9443,0,0,714.512491266083,48115.5046955906
9444,0,0,223.356345671541,51662.5972987814
9445,0,0,1659.29219094814,36641.7272339607
9446,0,0,1062.28400958965,50894.1036458965
9447,0,0,38.679121237101,30961.7422399321
9448,0,0,1216.98145158854,37967.6880750024
9449,1,0,1825.97059923331,39407.917034696
9450,0,1,293.519570874314,10592.8466920888
9451,0,0,1588.87635591145,45093.4459240335
9452,0,0,1926.2468757744,46535.201990519
9453,0,0,892.919519826276,9299.86818569379
9454,0,1,1583.41803094343,23434.7087125008
9455,0,1,968.95396101705,13867.5243122361
9456,0,0,258.255259118089,38309.9880459354
9457,0,1,492.245941753356,23689.7895020491
9458,0,0,1240.57389071057,35598.8872733629
9459,1,0,1658.96768927914,38204.1226198861
9460,0,1,877.156229246366,22046.5385541872
9461,0,1,0.0,20877.8877962384
9462,0,1,1041.3104416352,12078.7776128838
9463,0,0,1806.9165306269,36306.8176295485
9464,0,0,0.0,28705.2025005846
9465,0,0,1500.59400368874,27354.5002462612
9466,0,0,1329.91138843466,50560.7622488765
9467,0,0,913.886573498561,15220.503772624
9468,0,0,898.566828456017,37919.7506774816
9469,0,0,0.0,47231.2730755508
9470,0,0,457.601501646266,49908.5974364961
9471,0,0,882.087963611419,43549.990404643
9472,0,0,602.622894902464,25376.4500993845
9473,0,0,513.396271437242,19021.6422758867
9474,0,0,880.717005225233,35579.2426234721
9475,0,0,815.691294664278,48646.5415095369
9476,0,0,1295.6133458853,39717.736012915
9477,0,0,1740.63412327172,48311.439580925
9478,1,0,1506.19184823604,47061.3945398274
9479,0,0,906.416188038228,49815.6511359632
9480,0,0,1278.01755344051,41691.1955153278
9481,0,0,45.8224265782371,32525.6384389899
9482,0,0,629.605587398253,50113.8207069076
9483,0,0,270.587863722703,33490.0052711356
9484,0,0,1486.05480966239,34705.3612203415
9485,0,1,830.651798095757,14420.6226252465
9486,1,1,1719.25565479763,15752.0080061962
9487,0,0,935.636598446704,21730.8612688671
9488,0,1,482.135204174639,17459.0041908228
9489,0,0,335.824542648485,29402.7675584316
9490,0,0,870.412379656212,17685.4482369215
9491,0,0,527.940359109328,47963.1790421382
9492,0,0,1104.30662323205,40006.133313516
9493,0,1,1220.93883078966,6744.04242461348
9494,0,0,1338.53245663217,35072.3032579073
9495,0,1,1129.23429282608,22689.6135887032
9496,0,0,915.518055990192,42331.0216310488
9497,0,0,833.957706602401,34174.6453235057
9498,0,0,381.566519897813,49114.8926501903
9499,0,0,218.589806829151,34512.6334707915
9500,0,0,1156.99452812612,53450.2735865096
9501,1,1,2046.63951494124,17910.6344721428
9502,0,1,1368.38301833943,16449.7249385124
9503,0,1,1302.51631796852,18210.8064208
9504,0,0,1175.28913922627,35830.045567112
9505,0,1,256.367784428101,18200.8804470925
9506,0,0,908.998794729013,46174.4710581454
9507,0,1,1107.00241299216,30618.620345537
9508,0,0,618.460731226128,49385.7880266265
9509,0,0,932.872998040885,61192.8971316665
9510,0,0,547.717727410381,50619.3610620418
9511,1,1,1726.47960966874,13654.6049381595
9512,0,0,581.00356944587,52917.7294357653
9513,0,0,356.613167951343,44473.3964918855
9514,0,0,644.863070527483,38794.6761434135
9515,0,1,737.082247582862,24637.6174882909
9516,1,0,1666.11383417849,25054.7678239285
9517,0,1,1215.47001413848,20456.4382893475
9518,0,1,1002.77528438555,11604.2877499049
9519,0,0,363.229330063018,51821.4268263811
9520,0,0,0.0,45178.5916919899
9521,0,0,29.6164764973495,26710.009566346
9522,0,1,1036.11739842406,15067.748240504
9523,1,0,959.159213374077,59435.2345810761
9524,0,0,390.530294876658,57525.2664771593
9525,0,0,451.076051642188,38348.4903195754
9526,0,0,1412.99670449888,53295.8729914521
9527,0,0,216.528262219422,28859.6946187879
9528,0,1,1027.07059027312,24346.9397452388
9529,0,0,143.754709337908,48250.3075662066
9530,0,1,887.656422160428,16993.2876040408
9531,0,0,1199.98026561326,38251.1825246834
9532,0,1,1075.17907339541,21569.3705840819
9533,0,0,932.602433217053,44714.4841039603
9534,0,1,1434.58997748352,16613.4314534251
9535,0,0,444.586300271672,51386.2831024756
9536,0,0,853.212216590271,31607.3933989457
9537,0,1,973.047858215706,23033.8503613237
9538,0,1,102.28307155297,20671.0472107307
9539,1,0,652.397134412879,46155.0438680054
9540,0,0,132.730901829339,33370.8343428412
9541,0,0,1128.47074465601,49540.702085553
9542,0,0,1315.22523886646,52556.1538329753
9543,0,1,1025.85824127717,21561.8889323212
9544,0,0,785.786657440919,48179.3828770988
9545,0,1,1775.18153723891,20385.8735233901
9546,0,0,362.055049681232,50906.4812600995
9547,0,0,1154.57891449163,61089.4308700935
9548,0,0,18.294581765502,43247.9034246982
9549,0,0,0.0,37517.2464147507
9550,0,1,1740.87005025991,17478.0312948152
9551,0,1,1228.99390086461,18810.3843581735
9552,0,1,1669.72370904242,20301.3159786934
9553,0,0,1584.56594315008,45447.1870281177
9554,0,0,751.122224356379,37304.1989940683
9555,0,0,1063.33626057665,39301.2818118726
9556,0,0,710.136461015426,46308.2696465604
9557,0,0,1063.72450300539,26045.9283574803
9558,0,0,162.784651965432,33935.4913310021
9559,0,0,615.001394580548,40236.5335580853
9560,0,0,1011.36719214185,28172.9153660158
9561,0,1,1658.37357455807,22010.4856755611
9562,0,0,1490.98304584581,39596.0574087303
9563,0,1,1630.48855467073,16310.5340605392
9564,0,0,781.274957828978,53178.926801699
9565,0,0,476.301211791106,25774.4876162707
9566,0,0,892.445059906565,28187.540727095
9567,0,1,1671.52320759969,9981.89701353152
9568,0,0,813.86094063887,33357.8088167162
9569,0,0,1280.23019022831,23647.3332028811
9570,0,0,564.3948535443,30380.6400043348
9571,0,0,525.871381443789,8017.6385910899
9572,0,0,837.328407015019,61950.8030010727
9573,0,1,1847.46964656061,19388.6893093458
9574,0,1,717.759666195471,19567.702770302
9575,0,1,1935.50421960498,9431.29387139159
9576,0,0,808.494793730308,56204.6630143614
9577,0,0,218.739421958108,53259.7623227317
9578,0,1,118.201492870088,15472.6559854709
9579,0,0,988.172046073137,49057.0419217536
9580,0,1,673.327247930574,14431.4594866873
9581,0,1,616.312018469622,14663.563880391
9582,0,1,475.853204682756,19993.7559366484
9583,0,0,221.546755897455,43668.392321756
9584,0,0,959.172025652895,38310.0860119649
9585,0,0,575.674057777466,36958.7524117206
9586,0,0,1017.65591423765,37241.790991973
9587,0,0,1763.84563955144,36686.3483703885
9588,0,0,883.390659909624,38408.9767061792
9589,0,0,830.234100005214,36523.4811843368
9590,0,0,163.261027090534,40600.4154666132
9591,0,1,2.99446199667136,18710.2647984132
9592,0,0,51.1859856979336,39385.7596831095
9593,0,0,806.216663210777,35259.3046445797
9594,0,0,1186.48588492632,50371.7254602767
9595,0,1,357.95129035441,14338.5287369149
9596,0,1,1590.82309867989,21784.1131156343
9597,0,1,822.090169266773,20906.2178401806
9598,0,0,1082.81541776809,41355.9855919616
9599,0,0,779.477523952232,34089.7970086936
9600,0,0,4.6794144400302,44571.7062209608
9601,0,0,58.7512052743834,26939.0399063082
9602,0,1,966.481828288841,23116.5802065552
9603,0,0,683.921880812287,37383.232653023
9604,0,1,0.0,18235.6743746751
9605,0,0,1139.02030927058,24573.9209533649
9606,0,0,1293.45968181568,48039.9364466138
9607,0,0,304.54433882575,47217.8722103104
9608,0,0,1215.1489392085,51804.9939548461
9609,0,1,305.787956878261,16594.5278409233
9610,0,0,693.71733263545,40148.8711102766
9611,1,1,1502.18673866603,18603.495531833
9612,0,0,1645.42317956836,36839.3962080674
9613,0,0,279.67067301968,58566.8842182417
9614,0,0,1267.48521068265,40034.5667342324
9615,0,0,456.37301875505,47633.7854435193
9616,0,0,962.134281546038,44696.2905307889
9617,0,1,698.978536336599,25103.0094533338
9618,0,0,619.029259422622,42868.5896075151
9619,0,0,870.971725740692,39653.376720692
9620,0,0,217.738226298202,47657.3062761408
9621,0,0,713.326063707486,44605.3511864782
9622,0,1,306.433812567407,13934.5183209416
9623,0,0,1314.89538557468,33706.5593609175
9624,0,0,1057.67966861989,39708.0333375872
9625,0,1,625.601199796924,16134.2115079183
9626,0,0,1302.65558132292,28978.5573129088
9627,0,0,1408.35147419161,33697.3459632332
9628,0,1,926.569431024724,19243.4064462759
9629,0,0,1018.4096395897,25394.2546280925
9630,0,0,0.0,40737.8668126459
9631,0,0,724.88732425224,27800.9523774512
9632,0,1,325.28363122839,15962.7098774276
9633,0,0,445.717373373907,25171.8603546071
9634,0,0,1367.44276590447,45919.5922447472
9635,0,0,1353.91874089042,39879.1590476355
9636,0,0,1555.96807003044,34417.8730826112
9637,0,0,1267.16580008472,51197.7995950093
9638,0,1,640.819040858051,19055.9165274272
9639,0,0,658.053709086964,41882.5806543852
9640,0,1,808.83378651767,18791.5595576155
9641,0,0,819.112605398529,50082.8887115635
9642,0,1,1365.02282368458,23281.3204997879
9643,0,0,396.844085106912,32656.5228381594
9644,0,0,421.698130449242,32290.3259596543
9645,0,0,969.358837365412,46026.7193738542
9646,0,1,1490.07545066508,15910.8018539423
9647,0,1,1079.0779493071,17966.7693767183
9648,0,0,809.455689909932,39077.4328082427
9649,0,1,641.893645617273,16400.3647500987
9650,0,0,872.32089314313,44407.7901606273
9651,0,1,1004.63015294009,9643.36615066435
9652,0,1,1170.91153622666,19473.6919261193
9653,0,0,1433.64610048881,44617.7387007948
9654,0,0,579.280219432575,50813.5092488359
9655,1,0,2128.79599194797,42096.5023677565
9656,0,1,842.910746273251,14462.2764563912
9657,0,0,4.10094016965501,42174.17974202
9658,0,0,218.379741369936,36044.8150648758
9659,0,1,717.875483900523,23406.8197691114
9660,0,1,1146.83498743969,14336.4285457285
9661,0,0,968.515851521507,41714.9898391775
9662,0,0,1124.5871562623,45622.9423367253
9663,0,0,419.000799287843,37186.789402739
9664,0,1,320.725569726673,12589.7675596141
9665,0,0,426.764149765367,38495.7980226004
9666,0,0,949.177591550543,36557.9615912884
9667,0,0,968.736619525114,17352.4103318449
9668,0,0,1188.96516821722,42286.4881748689
9669,0,1,1436.82998948372,22925.4699177568
9670,0,1,843.017896577614,12268.9335211883
9671,0,0,1410.95991508544,58310.255932724
9672,0,1,598.733312937678,23118.5310986332
9673,0,0,72.9283697000853,13300.7695476217
9674,0,0,1347.78084965639,29345.9582133347
9675,0,0,0.0,41160.6225064939
9676,0,1,1280.84806618712,20575.2450146804
9677,0,0,1088.5747729594,43883.1492462512
9678,0,0,1111.95814288826,47254.6895873957
9679,0,0,1124.14174377155,46052.1816302637
9680,0,0,0.0,36337.3521663594
9681,0,1,711.851231569768,15132.3935899746
9682,0,0,548.839275833041,44909.0661956784
9683,0,0,385.250183291053,55268.6605512573
9684,0,0,1132.17490347673,56152.4290396227
9685,0,0,399.118375316584,48889.9890284738
9686,0,1,810.102225230511,15102.32418046
9687,0,0,1036.77474609972,46239.0732170885
9688,0,0,927.76611806029,38197.3735404726
9689,0,0,999.826090658298,43661.1417440735
9690,0,0,649.269775479187,31039.0020043033
9691,0,0,1391.31830146057,48414.9057421766
9692,0,0,1058.5636997468,38917.830933949
9693,0,0,415.541737898412,44147.2206538574
9694,0,0,771.137416855988,42418.3680140176
9695,0,0,727.974547043257,20456.1563887849
9696,0,0,239.32716500046,49328.2092582724
9697,0,1,1219.76034968629,17208.2088611798
9698,0,0,953.936465024583,41250.4780369891
9699,0,0,143.375320218317,17435.0963805489
9700,0,1,1669.27810558433,13771.3933964253
9701,0,1,719.554053545902,17195.7445380271
9702,0,0,295.3071501902,45776.8432775556
9703,0,0,804.499658822933,51014.8240369344
9704,0,0,619.368815439907,45886.0785009502
9705,0,0,1157.11692920968,38867.0636275315
9706,0,0,287.843200948488,46617.0633958336
9707,0,1,1070.75211997509,11383.4426471097
9708,0,0,452.367912290375,29254.8710158074
9709,0,0,492.352311836962,39305.2270474498
9710,0,1,1033.04184648413,18958.3150837176
9711,0,0,1191.61058411699,49004.8361762043
9712,0,1,1463.37845118945,14380.625306559
9713,0,0,152.440267006946,23366.5174413878
9714,0,0,182.370459994263,45507.9336965974
9715,0,0,732.137066876114,42693.9402612384
9716,0,0,1916.08850756453,23316.5702484103
9717,0,1,419.710782172972,18073.0018129069
9718,0,0,1418.55617364354,33960.5677357044
9719,0,1,811.688675857524,20016.7525348576
9720,0,0,214.236495085322,38720.8107572671
9721,0,1,799.159267652907,19547.413183119
9722,0,0,831.456141881062,58476.7392311881
9723,0,1,713.559839270763,24324.1439422418
9724,0,1,870.773035482322,16446.354825625
9725,0,0,301.319402807109,51539.9523173009
9726,0,1,1235.96648680656,21706.6303125178
9727,0,0,572.004055050835,42484.5705940717
9728,0,0,545.99329121982,52619.6217723053
9729,0,1,1407.04012421074,25589.7427593565
9730,0,0,1171.16331315331,27338.0027086172
9731,0,0,322.982327526016,25267.3976162141
9732,0,0,497.540672262588,43898.4284977249
9733,0,0,92.102195104072,22726.4131778056
9734,0,0,395.475507300842,45084.1056153529
9735,0,1,184.925246905993,11126.2661759336
9736,0,0,209.674450616565,35688.1358061838
9737,0,0,376.185498059799,31373.3563929913
9738,0,0,1492.1896538105,39004.5029437998
9739,0,0,905.531751819024,43066.0600596802
9740,0,1,627.66812838312,18539.5641454429
9741,0,1,1224.52065302573,22327.4078004255
9742,0,0,667.372311156337,35694.4287751412
9743,0,0,278.703161386555,30113.8533896618
9744,0,0,1389.80307501266,48868.0931533735
9745,0,0,1060.72884144048,49396.7719405985
9746,0,1,1080.5689215192,20439.852989353
9747,0,1,912.559428715563,14262.1284978301
9748,0,0,534.432226361312,34129.4754090997
9749,0,0,280.461678558833,26212.9076178057
9750,0,1,801.721578482951,18698.4092841063
9751,0,0,1125.15873643759,37864.3259790881
9752,0,1,1569.30275654961,13711.492401417
9753,0,0,755.460443248137,33460.9262064347
9754,0,1,860.828676826596,27186.5000242092
9755,0,0,1233.61892565537,49448.1710013837
9756,0,0,699.56849828589,48773.819553427
9757,0,0,914.881075502437,39789.0554443783
9758,0,0,1650.03210342037,49481.7130266447
9759,0,0,366.59436133779,33708.7860682045
9760,0,0,400.646928884123,37173.4847875624
9761,0,0,0.0,37538.0450518033
9762,0,0,1902.14989954198,35008.6661733839
9763,0,0,982.631024138587,60388.0198980961
9764,0,0,717.969637240982,43826.8788845713
9765,0,0,874.45120069409,24707.490254048
9766,0,0,1577.03483745031,33319.3124684898
9767,0,1,1700.57236567333,20844.719155924
9768,0,0,425.819908128894,14540.9046427865
9769,0,0,667.656103587994,52946.3650042157
9770,0,0,0.0,48112.4782746702
9771,0,1,764.807163405561,18347.3113707264
9772,0,0,1030.19129899136,34250.8745410279
9773,0,0,426.28639637922,38585.5490904503
9774,0,0,0.0,43599.4532930336
9775,0,0,1039.20725473548,40028.9041967728
9776,0,0,603.253138096093,50214.8553012711
9777,0,1,1446.64376016459,8797.28391539217
9778,0,0,1396.20751479794,39023.4817075263
9779,0,0,297.243033683459,39081.9228975074
9780,0,0,613.977076452465,34752.0876379183
9781,0,0,828.840863016666,39984.2734678396
9782,0,0,675.114951936144,58672.0516489082
9783,0,1,1670.4673071343,15838.3145696837
9784,1,1,1530.55147909759,13003.9292044953
9785,0,1,356.198747923549,21466.2070771505
9786,0,0,284.169210304993,37463.6175129986
9787,1,0,1698.82614249542,27374.8875156931
9788,0,1,0.0,20195.0026594829
9789,0,1,1038.88674842652,10414.5543533647
9790,0,0,392.566454848147,45469.7222771505
9791,0,0,23.3571065489046,56686.9156223935
9792,0,1,1503.97272094239,14661.831898314
9793,0,1,799.516450863929,23024.8527528001
9794,0,0,1534.68321023724,48592.3338269502
9795,0,1,655.44916455229,18265.5954293392
9796,0,1,939.704886735987,11331.4325243356
9797,1,1,1867.30856911342,24720.4805591524
9798,0,0,399.901820436332,40863.1150523705
9799,0,0,381.25855854553,55896.2338543989
9800,0,0,1509.91566408553,24427.7685054556
9801,0,0,1209.65202808002,58174.9210563944
9802,0,0,1359.80213917797,46235.2353636694
9803,0,0,1267.55073982519,10233.8797549678
9804,0,0,890.149840963937,38350.2924207536
9805,0,0,1508.74901177888,30587.343981542
9806,0,0,1260.15486906425,35733.4658536999
9807,0,0,0.0,33220.9851811448
9808,0,0,67.3884622916293,48792.1174388257
9809,0,0,1132.64780262819,33677.781447611
9810,0,0,0.0,22074.4936909087
9811,0,0,861.590053056553,32901.010461517
9812,0,0,796.298975514891,37923.3936187679
9813,0,0,1356.15922208887,42262.9300706052
9814,1,0,1975.6530282406,38221.8397449546
9815,0,0,663.663633754262,43951.2530570445
9816,0,0,0.0,39043.2774348673
9817,0,0,398.023124263748,33056.671187294
9818,0,0,304.077953300737,47196.0764675098
9819,0,0,1292.67276322285,52541.6492484631
9820,0,0,1664.09565193608,54087.6410964727
9821,0,0,1069.71985668762,34538.9974168634
9822,0,1,618.624121259494,20836.7930537285
9823,0,1,1609.13605855122,16373.9453593471
9824,0,1,1538.44930304402,15991.2210227013
9825,0,0,734.253410791397,56253.8102626269
9826,0,0,931.957796048968,40913.4349678135
9827,0,1,0.0,17557.9633365883
9828,0,0,524.862618447015,54738.5066498565
9829,0,0,1135.49329308145,37962.9829034036
9830,0,0,1115.96125304207,30620.268472837
9831,0,0,157.660475071259,42125.7336109977
9832,0,1,11.3955682154314,19387.9206439089
9833,0,1,434.839281135161,16775.3204827761
9834,0,1,863.321267047227,20425.8513260721
9835,0,1,822.886668672737,22376.226052396
9836,0,1,1203.9469039173,20904.8381765433
9837,0,0,901.613561622198,35283.8956355288
9838,0,0,1000.76456080856,36709.0837827559
9839,0,1,715.341171028251,21309.1405400513
9840,0,0,325.09127505402,41257.5607449295
9841,0,1,948.880409167518,8503.60256314102
9842,0,0,751.340141034421,68883.3952663082
9843,0,0,1484.77769480138,32479.0899645699
9844,0,0,1253.86047741195,41767.3970567096
9845,0,0,1262.16841196535,29545.5002108332
9846,0,1,46.0102253175322,13950.0869473288
9847,0,0,0.0,39469.9289877503
9848,0,1,906.123815340082,19275.8001435789
9849,0,0,273.63978799535,21911.6338748215
9850,0,0,1037.76652304171,53823.2298198051
9851,0,1,508.050299741585,14925.9611545816
9852,0,0,543.971897115436,34390.5025931627
9853,0,1,1219.97548042256,15039.5536205706
9854,0,1,697.171326380401,22254.0619647508
9855,0,1,1066.5457599038,15553.0884143881
9856,0,0,761.553724640498,46836.6722671501
9857,1,0,1973.82214669185,27340.0122687502
9858,0,0,1021.27960003742,44718.4077235002
9859,0,0,783.087084312124,36917.1031687995
9860,0,0,1354.33294605203,29590.8288796286
9861,0,0,677.708824050347,31158.4682112449
9862,0,0,317.855557759745,63021.7479456945
9863,0,0,141.128483677955,41300.7220664452
9864,0,0,759.230268223227,48560.1362364964
9865,0,0,1133.9457958626,47188.9477836487
9866,0,0,0.0,43593.953602744
9867,0,0,599.718846289023,48085.8843441801
9868,0,1,529.273442611172,20358.8336346445
9869,0,0,962.144360844804,60455.463133907
9870,0,0,675.022733072489,44480.0130544315
9871,0,1,1038.62008149837,12312.8959635018
9872,0,1,656.808385859256,19017.4277962265
9873,0,0,1103.72380706592,39532.9075065433
9874,0,0,2391.0077393729,50302.9095568637
9875,0,0,440.487028918919,39395.9601410213
9876,0,0,1070.86403155185,36017.0029644353
9877,0,0,1275.20685173644,58961.7330359858
9878,0,0,763.039976306975,35277.9017788768
9879,0,0,781.904404455422,65617.6449283193
9880,0,0,853.704015364221,46291.5811377682
9881,0,0,323.034915715152,33673.8096869926
9882,0,0,980.037168872519,31977.5633320135
9883,0,0,1077.00753980888,33071.468526208
9884,1,0,1335.61287132382,37595.3442741023
9885,0,0,438.080376882359,44737.6584511959
9886,0,0,955.420645475077,45575.4209895681
9887,0,1,923.018822925401,19136.6149186515
9888,0,0,728.212549683954,50403.5592512077
9889,0,0,259.506285168662,40405.3591974711
9890,0,1,606.951443394452,26718.8715454546
9891,0,1,512.449777710332,24192.8889910365
9892,0,0,0.0,43969.2150996533
9893,0,0,663.675171211672,38338.205726286
9894,1,0,2288.40808192017,52043.5690521955
9895,0,0,0.0,34836.3406992442
9896,0,0,1693.64257792408,26995.6933911804
9897,0,1,906.033700467736,22658.7633289403
9898,0,0,763.534729752425,49201.4346992106
9899,0,0,1218.86498579542,45593.8602149062
9900,0,0,496.375478407846,33782.5371965622
9901,0,0,1695.38723798362,26623.7681519035
9902,0,1,1128.76872801295,17718.941736732
9903,0,0,978.239289996624,43410.3633154938
9904,0,0,1084.90992326231,15981.6890852725
9905,0,0,1248.88790288261,31960.4212982044
9906,0,0,1071.24143217021,58134.5550658652
9907,0,0,834.319787658758,33687.7504000506
9908,0,0,1500.57210625522,39891.8640984595
9909,0,1,958.874768969234,25282.2410536957
9910,0,0,981.062638685672,54020.4341535679
9911,0,0,1017.78825221517,29828.3303377842
9912,0,1,1106.1072009412,9610.50342319675
9913,1,0,2148.89845431192,44309.9171725874
9914,0,1,1113.75259775529,17810.6730641503
9915,0,1,1882.84179031769,15968.0365405298
9916,0,0,1189.24118445074,29889.6022774471
9917,0,0,1092.42595724568,43578.6469767627
9918,0,0,748.487023875035,40727.1415628446
9919,0,0,631.512865795981,35053.3471968093
9920,0,0,477.907292410447,34318.9831975541
9921,0,0,1128.79156294009,29722.1726627667
9922,1,1,1627.89832265731,17546.9970160528
9923,0,0,625.870177750822,53756.0440632583
9924,0,0,751.366627619232,31574.4211611567
9925,0,0,1074.51453849009,41545.6835352067
9926,0,1,501.058247569098,23090.9971921175
9927,0,0,876.474860305473,39499.2768099668
9928,0,1,580.351481416073,17624.1589132221
9929,0,0,560.297082198125,28419.3543789812
9930,0,1,364.173414588991,21487.644097097
9931,0,0,898.89572800124,41268.3126108489
9932,0,1,705.930232147799,19891.3037808483
9933,0,0,846.419381894194,36115.7620857935
9934,0,0,813.364070539993,44707.6770312609
9935,0,0,528.882015990961,44538.5514600981
9936,0,0,1486.20106810862,51021.6143568027
9937,0,0,696.46575134507,37599.6201297166
9938,0,1,1775.58170109372,13735.1908717438
9939,0,0,319.60236937232,53135.3670426104
9940,0,0,879.035415033512,52945.8189085451
9941,0,1,421.957264818512,21744.9742361818
9942,0,0,449.312927967573,47494.4324934017
9943,0,0,611.179743925803,38712.3942626891
9944,0,0,461.75210433955,37617.0436674514
9945,0,1,1478.60087988669,13375.0157233803
9946,0,0,1105.46742506561,32371.4011676102
9947,0,1,734.459199314854,17619.4871763725
9948,0,0,583.307443674091,37118.8306627309
9949,0,0,456.710814525514,21892.1772113239
9950,1,0,1750.25315038805,51578.9401632488
9951,0,0,879.624128238924,33682.1861575422
9952,1,0,1515.6062385074,48688.5120858599
9953,0,0,13.9444746256727,31071.6342873546
9954,0,1,776.544280000297,14229.7281237903
9955,0,1,865.906315848438,18064.2439872939
9956,0,1,692.356317768418,18689.0521414682
9957,0,0,415.76825935316,38425.7594997552
9958,0,0,1765.9908949866,47642.4221201503
9959,0,0,1391.03387680894,53255.0211240433
9960,0,0,0.0,53946.2336524855
9961,0,1,826.741212842474,18856.900029993
9962,0,0,896.721924827569,48703.4129743348
9963,0,1,1635.17512227273,13518.9306215118
9964,0,0,453.648232351193,32178.6221698724
9965,0,0,789.551178485739,30777.8389985844
9966,0,1,905.142369281084,13485.5142357004
9967,0,0,1439.11879366717,20187.7876921825
9968,0,0,1092.53077482295,43482.7882015412
9969,0,1,871.750774173527,14247.9468496141
9970,0,0,991.335394429676,44445.5789158122
9971,0,1,1294.50040763618,25687.3260499737
9972,0,1,180.620128036497,20975.5604951022
9973,0,0,755.432800695291,14455.865364792
9974,0,0,876.119027014222,37668.3667878907
9975,0,1,933.332024817393,26051.3983197067
9976,0,0,908.315933521783,21287.9424874117
9977,0,0,218.417559204657,25401.1331213124
9978,0,1,915.439827443332,16624.3391107753
9979,1,0,2202.46239490795,47287.2571079623
9980,0,0,173.249171660872,30697.2450619625
9981,0,1,770.01574072709,13684.789951848
9982,0,0,739.418017847964,40656.9514480558
9983,0,0,623.526118935648,59441.3099813584
9984,0,0,506.625453519082,49861.0034106155
9985,0,0,875.241640429435,52861.7441970002
9986,0,0,842.949429303308,39957.1278550816
9987,0,1,401.332673531641,15332.0178326494
9988,0,0,1092.906583052,45479.4669852725
9989,0,0,0.0,41740.6865972451
9990,0,1,999.281111981561,20013.3506439162
9991,0,0,372.379238540558,25374.8990852494
9992,0,0,658.799558170067,54802.0782213359
9993,0,0,1111.64731685837,45490.6824625512
9994,0,0,938.836241425779,56633.4487439326
9995,0,1,172.412987480204,14955.9416889884
9996,0,0,711.555020492185,52992.3789139664
9997,0,0,757.962918447896,19660.7217679869
9998,0,0,845.411989217448,58636.1569838071
9999,0,0,1569.00905338372,36669.1123645833
10000,0,1,200.922182634796,16862.9523209407
